날짜,000660,003160,005290,005930,007660,014680,033160,036540,036930,039030,042700,061970,064290,067310,086390,089030,095340,102710,104830,112290,131290,166090,195870,222800,253590,281820,322310,348210,353200,357780,394280,403870,425040
2020-02-03,94700.0,3285.0,18000.0,57200.0,3261.0,108500.0,7720.0,6030.0,6950.0,106700.0,4375.0,7730.0,5340.0,4301.0,16300.0,9366.0,12150.0,28200.0,26800.0,,15000.0,17800.0,18100.0,11036.0,1405.0,20950.0,,,,,,,
2020-02-04,97100.0,3365.0,18000.0,58900.0,3352.0,109500.0,7780.0,5990.0,7070.0,109100.0,4500.0,7874.0,5650.0,4356.0,16650.0,9164.0,12100.0,28400.0,26700.0,,14800.0,17900.0,18550.0,11321.0,1535.0,21800.0,,,,,,,
2020-02-05,97700.0,3340.0,17400.0,59500.0,3395.0,110000.0,7850.0,5930.0,7070.0,107000.0,4520.0,7893.0,5860.0,4239.0,16150.0,8683.0,12200.0,27700.0,26650.0,,14050.0,17500.0,19200.0,11178.0,1540.0,21300.0,,,,,,,
2020-02-06,100500.0,3420.0,18000.0,61100.0,3482.0,110500.0,7930.0,6140.0,7170.0,107000.0,4635.0,8113.0,6220.0,4541.0,16650.0,8734.0,12300.0,27650.0,27000.0,,14650.0,17750.0,19000.0,13319.0,1560.0,21750.0,,,,,,,
2020-02-07,99300.0,3400.0,17200.0,60400.0,3503.0,108500.0,7910.0,6090.0,7070.0,106800.0,4690.0,7998.0,6240.0,4397.0,16350.0,8556.0,11800.0,28000.0,26350.0,,14050.0,17300.0,19000.0,13414.0,1505.0,21300.0,,,,,,,
2020-02-10,98800.0,3355.0,17250.0,59700.0,3486.0,110000.0,7810.0,6110.0,7080.0,106500.0,4715.0,7988.0,6640.0,4274.0,15900.0,8531.0,11800.0,27700.0,26250.0,,14800.0,17450.0,19000.0,13747.0,1500.0,21000.0,,,,,,,
2020-02-11,99800.0,3375.0,17550.0,59900.0,3534.0,113000.0,7850.0,6340.0,7340.0,111900.0,4700.0,7969.0,6640.0,4246.0,16050.0,8556.0,12700.0,28300.0,26450.0,,14600.0,17300.0,18950.0,13842.0,1530.0,21200.0,,,,,,,
2020-02-12,100000.0,3360.0,17600.0,60500.0,3672.0,111500.0,8110.0,6150.0,7440.0,109200.0,4665.0,8247.0,6900.0,4568.0,16500.0,8810.0,13100.0,28450.0,26650.0,,15450.0,17650.0,18950.0,13319.0,1620.0,22250.0,,,,,,,
2020-02-13,102000.0,3430.0,17400.0,60700.0,3598.0,107500.0,8130.0,6200.0,7490.0,110000.0,4945.0,8218.0,7430.0,4472.0,16200.0,8784.0,13450.0,28450.0,26800.0,,14850.0,19150.0,18700.0,13557.0,1715.0,21750.0,,,,,,,
2020-02-14,104500.0,3485.0,17950.0,61800.0,3676.0,108500.0,8150.0,6100.0,7550.0,111300.0,4930.0,8830.0,7760.0,4548.0,17350.0,8860.0,14700.0,29250.0,27300.0,,15050.0,20000.0,18850.0,13462.0,1750.0,23000.0,,,,,,,
2020-02-17,105000.0,3520.0,18300.0,61500.0,3663.0,108000.0,8580.0,6280.0,7800.0,113700.0,4970.0,8830.0,8250.0,4787.0,17600.0,8961.0,14400.0,30500.0,27500.0,,14700.0,20200.0,18850.0,13604.0,1765.0,22950.0,,,,,,,
2020-02-18,102000.0,3445.0,17600.0,59800.0,3572.0,105500.0,8450.0,6050.0,7490.0,105000.0,4845.0,8409.0,7850.0,4575.0,16650.0,8480.0,14000.0,28800.0,26700.0,,14500.0,19650.0,18500.0,13271.0,1665.0,21900.0,,,,,,,
2020-02-19,103500.0,3380.0,17550.0,60200.0,3516.0,106500.0,8500.0,6110.0,7410.0,108500.0,4900.0,8534.0,7990.0,4746.0,16750.0,8632.0,14300.0,28950.0,26400.0,,15150.0,19600.0,18700.0,13414.0,1700.0,22000.0,,,,,,,
2020-02-20,104000.0,3320.0,17700.0,60000.0,3460.0,106500.0,8370.0,6120.0,7420.0,108900.0,4885.0,8352.0,7710.0,4746.0,16450.0,8480.0,14350.0,29150.0,26250.0,,14650.0,19300.0,18550.0,13224.0,1690.0,21650.0,,,,,,,
2020-02-21,103000.0,3220.0,17050.0,59200.0,3395.0,103500.0,8380.0,6210.0,7120.0,108900.0,4780.0,7979.0,7940.0,4582.0,15950.0,8455.0,14100.0,27550.0,25300.0,,14100.0,18250.0,18050.0,13081.0,1710.0,21100.0,,,,,,,
2020-02-24,99500.0,3025.0,16400.0,56800.0,3205.0,99100.0,8540.0,5850.0,6890.0,101300.0,4595.0,7481.0,8170.0,4294.0,15250.0,8227.0,13600.0,26000.0,24750.0,,13150.0,17500.0,17500.0,13129.0,1590.0,19800.0,,,,,,,
2020-02-25,98000.0,3085.0,16650.0,57900.0,3222.0,96200.0,8630.0,6120.0,6940.0,104000.0,4835.0,7701.0,8120.0,4534.0,15900.0,8480.0,14200.0,26400.0,25500.0,,13750.0,17800.0,18000.0,13176.0,1665.0,20500.0,,,,,,,
2020-02-26,94600.0,3030.0,16400.0,56500.0,3235.0,96900.0,8350.0,5950.0,6740.0,101600.0,4840.0,7472.0,8370.0,4397.0,15400.0,8253.0,13650.0,25550.0,25200.0,,13250.0,17350.0,17800.0,11036.0,1625.0,20050.0,,,,,,,
2020-02-27,92800.0,2920.0,15400.0,55900.0,3105.0,96300.0,7830.0,5650.0,6390.0,94200.0,4555.0,6936.0,7670.0,4144.0,14650.0,7923.0,12700.0,24550.0,23550.0,,12900.0,16350.0,17200.0,9989.0,1560.0,18850.0,,,,,,,
2020-02-28,87900.0,2700.0,14750.0,54200.0,2794.0,92800.0,7290.0,5580.0,6040.0,88400.0,4330.0,6582.0,7580.0,3959.0,13650.0,7316.0,12150.0,23700.0,22850.0,,12600.0,16000.0,16050.0,9942.0,1500.0,17850.0,,,,,,,
2020-03-02,92100.0,2760.0,15200.0,55000.0,2924.0,93600.0,7600.0,5760.0,6210.0,94200.0,4560.0,7013.0,8150.0,4308.0,14600.0,7898.0,12650.0,24550.0,23250.0,,12900.0,16900.0,16850.0,9989.0,1550.0,18800.0,,,,,,,
2020-03-03,92800.0,2810.0,15000.0,55400.0,2941.0,93100.0,7540.0,5600.0,6190.0,91900.0,4535.0,7137.0,8140.0,4267.0,14850.0,7822.0,12600.0,24650.0,22850.0,,12600.0,16800.0,16650.0,10750.0,1540.0,19000.0,,,,,,,
2020-03-04,94300.0,2920.0,15450.0,57400.0,3040.0,94800.0,7650.0,5870.0,6370.0,93500.0,4625.0,7434.0,8990.0,4465.0,15550.0,8202.0,13500.0,26600.0,23450.0,,12900.0,17650.0,17550.0,11083.0,1585.0,19800.0,,,,,,,
2020-03-05,94900.0,2975.0,15450.0,57800.0,3053.0,94500.0,7640.0,5940.0,6360.0,96200.0,4780.0,7759.0,9500.0,4616.0,15650.0,8202.0,13700.0,28100.0,23700.0,,13300.0,18000.0,17700.0,11369.0,1590.0,20600.0,,,,,,,
2020-03-06,92600.0,2905.0,15150.0,56500.0,3027.0,93200.0,7550.0,5780.0,6270.0,93700.0,4610.0,7606.0,9640.0,4459.0,15400.0,7797.0,13400.0,27750.0,23000.0,,12700.0,17700.0,17200.0,11083.0,1580.0,19850.0,,,,,,,
2020-03-09,86900.0,2710.0,14050.0,54200.0,2811.0,90600.0,7290.0,5430.0,5930.0,88300.0,4405.0,7022.0,8290.0,4171.0,14650.0,7417.0,12400.0,26000.0,21750.0,,11800.0,16550.0,16350.0,10370.0,1485.0,19000.0,,,,,,,
2020-03-10,89100.0,2705.0,14550.0,54600.0,2816.0,92800.0,7210.0,5590.0,6040.0,90400.0,4495.0,7280.0,8330.0,4383.0,15050.0,7493.0,12900.0,26550.0,23050.0,,11850.0,16800.0,16500.0,10560.0,1495.0,19150.0,,,,,,,
2020-03-11,85500.0,2605.0,14400.0,52100.0,2660.0,91000.0,7220.0,5190.0,5760.0,84500.0,4275.0,6792.0,7960.0,4150.0,14050.0,7113.0,12100.0,25500.0,21900.0,,11300.0,16200.0,15600.0,10037.0,1440.0,18000.0,,,,,,,
2020-03-12,82800.0,2425.0,13500.0,50800.0,2426.0,87200.0,6610.0,5180.0,5250.0,72400.0,3960.0,6362.0,7540.0,3876.0,12850.0,6430.0,10750.0,23800.0,20800.0,,10400.0,14700.0,14550.0,9428.0,1305.0,16900.0,,,,,,,
2020-03-13,82500.0,2170.0,12600.0,49950.0,2175.0,82900.0,6230.0,4755.0,5050.0,64200.0,3775.0,5664.0,6680.0,3582.0,12000.0,5898.0,9780.0,21850.0,20000.0,,9560.0,13800.0,13650.0,8933.0,1180.0,15800.0,,,,,,,
2020-03-16,80600.0,2340.0,11750.0,48900.0,2102.0,81200.0,6100.0,4385.0,4810.0,61000.0,3585.0,5223.0,5920.0,3082.0,11150.0,5468.0,8660.0,21000.0,19100.0,,9000.0,12700.0,12300.0,8086.0,1050.0,15200.0,,,,,,,
2020-03-17,80400.0,2310.0,11650.0,47300.0,2093.0,80100.0,6150.0,4570.0,4840.0,60400.0,3480.0,5539.0,6090.0,3027.0,11250.0,5468.0,8430.0,21150.0,19200.0,,8570.0,12800.0,12950.0,8724.0,1085.0,15350.0,,,,,,,
2020-03-18,73100.0,2195.0,10500.0,45600.0,1920.0,75000.0,6100.0,4300.0,4500.0,54000.0,3255.0,4936.0,5570.0,2541.0,10050.0,5316.0,7400.0,18800.0,17700.0,,7920.0,11550.0,12350.0,7829.0,1000.0,14700.0,,,,,,,
2020-03-19,69000.0,1950.0,9800.0,42950.0,1544.0,66200.0,5580.0,3905.0,4075.0,40300.0,2635.0,4094.0,4570.0,2185.0,8410.0,4506.0,5920.0,14500.0,15500.0,,6500.0,10100.0,11000.0,6070.0,800.0,12800.0,,,,,,,
2020-03-20,74800.0,2030.0,11600.0,45400.0,1665.0,74100.0,5730.0,4195.0,4575.0,49000.0,3035.0,4621.0,5250.0,2421.0,9200.0,5316.0,7080.0,17600.0,16750.0,,7830.0,11500.0,12150.0,6660.0,877.0,16300.0,,,,,,,
2020-03-23,69400.0,1890.0,10550.0,42500.0,1552.0,69700.0,5020.0,3895.0,4040.0,45150.0,2805.0,4209.0,4490.0,2140.0,8230.0,4734.0,6650.0,16950.0,15500.0,,7100.0,10350.0,11800.0,5730.0,807.0,15100.0,,,,,,,
2020-03-24,78700.0,1955.0,12500.0,46950.0,1674.0,73000.0,5460.0,4340.0,4500.0,54200.0,3045.0,4802.0,5500.0,2339.0,9350.0,5721.0,7030.0,20400.0,19000.0,,8150.0,12150.0,12500.0,7050.0,877.0,16450.0,,,,,,,
2020-03-25,84500.0,2265.0,13000.0,48650.0,1989.0,76500.0,5690.0,4470.0,4850.0,60700.0,3415.0,5166.0,6190.0,2551.0,10300.0,5848.0,7350.0,21300.0,19800.0,,8970.0,12950.0,12800.0,7460.0,937.0,16500.0,,,,,,,
2020-03-26,80700.0,2350.0,13150.0,47800.0,1955.0,76200.0,5630.0,4475.0,4805.0,59300.0,3450.0,5147.0,5880.0,2719.0,10700.0,5569.0,7300.0,21700.0,18800.0,,9060.0,13150.0,13000.0,7430.0,1035.0,16300.0,,,,,,,
2020-03-27,83300.0,2325.0,13250.0,48300.0,1968.0,75600.0,5590.0,4400.0,4755.0,60600.0,3390.0,5262.0,5680.0,2760.0,11100.0,5544.0,8050.0,21600.0,18350.0,,9000.0,13500.0,13200.0,8470.0,1065.0,16550.0,,,,,,,
2020-03-30,83700.0,2325.0,13650.0,47850.0,2188.0,75800.0,5540.0,4570.0,4770.0,61000.0,3500.0,5367.0,5950.0,2760.0,11400.0,5544.0,8480.0,22700.0,18400.0,,9320.0,13850.0,13350.0,8750.0,1080.0,16600.0,,,,,,,
2020-03-31,83300.0,2400.0,13350.0,47750.0,2405.0,78900.0,5720.0,4580.0,4860.0,60600.0,3435.0,5654.0,6380.0,2787.0,11600.0,5544.0,9300.0,22500.0,18900.0,,10000.0,13850.0,13800.0,8750.0,1200.0,16600.0,,,,,,,
2020-04-01,78400.0,2385.0,12950.0,45800.0,2340.0,75500.0,5660.0,4500.0,4710.0,58500.0,3340.0,5826.0,6500.0,2753.0,11050.0,5392.0,9260.0,21300.0,18750.0,,10200.0,13350.0,13500.0,8150.0,1180.0,16650.0,,,,,,,
2020-04-02,80000.0,2415.0,13450.0,46800.0,2370.0,75000.0,5750.0,4610.0,4890.0,60500.0,3370.0,6018.0,6990.0,2825.0,11300.0,5594.0,9490.0,21650.0,19100.0,,10600.0,13450.0,13900.0,8050.0,1235.0,17400.0,,,,,,,
2020-04-03,79600.0,2420.0,13050.0,47000.0,2374.0,74100.0,5720.0,4600.0,4890.0,60600.0,3385.0,5998.0,6910.0,2815.0,11200.0,5442.0,9310.0,21000.0,18800.0,,10550.0,13350.0,13550.0,7790.0,1310.0,17100.0,,,,,,,
2020-04-06,83100.0,2565.0,14100.0,48700.0,2400.0,77600.0,5920.0,4925.0,5240.0,71200.0,3515.0,6171.0,7190.0,2952.0,11800.0,5898.0,9730.0,23200.0,20650.0,,11000.0,14200.0,14400.0,8390.0,1350.0,17850.0,,,,,,,
2020-04-07,85800.0,2800.0,14700.0,49600.0,2491.0,81500.0,6030.0,5210.0,5340.0,73700.0,3745.0,6285.0,7630.0,3051.0,12750.0,6480.0,10350.0,24150.0,22250.0,,11500.0,14850.0,15300.0,8860.0,1430.0,18200.0,,,,,,,
2020-04-08,84500.0,2925.0,14500.0,48600.0,2595.0,80500.0,6430.0,5250.0,5500.0,73500.0,3700.0,6362.0,7970.0,3082.0,12700.0,6734.0,10150.0,24250.0,22550.0,,11900.0,15300.0,15400.0,9190.0,1385.0,17900.0,,,,,,,
2020-04-09,85000.0,3010.0,14600.0,49100.0,2604.0,82500.0,6370.0,5250.0,5530.0,73700.0,3675.0,6362.0,8020.0,3089.0,13100.0,6885.0,10450.0,24900.0,22250.0,,11900.0,15600.0,15000.0,9670.0,1400.0,17950.0,,,,,,,
2020-04-10,84100.0,2960.0,14250.0,49250.0,2599.0,80700.0,6360.0,5240.0,5420.0,70900.0,3580.0,6496.0,7590.0,3017.0,12750.0,6784.0,9860.0,24200.0,22250.0,,11750.0,15300.0,15100.0,9670.0,1335.0,17600.0,,,,,,,
2020-04-13,81400.0,2870.0,13250.0,48300.0,2495.0,77900.0,6230.0,4905.0,5180.0,67600.0,3525.0,6113.0,7150.0,2822.0,11900.0,6253.0,8850.0,22900.0,21400.0,,10700.0,14400.0,14100.0,9310.0,1285.0,16800.0,,,,,,,
2020-04-14,82300.0,2920.0,13650.0,49000.0,2595.0,79900.0,6300.0,5020.0,5310.0,71400.0,3625.0,6190.0,7300.0,2900.0,12300.0,6556.0,9170.0,23950.0,22000.0,,11350.0,14750.0,14400.0,9460.0,1270.0,17100.0,,,,,,,
2020-04-16,81300.0,2925.0,14200.0,49000.0,2586.0,81300.0,6430.0,5250.0,5300.0,71400.0,3670.0,6362.0,7600.0,2979.0,12750.0,6759.0,9450.0,24450.0,22400.0,,11550.0,14900.0,14550.0,9610.0,1325.0,17250.0,,,,,,,
2020-04-17,84100.0,2960.0,14500.0,51400.0,2586.0,87700.0,6570.0,5360.0,5470.0,73000.0,3900.0,6515.0,7810.0,3096.0,13000.0,6835.0,9870.0,25300.0,23000.0,,12100.0,15250.0,14800.0,9920.0,1340.0,17800.0,,,,,,,
2020-04-20,82000.0,3060.0,14250.0,50100.0,2599.0,85200.0,6550.0,5290.0,5430.0,71600.0,3945.0,6400.0,7700.0,3054.0,12650.0,6810.0,9870.0,24750.0,22950.0,,11950.0,15000.0,14550.0,9630.0,1400.0,17650.0,,,,,,,
2020-04-21,81300.0,3130.0,14600.0,49250.0,2716.0,82500.0,6400.0,5140.0,5340.0,69900.0,3900.0,6228.0,7630.0,2962.0,12350.0,6632.0,9920.0,25000.0,22500.0,,11500.0,14850.0,13950.0,9530.0,1400.0,17300.0,,,,,,,
2020-04-22,83900.0,3255.0,14600.0,49850.0,2911.0,83000.0,6290.0,5330.0,5340.0,71300.0,3950.0,6257.0,8000.0,2962.0,12200.0,6658.0,9800.0,25800.0,22800.0,,11850.0,14950.0,13900.0,9400.0,1375.0,17400.0,,,,,,,
2020-04-23,82600.0,3370.0,14700.0,49850.0,2971.0,83900.0,6330.0,5340.0,5590.0,70400.0,3965.0,6314.0,8520.0,2959.0,12350.0,6683.0,10250.0,25950.0,23700.0,,12950.0,15300.0,14300.0,9240.0,1415.0,17850.0,,,,,,,
2020-04-24,81400.0,3280.0,14150.0,49350.0,2880.0,82500.0,6310.0,5170.0,5360.0,70000.0,3850.0,6113.0,8280.0,2972.0,11800.0,6430.0,9900.0,25750.0,22600.0,,12200.0,14750.0,13850.0,8760.0,1420.0,17600.0,,,,,,,
2020-04-27,82600.0,3250.0,14650.0,49850.0,2885.0,83700.0,6510.0,5180.0,5370.0,72200.0,3925.0,6333.0,8670.0,3390.0,12000.0,6607.0,10000.0,26550.0,23400.0,,12600.0,15000.0,14100.0,9050.0,1405.0,17750.0,,,,,,,
2020-04-28,83400.0,3300.0,14650.0,50100.0,2867.0,81900.0,6530.0,5250.0,5320.0,71100.0,3905.0,8094.0,8950.0,3424.0,12050.0,6911.0,9880.0,26200.0,24100.0,,12500.0,16400.0,14650.0,9580.0,1480.0,17600.0,,,,,,,
2020-04-29,83700.0,3250.0,15700.0,50000.0,2898.0,85800.0,6530.0,5290.0,5410.0,72500.0,3915.0,6888.0,9110.0,3318.0,12850.0,7721.0,10200.0,26500.0,24050.0,,12450.0,17450.0,14800.0,9550.0,1520.0,18050.0,,,,,,,
2020-05-04,81000.0,3170.0,16150.0,48500.0,2846.0,82300.0,6780.0,5160.0,5260.0,70400.0,3835.0,6611.0,8770.0,3304.0,12500.0,7670.0,10150.0,26000.0,23700.0,,12250.0,16500.0,14950.0,9170.0,1505.0,17850.0,,,,,,,
2020-05-06,82400.0,3260.0,16950.0,49200.0,2854.0,83900.0,6800.0,5270.0,5400.0,74100.0,3985.0,6754.0,8920.0,3335.0,13100.0,8354.0,10850.0,26100.0,24400.0,,12300.0,17050.0,14900.0,9810.0,1595.0,18600.0,,,,,,,
2020-05-07,82400.0,3270.0,17700.0,48800.0,3084.0,83300.0,6840.0,5690.0,5580.0,76800.0,4190.0,7032.0,8960.0,3387.0,13600.0,8303.0,11500.0,26550.0,24500.0,,12750.0,17600.0,15200.0,9810.0,1620.0,18800.0,,,,,,,
2020-05-08,85000.0,3325.0,18000.0,48800.0,3088.0,89000.0,7010.0,5680.0,5790.0,81800.0,4375.0,6936.0,9360.0,3534.0,14400.0,8936.0,11700.0,27000.0,24750.0,,13400.0,17400.0,15650.0,9990.0,1600.0,19200.0,,,,,,,
2020-05-11,84500.0,3335.0,17650.0,48400.0,3079.0,87100.0,6980.0,5650.0,5640.0,83500.0,4485.0,6965.0,9030.0,3411.0,14200.0,9164.0,11850.0,26550.0,24400.0,,13250.0,17350.0,16000.0,9940.0,1670.0,19400.0,,,,,,,
2020-05-12,85700.0,3210.0,17500.0,47900.0,3170.0,85000.0,6820.0,5460.0,5480.0,81600.0,4400.0,6926.0,8720.0,3298.0,14000.0,9113.0,11450.0,26000.0,24000.0,,13050.0,16900.0,16200.0,9850.0,1670.0,19000.0,,,,,,,
2020-05-13,83600.0,3155.0,18000.0,48550.0,3278.0,85400.0,6940.0,5520.0,5490.0,81500.0,4245.0,6936.0,8880.0,3284.0,13500.0,8860.0,11400.0,26500.0,23900.0,,13250.0,16700.0,15900.0,9870.0,1780.0,18700.0,,,,,,,
2020-05-14,80600.0,3245.0,17600.0,48000.0,3192.0,87700.0,6870.0,5390.0,5370.0,79100.0,4120.0,6773.0,9070.0,3191.0,13000.0,8632.0,10950.0,25900.0,23200.0,,13100.0,16800.0,15900.0,9620.0,1795.0,18400.0,,,,,,,
2020-05-15,81900.0,3345.0,17300.0,47850.0,3222.0,97900.0,6870.0,5570.0,5340.0,80900.0,4245.0,6898.0,9830.0,3342.0,13500.0,8708.0,11550.0,28000.0,24000.0,,15800.0,17450.0,16150.0,9720.0,1870.0,19250.0,,,,,,,
2020-05-18,81100.0,3410.0,17850.0,48800.0,3101.0,98300.0,7080.0,5570.0,5260.0,83000.0,4330.0,6965.0,10850.0,3315.0,12700.0,8987.0,14000.0,30000.0,24300.0,,17800.0,16850.0,15950.0,10750.0,1900.0,18950.0,,,,,,,
2020-05-19,82700.0,3430.0,18150.0,50300.0,3162.0,99000.0,7250.0,5580.0,5600.0,85400.0,4290.0,7127.0,10700.0,3369.0,13050.0,8835.0,14100.0,30000.0,24600.0,,17600.0,18550.0,16150.0,11000.0,1975.0,19150.0,,,,,,,
2020-05-20,84100.0,3550.0,18550.0,50000.0,3192.0,97600.0,7250.0,5700.0,5690.0,92000.0,4800.0,7300.0,11350.0,3541.0,13850.0,9721.0,14400.0,30000.0,25100.0,,18300.0,19950.0,16650.0,11750.0,1945.0,20750.0,,,,,,,
2020-05-21,83400.0,3665.0,18700.0,49950.0,3287.0,100500.0,7600.0,5870.0,5900.0,92000.0,4750.0,7175.0,10850.0,3493.0,14200.0,9518.0,15800.0,30750.0,24500.0,,18700.0,19800.0,17350.0,11700.0,1905.0,21800.0,,,9930.0,,,,
2020-05-22,81300.0,3580.0,18200.0,48750.0,3205.0,98200.0,7560.0,5680.0,5760.0,90300.0,4635.0,6974.0,10600.0,3359.0,13950.0,10025.0,17850.0,29700.0,23500.0,,19500.0,19300.0,16650.0,12350.0,1860.0,21300.0,,,9900.0,,,,
2020-05-25,81400.0,3700.0,18350.0,48850.0,3183.0,101500.0,7660.0,5830.0,5830.0,92000.0,4995.0,7261.0,10650.0,3705.0,15700.0,9999.0,18650.0,29900.0,25000.0,,21000.0,19550.0,17300.0,12400.0,1930.0,21850.0,,,9690.0,,,,
2020-05-26,81900.0,3680.0,18250.0,49250.0,3274.0,106500.0,7980.0,5880.0,5840.0,91800.0,4900.0,7338.0,10300.0,3938.0,15800.0,9696.0,18200.0,31250.0,25500.0,,20100.0,19000.0,16900.0,12200.0,1915.0,21200.0,,,9350.0,,,,
2020-05-27,81400.0,3745.0,17850.0,49900.0,3209.0,101000.0,7870.0,5660.0,5790.0,91100.0,4700.0,7338.0,9980.0,3801.0,15350.0,9468.0,17100.0,29750.0,24550.0,,19400.0,18550.0,16300.0,12000.0,2050.0,20850.0,,,9540.0,,,,
2020-05-28,83900.0,3700.0,17050.0,50400.0,3114.0,98800.0,7660.0,5420.0,5650.0,86400.0,4500.0,7013.0,9690.0,3630.0,14600.0,9012.0,17300.0,28200.0,23750.0,,18550.0,17600.0,16100.0,11550.0,2005.0,20600.0,,,9540.0,,,,
2020-05-29,81500.0,3745.0,17900.0,50700.0,3049.0,97500.0,7700.0,5530.0,5400.0,87900.0,4615.0,6974.0,9310.0,3575.0,14450.0,8784.0,16600.0,27600.0,23650.0,,18250.0,17700.0,15850.0,11350.0,2190.0,20350.0,,,9260.0,,,,
2020-06-01,83600.0,3740.0,18100.0,51200.0,3144.0,102000.0,7700.0,5570.0,5640.0,92300.0,4600.0,7261.0,10400.0,3876.0,15300.0,9341.0,16950.0,29400.0,24550.0,,19550.0,18750.0,16550.0,12250.0,2205.0,20900.0,,,9050.0,,,,
2020-06-02,83300.0,3740.0,19650.0,51400.0,3205.0,110500.0,7770.0,5500.0,5770.0,91500.0,4580.0,8419.0,10200.0,3787.0,15350.0,9341.0,17100.0,30100.0,25800.0,,20100.0,18950.0,16950.0,12250.0,2410.0,21400.0,,,9290.0,,,,
2020-06-03,88700.0,3825.0,19100.0,54500.0,3179.0,109500.0,7750.0,5460.0,5820.0,90500.0,4460.0,8553.0,9690.0,3774.0,15000.0,9063.0,16450.0,29250.0,25800.0,,19650.0,18500.0,16800.0,12450.0,2625.0,21050.0,,,9400.0,,,,
2020-06-04,87700.0,3895.0,19550.0,54600.0,3179.0,115000.0,7910.0,5480.0,5850.0,90900.0,4420.0,9070.0,10600.0,3746.0,15050.0,9012.0,17450.0,29600.0,25250.0,,20700.0,18400.0,16900.0,12250.0,2600.0,21000.0,,,9550.0,,,,
2020-06-05,90400.0,3850.0,20650.0,55500.0,3157.0,115500.0,8270.0,5520.0,5960.0,91700.0,4390.0,8706.0,10600.0,3787.0,14850.0,9113.0,16800.0,30300.0,25600.0,,20800.0,18500.0,16850.0,12250.0,2620.0,21100.0,,,9540.0,,,,
2020-06-08,91000.0,3750.0,20600.0,54900.0,3144.0,114500.0,8310.0,5500.0,5950.0,90600.0,4330.0,9089.0,11100.0,3678.0,14550.0,9063.0,17200.0,29750.0,25150.0,,21700.0,18400.0,16650.0,11950.0,2710.0,21150.0,,,9420.0,,,,
2020-06-09,89800.0,3760.0,21300.0,55500.0,3205.0,113000.0,8270.0,5420.0,5870.0,90400.0,4225.0,9041.0,10750.0,3678.0,14300.0,9139.0,16800.0,29300.0,25250.0,,21200.0,17950.0,16500.0,12000.0,2590.0,20850.0,,,9300.0,,,,
2020-06-10,90800.0,3670.0,21350.0,55400.0,3162.0,120000.0,8280.0,5430.0,5860.0,89600.0,4310.0,9204.0,10550.0,3657.0,14300.0,9468.0,16500.0,28850.0,25050.0,,20500.0,18600.0,16800.0,12100.0,2535.0,21600.0,,,9100.0,,,,
2020-06-11,88500.0,3600.0,21750.0,54300.0,3179.0,114500.0,8170.0,5310.0,5660.0,87600.0,4225.0,8658.0,10450.0,3534.0,13800.0,9139.0,16200.0,28650.0,24400.0,,20450.0,18200.0,16400.0,11650.0,2475.0,20850.0,,,9070.0,,,,
2020-06-12,85200.0,3450.0,21200.0,52300.0,3084.0,118500.0,7920.0,5090.0,5500.0,83500.0,4060.0,8409.0,10150.0,3369.0,13500.0,8936.0,16300.0,27850.0,23850.0,,19700.0,17750.0,15800.0,11100.0,2490.0,19900.0,,,8700.0,,,,
2020-06-15,82000.0,3300.0,18300.0,49900.0,2785.0,109500.0,7380.0,4600.0,5050.0,73000.0,3800.0,7376.0,9140.0,3000.0,12250.0,8025.0,14450.0,25050.0,21500.0,,17650.0,16000.0,14450.0,9950.0,2170.0,18650.0,,,7800.0,,,,
2020-06-16,85400.0,3360.0,20250.0,52100.0,2958.0,113000.0,7930.0,4885.0,5320.0,78500.0,3885.0,7749.0,10000.0,3167.0,13000.0,8556.0,15050.0,26500.0,23150.0,,18650.0,17200.0,15150.0,10700.0,2310.0,19750.0,,,8080.0,,,,
2020-06-17,86800.0,3360.0,20250.0,52200.0,2902.0,114500.0,8200.0,4935.0,5320.0,86000.0,3890.0,7625.0,10850.0,3209.0,13300.0,8658.0,15800.0,27150.0,23250.0,,19050.0,17600.0,15000.0,10600.0,2330.0,20200.0,,,7870.0,,,,
2020-06-18,86200.0,3360.0,21800.0,52300.0,2937.0,121500.0,8010.0,4940.0,5300.0,85400.0,3930.0,7644.0,10750.0,3226.0,13050.0,8582.0,15650.0,27850.0,23750.0,,19000.0,18700.0,14850.0,10900.0,2405.0,20300.0,,,8310.0,,,,
2020-06-19,85400.0,3350.0,22900.0,52900.0,2937.0,124500.0,8130.0,5000.0,5350.0,85800.0,4040.0,8055.0,12800.0,3277.0,13200.0,8961.0,16350.0,32000.0,23800.0,,19300.0,19550.0,15150.0,11450.0,2455.0,20250.0,,,8250.0,,,,
2020-06-22,84900.0,3625.0,23850.0,52000.0,3097.0,127000.0,8060.0,4975.0,5340.0,88400.0,4005.0,7826.0,12950.0,3318.0,13350.0,9012.0,16200.0,33800.0,24150.0,,19500.0,20700.0,15100.0,11200.0,2370.0,21200.0,,,8010.0,,,,
2020-06-23,84100.0,3545.0,23200.0,51400.0,3066.0,125000.0,7900.0,4925.0,5410.0,85300.0,3935.0,7941.0,12800.0,3253.0,13100.0,8734.0,17350.0,33000.0,24300.0,,22400.0,20850.0,15300.0,11200.0,2315.0,21150.0,,,8130.0,,,,
2020-06-24,86000.0,4370.0,26450.0,52900.0,3088.0,129000.0,7950.0,4970.0,5540.0,88600.0,3960.0,8180.0,13250.0,3328.0,13150.0,8860.0,17450.0,35700.0,25350.0,,24150.0,21350.0,15300.0,11450.0,2295.0,20900.0,,,8100.0,,,,
2020-06-25,84300.0,4165.0,28450.0,51900.0,3014.0,133000.0,7700.0,4810.0,5420.0,86300.0,3860.0,7854.0,12850.0,3188.0,12700.0,8531.0,17450.0,36650.0,25450.0,,24850.0,20300.0,15100.0,10800.0,2255.0,20500.0,,,7970.0,,,,
2020-06-26,84600.0,4100.0,27000.0,53300.0,3179.0,132000.0,7610.0,4860.0,5690.0,90500.0,3845.0,7768.0,12150.0,3191.0,12450.0,8455.0,16900.0,34950.0,25600.0,,24000.0,20200.0,14950.0,10950.0,2300.0,20500.0,,,7950.0,,,,
2020-06-29,83600.0,4010.0,28250.0,52400.0,3049.0,129000.0,7500.0,4710.0,5520.0,88000.0,3710.0,7634.0,12250.0,3075.0,12000.0,8227.0,16450.0,34600.0,27450.0,,25500.0,20550.0,14750.0,10500.0,2470.0,20550.0,,,7750.0,,,,
2020-06-30,85100.0,4020.0,28150.0,52800.0,3019.0,127000.0,7590.0,5010.0,5600.0,94500.0,3735.0,7749.0,12150.0,3157.0,12200.0,8936.0,16600.0,35050.0,27400.0,,26500.0,20650.0,15000.0,10550.0,2390.0,22300.0,,,7760.0,,,,
2020-07-01,85300.0,3765.0,27200.0,52600.0,2984.0,131500.0,8050.0,4915.0,6820.0,98700.0,3715.0,7644.0,12400.0,3150.0,12500.0,8987.0,16700.0,33900.0,28550.0,,26550.0,20500.0,14850.0,10550.0,2390.0,22200.0,,,7920.0,,,,
2020-07-02,84400.0,3810.0,28000.0,52900.0,3036.0,131500.0,7930.0,4980.0,6640.0,100700.0,3680.0,7797.0,13100.0,3167.0,12500.0,9037.0,18150.0,34450.0,28350.0,,26000.0,20600.0,15200.0,10800.0,2500.0,22900.0,,,7980.0,,,,
2020-07-03,85400.0,3915.0,27400.0,53600.0,3053.0,134500.0,8190.0,4985.0,7030.0,100000.0,3940.0,8333.0,13000.0,3171.0,12500.0,8835.0,18000.0,33700.0,27500.0,,27550.0,20200.0,15800.0,10800.0,2495.0,22950.0,,,7890.0,,,,
2020-07-06,86000.0,4100.0,29300.0,55000.0,3131.0,135500.0,8290.0,5170.0,7200.0,106500.0,4045.0,8744.0,13200.0,3311.0,12650.0,9164.0,19000.0,36200.0,27800.0,,27600.0,21250.0,15850.0,11450.0,2540.0,24100.0,,,8150.0,,,,
2020-07-07,84800.0,3970.0,28400.0,53400.0,3140.0,130500.0,8100.0,5040.0,7290.0,105300.0,3960.0,8295.0,14300.0,3260.0,12350.0,8885.0,18550.0,36700.0,27450.0,,29200.0,22850.0,15400.0,11100.0,2445.0,23350.0,,,8700.0,,,,
2020-07-08,83700.0,4015.0,28750.0,53000.0,3261.0,130500.0,8240.0,5010.0,7130.0,103600.0,4185.0,8189.0,14850.0,3284.0,12500.0,9366.0,18300.0,36450.0,27650.0,,30300.0,24650.0,15750.0,10800.0,2525.0,22800.0,,,8550.0,,,,
2020-07-09,83000.0,3920.0,28400.0,52800.0,3434.0,137000.0,8200.0,5070.0,7200.0,109900.0,4260.0,8247.0,14400.0,3291.0,13200.0,9569.0,18500.0,37100.0,28700.0,,33000.0,25000.0,18150.0,12350.0,2530.0,24150.0,,,8870.0,,,,
2020-07-10,82800.0,4060.0,30400.0,52700.0,3624.0,139500.0,8140.0,5000.0,7830.0,113500.0,4340.0,8094.0,14750.0,3287.0,13250.0,9772.0,18200.0,38950.0,27650.0,,32900.0,24500.0,18550.0,12600.0,2550.0,23300.0,,,8680.0,,,,
2020-07-13,83000.0,4055.0,31100.0,53400.0,3451.0,141500.0,9170.0,5100.0,7890.0,112300.0,4465.0,8170.0,15250.0,3349.0,14700.0,9974.0,18000.0,45200.0,27650.0,,31600.0,24600.0,19000.0,12700.0,2600.0,24200.0,,,8500.0,,,,
2020-07-14,82900.0,3955.0,30350.0,53800.0,3482.0,141500.0,9670.0,5020.0,7550.0,109200.0,4620.0,8409.0,14850.0,3301.0,15800.0,10911.0,18650.0,42250.0,27150.0,,32500.0,23950.0,18850.0,13300.0,2545.0,23400.0,,,9150.0,,,,
2020-07-15,83000.0,3955.0,29600.0,54700.0,3875.0,148500.0,10700.0,5350.0,8030.0,111200.0,4570.0,8295.0,14750.0,3500.0,15850.0,10987.0,20800.0,42850.0,27400.0,,32200.0,23200.0,19150.0,15000.0,2660.0,22800.0,,,11850.0,,,,
2020-07-16,82700.0,4280.0,28650.0,53800.0,3923.0,154000.0,10600.0,5150.0,7760.0,104300.0,4455.0,8228.0,14050.0,3424.0,15800.0,10759.0,20350.0,40000.0,27700.0,,30800.0,22300.0,18400.0,15150.0,2650.0,22400.0,,,11650.0,,,,
2020-07-17,82900.0,4310.0,28850.0,54400.0,3914.0,149000.0,10600.0,5210.0,7720.0,106100.0,4905.0,8582.0,15250.0,3465.0,16250.0,10759.0,20900.0,42900.0,28050.0,,32150.0,23000.0,18650.0,15350.0,2685.0,22900.0,,,12250.0,,,,
2020-07-20,82200.0,4315.0,28800.0,54200.0,3940.0,144000.0,10950.0,5550.0,7690.0,102200.0,4805.0,8505.0,14700.0,3657.0,15050.0,10455.0,20500.0,42700.0,27600.0,,31500.0,23250.0,18600.0,15950.0,2750.0,22850.0,,,12300.0,,,,
2020-07-21,84100.0,4280.0,29400.0,55300.0,3919.0,153000.0,10600.0,5610.0,7700.0,104900.0,5575.0,8409.0,15200.0,3657.0,14850.0,10784.0,22450.0,44000.0,28200.0,,31900.0,24450.0,18300.0,16150.0,2770.0,22750.0,,,11700.0,,,,
2020-07-22,83200.0,4220.0,31550.0,54700.0,3867.0,154000.0,10050.0,5590.0,7700.0,106200.0,5725.0,8400.0,16000.0,3657.0,14750.0,10759.0,21250.0,47000.0,29000.0,,32800.0,25850.0,18400.0,16300.0,2780.0,23200.0,,,12600.0,,,,
2020-07-23,82400.0,4095.0,31650.0,54100.0,3858.0,154500.0,10050.0,5600.0,7530.0,108700.0,5900.0,8275.0,16450.0,3554.0,14700.0,10379.0,20300.0,47450.0,27950.0,,31900.0,25650.0,19050.0,15950.0,2830.0,23350.0,,,12950.0,,,,
2020-07-24,83700.0,4070.0,30700.0,54200.0,3694.0,147500.0,9800.0,5490.0,7400.0,104000.0,5950.0,8275.0,15300.0,3520.0,14250.0,10126.0,19950.0,45150.0,27550.0,,30950.0,24950.0,18400.0,15450.0,2910.0,22550.0,,,12350.0,,,,
2020-07-27,82800.0,4130.0,30850.0,55600.0,3806.0,149500.0,9850.0,6070.0,7320.0,103400.0,6100.0,8706.0,14350.0,3698.0,14850.0,10354.0,21350.0,45100.0,27500.0,,33750.0,24750.0,19350.0,15600.0,3330.0,22650.0,,,12700.0,,,,
2020-07-28,83100.0,4115.0,32450.0,58600.0,3797.0,153500.0,9590.0,6150.0,7180.0,114200.0,6125.0,8572.0,14900.0,3842.0,15050.0,10734.0,21150.0,46350.0,28200.0,,34700.0,24750.0,18850.0,15500.0,3330.0,23100.0,,,13600.0,,,,
2020-07-29,83200.0,4145.0,32200.0,59000.0,3806.0,151500.0,9820.0,6210.0,7300.0,112400.0,6175.0,9070.0,14450.0,3774.0,15350.0,10658.0,21200.0,47950.0,28700.0,,35800.0,24900.0,18900.0,15150.0,3230.0,23050.0,,,13350.0,,,,
2020-07-30,85300.0,4310.0,32750.0,59000.0,3832.0,152000.0,10100.0,6180.0,7350.0,115000.0,6150.0,8725.0,14350.0,3671.0,15550.0,11215.0,22600.0,48750.0,29800.0,,37500.0,26150.0,20400.0,19650.0,3115.0,23600.0,,,13800.0,,,,
2020-07-31,82800.0,4235.0,31600.0,57900.0,3707.0,151500.0,9950.0,6120.0,6990.0,110800.0,5925.0,9031.0,14200.0,3774.0,15000.0,10784.0,22250.0,47900.0,28850.0,,40800.0,25450.0,20650.0,19250.0,3125.0,23200.0,,,14000.0,,,,
2020-08-03,81800.0,4235.0,33650.0,56800.0,3451.0,161000.0,9750.0,6170.0,7150.0,110700.0,6100.0,9711.0,15000.0,3780.0,15200.0,10911.0,22400.0,49000.0,29100.0,,39100.0,26750.0,20650.0,20250.0,3050.0,23400.0,,,13550.0,,,,
2020-08-04,81600.0,4245.0,33700.0,57300.0,3451.0,158000.0,10300.0,6010.0,7150.0,113400.0,6075.0,9902.0,15400.0,3712.0,15250.0,11088.0,21750.0,48050.0,29300.0,,37700.0,27750.0,20450.0,21050.0,3060.0,23200.0,,,13200.0,,,,
2020-08-05,80700.0,4260.0,35300.0,56900.0,3529.0,158500.0,10500.0,6070.0,7200.0,120000.0,5950.0,10667.0,15300.0,3952.0,15900.0,10961.0,21850.0,49200.0,28700.0,,37100.0,27750.0,20400.0,20950.0,2950.0,23200.0,,,12800.0,,,,
2020-08-06,81100.0,4465.0,37250.0,58000.0,3629.0,163000.0,10300.0,5900.0,7250.0,121900.0,5850.0,10428.0,15200.0,4965.0,16150.0,10860.0,21300.0,49800.0,30550.0,,40000.0,27150.0,20300.0,20200.0,2980.0,23550.0,,,12850.0,262000.0,,,
2020-08-07,80600.0,4380.0,37650.0,57500.0,3728.0,172000.0,11150.0,5950.0,7700.0,126200.0,5875.0,10380.0,14850.0,5000.0,15750.0,10556.0,20900.0,49950.0,29500.0,,38600.0,26000.0,19950.0,19250.0,2835.0,23050.0,,,12400.0,282000.0,,,
2020-08-10,81400.0,4290.0,37700.0,57800.0,3694.0,177000.0,12400.0,5900.0,7890.0,126000.0,5900.0,9806.0,15100.0,5164.0,15600.0,10202.0,21600.0,49300.0,28950.0,,39150.0,26050.0,20750.0,20250.0,2970.0,22550.0,,,12450.0,256900.0,,,
2020-08-11,81300.0,4685.0,36700.0,58200.0,3598.0,173500.0,12400.0,5870.0,7850.0,122500.0,6100.0,9615.0,14850.0,4828.0,15500.0,10404.0,20950.0,46950.0,28800.0,,40000.0,23800.0,20250.0,20400.0,3000.0,22200.0,,,13250.0,241000.0,,,
2020-08-12,81000.0,4485.0,35250.0,59000.0,3547.0,162500.0,12100.0,5720.0,7500.0,117700.0,5850.0,9538.0,14100.0,4781.0,14900.0,10126.0,20850.0,44350.0,28250.0,,43650.0,23450.0,20750.0,19950.0,3000.0,21450.0,,,13200.0,248000.0,,,
2020-08-13,80700.0,4655.0,33600.0,58700.0,4239.0,161000.0,11600.0,6060.0,7490.0,118800.0,5700.0,9538.0,14100.0,4801.0,15400.0,10126.0,20450.0,46050.0,27900.0,,41500.0,22850.0,20700.0,19900.0,2970.0,21400.0,,,13050.0,247800.0,,,
2020-08-14,80200.0,4480.0,34200.0,58000.0,4195.0,156500.0,11000.0,5750.0,7250.0,118000.0,5500.0,9194.0,13500.0,4678.0,14950.0,9847.0,20350.0,45950.0,27600.0,,42250.0,22600.0,20150.0,19250.0,2890.0,21850.0,,,12400.0,236100.0,,,
2020-08-18,78100.0,4095.0,31300.0,58400.0,4239.0,159500.0,10050.0,5360.0,6690.0,114500.0,5225.0,8658.0,12700.0,4417.0,14250.0,9442.0,19100.0,45000.0,25900.0,,39800.0,21450.0,19000.0,17900.0,2830.0,20700.0,,,10900.0,214000.0,,,
2020-08-19,75000.0,4220.0,33200.0,57800.0,4191.0,157000.0,10200.0,5400.0,6760.0,119300.0,5400.0,8974.0,13700.0,4397.0,13950.0,9999.0,19950.0,46350.0,26350.0,,40550.0,22000.0,19250.0,18350.0,2945.0,20700.0,,,10900.0,222400.0,,,
2020-08-20,71800.0,3900.0,31350.0,55400.0,4022.0,147000.0,9370.0,4980.0,6220.0,108800.0,4955.0,8275.0,13000.0,4048.0,12750.0,9366.0,18100.0,42750.0,24250.0,,38200.0,20550.0,18000.0,16750.0,2730.0,19200.0,,,10300.0,207500.0,,,
2020-08-21,74500.0,3755.0,34200.0,55900.0,4096.0,148500.0,9560.0,4935.0,6270.0,110300.0,4990.0,8333.0,12700.0,4144.0,13300.0,9316.0,17800.0,43000.0,24450.0,,38900.0,21200.0,18300.0,17000.0,2750.0,19800.0,,,10700.0,214300.0,,,
2020-08-24,75500.0,3895.0,34000.0,56100.0,4438.0,154500.0,9750.0,4880.0,6630.0,110400.0,5000.0,8457.0,14000.0,4185.0,13750.0,9417.0,17850.0,43700.0,25800.0,,37850.0,21400.0,18600.0,17350.0,2850.0,19900.0,,,11000.0,221000.0,,,
2020-08-25,77000.0,3950.0,34350.0,56400.0,4386.0,154000.0,10550.0,5040.0,6820.0,117000.0,5150.0,8926.0,14300.0,4548.0,14400.0,9898.0,18350.0,43900.0,26700.0,,38150.0,22750.0,19450.0,18250.0,2840.0,20150.0,,,11700.0,235600.0,,,
2020-08-26,78800.0,3985.0,35550.0,56400.0,4351.0,155000.0,10800.0,5000.0,6690.0,116700.0,5050.0,8850.0,13850.0,4445.0,15400.0,9847.0,17900.0,43300.0,25850.0,,37000.0,23300.0,19600.0,17950.0,2820.0,20200.0,,,11600.0,232000.0,,,
2020-08-27,79100.0,3895.0,34700.0,55600.0,4239.0,164500.0,10550.0,4885.0,6460.0,113200.0,4900.0,8572.0,13300.0,4239.0,14650.0,9493.0,17400.0,44150.0,25000.0,,36500.0,22700.0,19000.0,17550.0,2840.0,19750.0,,,11050.0,225000.0,,,
2020-08-28,77800.0,3915.0,33900.0,55400.0,4403.0,164000.0,10400.0,4895.0,6500.0,112800.0,4985.0,8907.0,14250.0,4370.0,14900.0,9645.0,17650.0,43450.0,24800.0,,35900.0,22500.0,18850.0,18000.0,2855.0,19500.0,,,10900.0,216900.0,,,
2020-08-31,75100.0,4045.0,33200.0,54000.0,4645.0,161500.0,10250.0,4990.0,6540.0,112300.0,5050.0,9175.0,15000.0,4459.0,14900.0,9645.0,17850.0,42300.0,24500.0,,36150.0,21950.0,18950.0,17250.0,2800.0,20050.0,,,10950.0,216800.0,,,
2020-09-01,75200.0,4090.0,33250.0,54200.0,4585.0,157500.0,10250.0,5210.0,6640.0,112000.0,5125.0,9089.0,15300.0,4411.0,16200.0,9797.0,19400.0,42100.0,26450.0,,36400.0,22900.0,19100.0,17750.0,3000.0,21300.0,,,11000.0,210300.0,,,
2020-09-02,75500.0,4100.0,33500.0,54400.0,4654.0,157500.0,10300.0,5210.0,6730.0,114500.0,5150.0,9270.0,15600.0,4760.0,16050.0,10328.0,20050.0,44100.0,26600.0,,36900.0,23100.0,19150.0,19000.0,2990.0,21050.0,,,11600.0,210100.0,,,
2020-09-03,78700.0,4165.0,34300.0,56400.0,4654.0,158000.0,10350.0,5310.0,7140.0,116000.0,5350.0,9385.0,15850.0,4959.0,16350.0,10607.0,20050.0,46800.0,27150.0,,38800.0,23900.0,19700.0,20200.0,3045.0,21400.0,,,11700.0,223000.0,,,
2020-09-04,78700.0,4075.0,33200.0,55600.0,4455.0,156000.0,10100.0,5160.0,7050.0,110800.0,5250.0,9031.0,15350.0,4849.0,17850.0,10202.0,19400.0,45000.0,26200.0,,37750.0,22450.0,19350.0,20750.0,2955.0,20900.0,,,11300.0,213200.0,,,
2020-09-07,78400.0,4130.0,32700.0,56500.0,4887.0,152500.0,10400.0,5170.0,7650.0,107700.0,5250.0,8878.0,14900.0,5096.0,23200.0,10075.0,19500.0,45150.0,26400.0,,36850.0,22150.0,19950.0,20050.0,2950.0,20750.0,,,11850.0,216500.0,,,
2020-09-08,79400.0,4165.0,32300.0,58700.0,4714.0,152000.0,10300.0,5400.0,7660.0,107500.0,5650.0,9711.0,15700.0,5561.0,23250.0,10126.0,19650.0,45900.0,26600.0,,38500.0,23150.0,20150.0,19850.0,2970.0,20900.0,,,11750.0,213100.0,,,
2020-09-09,77300.0,4065.0,31600.0,58400.0,4810.0,148500.0,10150.0,5290.0,7500.0,104400.0,5750.0,9615.0,15150.0,5287.0,25750.0,10227.0,19050.0,43700.0,26200.0,,37550.0,22400.0,19900.0,20950.0,2920.0,20600.0,,,11850.0,207000.0,,,
2020-09-10,76600.0,4235.0,32650.0,59200.0,4948.0,149000.0,10400.0,5640.0,7320.0,106700.0,5750.0,10476.0,15450.0,6212.0,26500.0,10303.0,18900.0,44450.0,27250.0,,37500.0,23950.0,20750.0,21600.0,2925.0,20550.0,,,12050.0,207700.0,,,
2020-09-11,78400.0,4235.0,31950.0,59000.0,4974.0,152500.0,10150.0,5560.0,7240.0,104100.0,5575.0,10476.0,15200.0,6397.0,26050.0,10278.0,18850.0,44100.0,27400.0,,39450.0,25200.0,20650.0,20700.0,3185.0,20750.0,,,12350.0,204700.0,,,
2020-09-14,80000.0,4240.0,32500.0,60400.0,4896.0,151500.0,11400.0,5630.0,7300.0,108700.0,5650.0,10524.0,15000.0,6349.0,25050.0,11037.0,20400.0,45950.0,27500.0,,39700.0,25200.0,20750.0,19900.0,3195.0,21400.0,,,12700.0,213400.0,,,
2020-09-15,81900.0,4300.0,34450.0,61000.0,4957.0,151500.0,11000.0,5560.0,7170.0,108600.0,5525.0,10428.0,15700.0,6185.0,23700.0,10936.0,20100.0,45500.0,27400.0,,39000.0,24500.0,20650.0,20000.0,4150.0,21300.0,,,12300.0,231500.0,,,
2020-09-16,81500.0,4180.0,32900.0,61000.0,4853.0,148000.0,11100.0,5420.0,7100.0,104100.0,5400.0,10189.0,15350.0,6082.0,22800.0,10404.0,19350.0,44100.0,26800.0,,38200.0,23650.0,20050.0,19400.0,3730.0,21000.0,,,11900.0,229800.0,,,
2020-09-17,82200.0,4115.0,31900.0,59500.0,4689.0,148000.0,10950.0,5290.0,7310.0,103800.0,5250.0,9950.0,14500.0,5856.0,22450.0,10126.0,18800.0,42450.0,26700.0,,37000.0,23300.0,19800.0,19500.0,3790.0,20750.0,,,11600.0,225000.0,,,
2020-09-18,83700.0,4035.0,31300.0,59300.0,4706.0,150000.0,11900.0,5330.0,7230.0,102800.0,5250.0,10428.0,14450.0,5938.0,23250.0,10253.0,19300.0,42850.0,28100.0,,37450.0,23850.0,19650.0,19300.0,3505.0,20850.0,,,11550.0,233100.0,,,
2020-09-21,84500.0,4020.0,29550.0,59200.0,4342.0,144000.0,12200.0,5220.0,7080.0,100000.0,5125.0,10093.0,13900.0,5568.0,22450.0,9746.0,18300.0,42100.0,27350.0,,36000.0,22800.0,19400.0,18350.0,3310.0,20550.0,,,11100.0,225300.0,,,
2020-09-22,81300.0,3945.0,29450.0,58200.0,4100.0,139000.0,11500.0,4995.0,6880.0,96400.0,5050.0,10237.0,13500.0,5596.0,21400.0,9544.0,17800.0,40550.0,26800.0,,35700.0,21900.0,18700.0,18400.0,3230.0,19700.0,,,10700.0,215400.0,,,
2020-09-23,83600.0,3850.0,30000.0,58600.0,4031.0,143000.0,10550.0,5110.0,6890.0,101000.0,5150.0,10141.0,13900.0,5616.0,23250.0,9822.0,19000.0,43250.0,27900.0,,35550.0,23150.0,19750.0,18400.0,3270.0,19750.0,,,10850.0,217000.0,,,
2020-09-24,84300.0,3720.0,28350.0,57800.0,3689.0,136500.0,9780.0,5010.0,6670.0,96500.0,5000.0,9615.0,13150.0,5602.0,23950.0,9442.0,17750.0,41000.0,27150.0,,34250.0,23050.0,18950.0,16950.0,3030.0,19800.0,,,10200.0,209300.0,,,
2020-09-25,82900.0,3690.0,28850.0,57900.0,3689.0,138500.0,9740.0,5010.0,6680.0,95600.0,4950.0,9902.0,13250.0,5890.0,22550.0,9569.0,17750.0,41650.0,27700.0,,33950.0,23500.0,18800.0,17100.0,3030.0,20500.0,,,10250.0,213000.0,,,
2020-09-28,82500.0,3845.0,29750.0,58200.0,3867.0,141500.0,10350.0,5110.0,6910.0,98800.0,5175.0,10572.0,13700.0,6075.0,25600.0,9949.0,18600.0,43400.0,28300.0,,35050.0,24650.0,19350.0,18300.0,3175.0,22450.0,,,10700.0,215900.0,,,
2020-09-29,84000.0,3855.0,29650.0,58200.0,3897.0,149500.0,10250.0,5090.0,6960.0,99100.0,5225.0,11337.0,13950.0,5959.0,25350.0,9797.0,18600.0,43250.0,28200.0,,34100.0,24550.0,19800.0,18250.0,3375.0,22800.0,,,10650.0,216700.0,,,
2020-10-05,83200.0,3885.0,29650.0,58700.0,3871.0,151000.0,10350.0,5150.0,7090.0,99700.0,5275.0,10859.0,13700.0,6116.0,25100.0,9999.0,18900.0,42950.0,28200.0,,33400.0,24400.0,20200.0,18550.0,3505.0,22900.0,,,10700.0,215200.0,,,
2020-10-06,83000.0,3885.0,29900.0,59000.0,4031.0,151000.0,10250.0,5150.0,7020.0,98600.0,5250.0,10715.0,14200.0,6020.0,26350.0,9974.0,19000.0,42300.0,27800.0,,33600.0,24350.0,20050.0,18550.0,3405.0,22750.0,,,10700.0,224000.0,,,
2020-10-07,83400.0,3905.0,29850.0,59900.0,4066.0,153000.0,10250.0,5200.0,7170.0,99200.0,5275.0,10667.0,13750.0,5979.0,26600.0,9974.0,20100.0,41900.0,28000.0,,33900.0,25250.0,20150.0,18750.0,3535.0,22650.0,,,10650.0,240000.0,,,
2020-10-08,82900.0,4000.0,29650.0,59700.0,3988.0,154000.0,10150.0,5200.0,7130.0,98300.0,5250.0,10667.0,13700.0,5986.0,26800.0,10025.0,21250.0,41750.0,28000.0,,35000.0,24550.0,20250.0,19250.0,3560.0,22850.0,,23880.0,10750.0,239700.0,,,
2020-10-12,85500.0,3970.0,29850.0,60400.0,3953.0,158000.0,10000.0,5240.0,7270.0,101000.0,5550.0,10667.0,13850.0,6089.0,25750.0,9949.0,20600.0,42150.0,28100.0,,33900.0,24100.0,20500.0,19050.0,3535.0,22150.0,,26682.0,11000.0,241800.0,,,
2020-10-13,88200.0,3970.0,29450.0,60900.0,3841.0,154000.0,10100.0,5270.0,7240.0,101600.0,5700.0,11050.0,14600.0,6157.0,25400.0,9772.0,20800.0,42000.0,27850.0,,35100.0,24450.0,20150.0,18800.0,3495.0,22150.0,,28083.0,11050.0,249700.0,,,
2020-10-14,86500.0,3965.0,28200.0,60900.0,3728.0,148500.0,9990.0,5130.0,7050.0,99500.0,5600.0,10572.0,14150.0,5972.0,24950.0,9544.0,21000.0,40800.0,26850.0,,34150.0,23350.0,19900.0,18300.0,3510.0,22600.0,,27583.0,10750.0,241500.0,,,
2020-10-15,87100.0,3910.0,27900.0,60000.0,3564.0,150000.0,9660.0,5030.0,6900.0,97400.0,5500.0,10045.0,13400.0,5671.0,25250.0,9366.0,20200.0,39450.0,26550.0,,32750.0,23050.0,19800.0,18050.0,3400.0,23300.0,,27382.0,10550.0,241300.0,,,
2020-10-16,85300.0,4110.0,27400.0,59500.0,3503.0,147500.0,9670.0,5030.0,6990.0,92500.0,5650.0,10141.0,13150.0,5630.0,25800.0,9316.0,20500.0,38050.0,26100.0,,32700.0,22900.0,19500.0,17900.0,3300.0,22700.0,,27349.0,10350.0,231200.0,,,
2020-10-19,86700.0,3995.0,27550.0,60000.0,3512.0,145500.0,9500.0,5020.0,7370.0,91100.0,5700.0,9711.0,12450.0,5555.0,23600.0,9037.0,20650.0,36700.0,26200.0,,32700.0,22350.0,19300.0,17350.0,3190.0,23500.0,,25882.0,10200.0,226100.0,,,
2020-10-20,85200.0,4190.0,28250.0,60900.0,3572.0,149500.0,9380.0,5040.0,7380.0,90600.0,5525.0,9902.0,12150.0,5568.0,23700.0,9417.0,20250.0,37050.0,26300.0,,34350.0,22100.0,19200.0,17550.0,3255.0,23050.0,,25348.0,10400.0,235800.0,,,
2020-10-21,83800.0,4145.0,28200.0,60900.0,3581.0,150000.0,9490.0,5060.0,7200.0,91300.0,5525.0,9806.0,12500.0,5582.0,23400.0,9468.0,19750.0,36850.0,26200.0,,34350.0,22150.0,19200.0,17700.0,3245.0,23200.0,,26082.0,10500.0,238100.0,,,
2020-10-22,83300.0,3985.0,26900.0,60100.0,3486.0,151500.0,9220.0,4970.0,7450.0,88100.0,5400.0,9270.0,11800.0,5308.0,21950.0,9063.0,18650.0,35950.0,25550.0,,35150.0,21850.0,18600.0,17300.0,3230.0,22200.0,,26582.0,10500.0,229200.0,,,
2020-10-23,83900.0,3985.0,26550.0,60200.0,3477.0,150500.0,9180.0,4945.0,7450.0,88300.0,5125.0,9050.0,11500.0,5267.0,22650.0,8961.0,18500.0,35800.0,25450.0,,36350.0,21550.0,18150.0,17000.0,3190.0,21500.0,,27316.0,10550.0,228700.0,,,
2020-10-26,83200.0,3870.0,25250.0,60400.0,3417.0,140500.0,8820.0,4880.0,7150.0,83200.0,5025.0,8601.0,10750.0,4890.0,21050.0,8354.0,17300.0,34400.0,24350.0,,35500.0,20500.0,17300.0,15850.0,3010.0,21150.0,,26849.0,10000.0,216000.0,,,
2020-10-27,82600.0,3860.0,26950.0,59800.0,3408.0,140000.0,8670.0,4880.0,7470.0,85400.0,5050.0,8763.0,11100.0,5027.0,21150.0,8404.0,17200.0,35950.0,24100.0,,34500.0,21100.0,17050.0,16500.0,3045.0,20700.0,,26815.0,9970.0,217700.0,,,
2020-10-28,82900.0,3930.0,27800.0,59000.0,3443.0,145000.0,8940.0,4980.0,7480.0,88000.0,5175.0,9079.0,11650.0,5239.0,22700.0,8734.0,18300.0,37550.0,25750.0,,35100.0,21800.0,17600.0,17350.0,3150.0,22200.0,,27016.0,10150.0,219800.0,,,
2020-10-29,81700.0,3850.0,28550.0,58100.0,3404.0,145500.0,8900.0,5040.0,7340.0,89900.0,5425.0,9165.0,11300.0,5226.0,23150.0,9012.0,18600.0,39350.0,26650.0,,36700.0,22050.0,17650.0,17300.0,3100.0,22900.0,,26915.0,10100.0,220300.0,,,
2020-10-30,79900.0,3875.0,27150.0,56600.0,3265.0,141000.0,9070.0,4915.0,6950.0,87700.0,5425.0,8706.0,11200.0,4965.0,21900.0,8810.0,17850.0,38800.0,26250.0,,35850.0,21500.0,17250.0,16850.0,3030.0,22150.0,,25748.0,9910.0,217400.0,,,
2020-11-02,79600.0,3875.0,26850.0,57400.0,3335.0,140500.0,9100.0,4965.0,7080.0,90000.0,5475.0,8610.0,11500.0,5096.0,22900.0,8784.0,18150.0,38950.0,27300.0,,36600.0,21500.0,17500.0,17000.0,3010.0,21950.0,,25248.0,9920.0,218200.0,,,
2020-11-03,81400.0,3960.0,27900.0,58800.0,3434.0,147000.0,9170.0,4995.0,7090.0,91100.0,5525.0,8916.0,11750.0,5411.0,22950.0,9012.0,19200.0,39500.0,27000.0,,39000.0,22550.0,18150.0,17900.0,3065.0,22600.0,,25348.0,10000.0,222100.0,,,
2020-11-04,83200.0,3980.0,30050.0,58500.0,3547.0,150500.0,9280.0,5070.0,6980.0,94100.0,5625.0,9280.0,12300.0,5479.0,21200.0,9392.0,19500.0,42100.0,27500.0,,39450.0,23800.0,18200.0,17900.0,3140.0,23550.0,,25815.0,10650.0,233000.0,,,
2020-11-05,86100.0,4060.0,30400.0,60300.0,3473.0,153500.0,9420.0,5090.0,7110.0,96400.0,5675.0,9299.0,12350.0,5561.0,22700.0,9518.0,19500.0,43350.0,27700.0,,39600.0,24100.0,18400.0,18100.0,3230.0,23950.0,,26449.0,10800.0,233600.0,,,
2020-11-06,86300.0,3995.0,29750.0,60100.0,3382.0,150000.0,9360.0,5060.0,7100.0,94400.0,5800.0,9184.0,11950.0,5507.0,23650.0,9341.0,18900.0,43250.0,27450.0,,40100.0,24150.0,18000.0,17300.0,3210.0,24500.0,,27349.0,11700.0,233600.0,,,
2020-11-09,86000.0,4030.0,29950.0,60200.0,3633.0,153500.0,9610.0,5120.0,7300.0,95200.0,5750.0,9309.0,11950.0,5555.0,24650.0,9392.0,18950.0,43650.0,27500.0,,41950.0,24150.0,18350.0,17350.0,3400.0,24650.0,,26282.0,11250.0,235500.0,,,
2020-11-10,86500.0,4045.0,29450.0,60200.0,3616.0,153000.0,9640.0,5030.0,7290.0,95200.0,5750.0,9108.0,12200.0,5472.0,23950.0,9291.0,19000.0,42300.0,27450.0,,42300.0,23400.0,18950.0,17800.0,3515.0,24350.0,,26415.0,11450.0,231300.0,,,
2020-11-11,87000.0,3975.0,29850.0,61300.0,3503.0,150000.0,9590.0,5010.0,7240.0,94800.0,5600.0,8897.0,12150.0,5424.0,22550.0,9189.0,18800.0,40900.0,27100.0,,44350.0,22850.0,18850.0,17950.0,3400.0,23850.0,,26682.0,11000.0,227100.0,,,
2020-11-12,88100.0,4090.0,30950.0,61000.0,3538.0,155000.0,9830.0,5020.0,7430.0,97700.0,5550.0,8926.0,11750.0,5349.0,22550.0,9139.0,19000.0,41550.0,28100.0,,44050.0,23200.0,18800.0,17850.0,3280.0,24150.0,,26382.0,10750.0,228000.0,,,
2020-11-13,89700.0,4100.0,30900.0,63200.0,3525.0,163000.0,9800.0,5020.0,7410.0,97600.0,5800.0,9404.0,12150.0,5342.0,22550.0,9240.0,19200.0,41900.0,28100.0,,44500.0,23050.0,18850.0,17950.0,3300.0,24400.0,,26682.0,10900.0,232000.0,,,
2020-11-16,98000.0,4200.0,31850.0,66300.0,3499.0,173000.0,9840.0,5350.0,7610.0,102200.0,6275.0,9902.0,12850.0,5965.0,24150.0,9797.0,19300.0,44600.0,29450.0,,44400.0,25150.0,19250.0,18400.0,3660.0,25700.0,,26549.0,11250.0,241000.0,,,
2020-11-17,98100.0,4100.0,31850.0,65700.0,3469.0,172500.0,9680.0,5330.0,7320.0,100100.0,6350.0,9806.0,12400.0,5733.0,24600.0,9721.0,18500.0,41200.0,29350.0,,49900.0,24800.0,18800.0,18000.0,3595.0,24700.0,,26815.0,10900.0,241800.0,,,
2020-11-18,98000.0,4090.0,31250.0,64800.0,3469.0,162500.0,9510.0,5310.0,7330.0,102500.0,6150.0,9758.0,12800.0,5712.0,25050.0,9493.0,18250.0,41250.0,29800.0,,52600.0,24900.0,18800.0,18000.0,3525.0,24050.0,,26582.0,10750.0,241700.0,,,
2020-11-19,98200.0,4130.0,31900.0,64600.0,3469.0,164000.0,9540.0,5370.0,7300.0,106200.0,6425.0,9806.0,12900.0,5794.0,25450.0,9670.0,18700.0,41350.0,30200.0,,58500.0,25700.0,18850.0,18200.0,3700.0,24500.0,,28083.0,10500.0,240000.0,,,
2020-11-20,96800.0,4110.0,31650.0,64700.0,3568.0,164000.0,9610.0,5380.0,7350.0,107800.0,6300.0,10285.0,12850.0,5739.0,25500.0,9670.0,19300.0,42000.0,29700.0,,55000.0,25150.0,18950.0,18350.0,3600.0,24750.0,,30684.0,10450.0,246400.0,,,
2020-11-23,100000.0,4060.0,31800.0,67500.0,3560.0,164000.0,9510.0,5420.0,7500.0,107800.0,6400.0,10332.0,12550.0,5849.0,25100.0,9670.0,19350.0,42500.0,30300.0,,58400.0,25600.0,19200.0,18400.0,3600.0,25150.0,,33019.0,10500.0,255900.0,,,
2020-11-24,98600.0,4115.0,31450.0,67700.0,3560.0,165000.0,9800.0,5400.0,7430.0,107100.0,6400.0,10380.0,12600.0,5781.0,25250.0,9847.0,19350.0,42200.0,31950.0,,56100.0,25350.0,19100.0,18450.0,3595.0,25450.0,,31685.0,10650.0,256900.0,,,
2020-11-25,97200.0,4050.0,30500.0,66600.0,3473.0,160500.0,9540.0,5230.0,7450.0,105500.0,6175.0,10620.0,12600.0,5623.0,24900.0,9999.0,18850.0,40750.0,32200.0,,55200.0,24550.0,18900.0,18950.0,3505.0,24300.0,,30584.0,10600.0,248000.0,,,
2020-11-26,99400.0,4005.0,30950.0,68000.0,3460.0,159500.0,10000.0,5270.0,7650.0,106300.0,6250.0,10859.0,13650.0,5698.0,25400.0,10506.0,19350.0,41050.0,32950.0,,56700.0,25000.0,19050.0,20100.0,3505.0,24450.0,,30518.0,10500.0,252700.0,,,
2020-11-27,98800.0,4050.0,31250.0,68200.0,3529.0,159500.0,9810.0,5280.0,7640.0,106500.0,6225.0,11194.0,14200.0,5794.0,24800.0,10556.0,20000.0,41100.0,32400.0,,56000.0,24900.0,19400.0,20450.0,3530.0,24800.0,,32018.0,10550.0,254800.0,,,
2020-11-30,97500.0,4120.0,30850.0,66700.0,3646.0,156000.0,9720.0,5330.0,7790.0,102900.0,6100.0,11098.0,14550.0,5719.0,24800.0,10354.0,19750.0,40400.0,32100.0,,55500.0,24700.0,19700.0,19900.0,3630.0,24350.0,,33619.0,10600.0,254300.0,,,
2020-12-01,100500.0,4110.0,30300.0,67800.0,3551.0,159500.0,9740.0,5290.0,7810.0,101300.0,6250.0,10907.0,14400.0,5685.0,24100.0,10151.0,19400.0,39750.0,31800.0,,54900.0,24550.0,19500.0,19650.0,3630.0,24100.0,,33486.0,10750.0,254900.0,,,
2020-12-02,109000.0,4200.0,30200.0,69500.0,3521.0,160000.0,9800.0,5500.0,8730.0,103400.0,6375.0,10667.0,14350.0,5794.0,24450.0,10303.0,20050.0,40650.0,32700.0,,60300.0,25600.0,19950.0,19900.0,3830.0,25100.0,,34954.0,10650.0,255400.0,,,
2020-12-03,111500.0,4170.0,29450.0,69700.0,3503.0,158500.0,9780.0,5500.0,8580.0,100200.0,6225.0,10524.0,13650.0,5753.0,23700.0,10354.0,19900.0,39900.0,31950.0,,59300.0,24850.0,20050.0,19650.0,3815.0,25400.0,,35687.0,10550.0,254100.0,,,
2020-12-04,115000.0,4230.0,31300.0,71500.0,3469.0,159500.0,9600.0,5420.0,8640.0,105200.0,6200.0,10476.0,13650.0,5616.0,23150.0,10101.0,19500.0,41850.0,32350.0,,58700.0,24700.0,19800.0,19200.0,3645.0,26650.0,,34286.0,10500.0,254500.0,,,
2020-12-07,118000.0,4400.0,31400.0,72900.0,3464.0,156500.0,9370.0,5350.0,8630.0,104100.0,6300.0,10428.0,13600.0,5500.0,23200.0,10075.0,19200.0,42300.0,32100.0,,55900.0,24850.0,19800.0,19800.0,3570.0,26050.0,,34453.0,10400.0,252600.0,,,
2020-12-08,115000.0,4380.0,32850.0,71700.0,3438.0,155500.0,9550.0,5320.0,8860.0,101000.0,6725.0,10715.0,13600.0,5507.0,22850.0,10126.0,19250.0,43600.0,31700.0,,56700.0,24600.0,19750.0,19800.0,3570.0,26250.0,,34853.0,10300.0,251500.0,,,
2020-12-09,120500.0,4460.0,32800.0,73900.0,3404.0,161500.0,9780.0,5340.0,8600.0,101500.0,6850.0,10428.0,13550.0,5602.0,23650.0,10227.0,21000.0,44050.0,31700.0,,56900.0,25400.0,19850.0,19850.0,3600.0,26850.0,,37522.0,10500.0,250200.0,,,
2020-12-10,116500.0,4415.0,32300.0,72900.0,3425.0,161500.0,9790.0,5410.0,8580.0,103600.0,6850.0,10572.0,13500.0,5644.0,23400.0,10101.0,23300.0,44200.0,32050.0,,57200.0,25700.0,19850.0,20000.0,3600.0,27050.0,,40423.0,10400.0,247500.0,,,
2020-12-11,115500.0,4380.0,31850.0,73400.0,3417.0,162000.0,9810.0,5360.0,8320.0,104100.0,7025.0,10524.0,13500.0,5897.0,24050.0,10151.0,24850.0,43300.0,31550.0,,56200.0,25050.0,19650.0,20100.0,3540.0,26500.0,,40557.0,10500.0,247700.0,,,
2020-12-14,117000.0,4265.0,32600.0,73800.0,3369.0,166000.0,9800.0,5230.0,8260.0,103200.0,6875.0,10237.0,13150.0,5767.0,23650.0,10253.0,24050.0,43950.0,31950.0,,54200.0,24800.0,19400.0,20400.0,3450.0,26200.0,,39023.0,10700.0,250700.0,,,
2020-12-15,117500.0,4255.0,33950.0,73800.0,3382.0,164000.0,9900.0,5270.0,8190.0,105100.0,7100.0,10332.0,13200.0,5835.0,23900.0,10253.0,24550.0,46050.0,33300.0,,54200.0,24900.0,19350.0,20800.0,3365.0,28100.0,,38122.0,11300.0,255000.0,,,
2020-12-16,117500.0,4385.0,34100.0,73800.0,3425.0,172000.0,9910.0,5430.0,8480.0,106500.0,7950.0,10524.0,13450.0,6013.0,24350.0,10556.0,26700.0,46400.0,33950.0,,56800.0,25500.0,20100.0,21000.0,3420.0,28350.0,,38322.0,11150.0,255100.0,,,
2020-12-17,119500.0,4475.0,34450.0,73300.0,3408.0,174000.0,10100.0,5520.0,8620.0,109300.0,8375.0,10763.0,14150.0,6150.0,25550.0,10734.0,25900.0,46900.0,35450.0,,58600.0,26950.0,20850.0,21950.0,3480.0,28900.0,,38155.0,11450.0,273800.0,,,
2020-12-18,118500.0,4390.0,34450.0,73000.0,3365.0,176500.0,9940.0,5450.0,8490.0,111900.0,8150.0,10907.0,13750.0,6233.0,24800.0,10658.0,26500.0,45950.0,35650.0,,57300.0,27050.0,20300.0,21700.0,3440.0,28450.0,,39356.0,11500.0,276600.0,,,
2020-12-21,116000.0,4365.0,33950.0,73000.0,3326.0,181000.0,10000.0,5380.0,8300.0,111600.0,8525.0,11959.0,14000.0,6185.0,24400.0,10885.0,25450.0,45000.0,34750.0,,57700.0,26750.0,20450.0,21550.0,3405.0,28150.0,,39256.0,11650.0,273700.0,,,
2020-12-22,112500.0,4240.0,32650.0,72300.0,3248.0,174500.0,9660.0,5290.0,7910.0,106000.0,8475.0,11337.0,13750.0,5849.0,23650.0,10430.0,24250.0,43600.0,33600.0,,55500.0,26000.0,20050.0,20950.0,3300.0,27250.0,,38923.0,11100.0,260000.0,,,
2020-12-23,116000.0,4300.0,32700.0,73900.0,3283.0,175500.0,9850.0,5320.0,8060.0,105000.0,8450.0,11289.0,14100.0,5965.0,24050.0,10759.0,24500.0,43950.0,34300.0,,56000.0,26200.0,22300.0,21350.0,3365.0,27750.0,,39056.0,11250.0,265500.0,,,
2020-12-24,118000.0,4415.0,33650.0,77800.0,3361.0,184000.0,9850.0,5430.0,8020.0,110600.0,8450.0,12007.0,14050.0,6096.0,24900.0,10835.0,25650.0,44300.0,34600.0,,54800.0,26550.0,21950.0,21400.0,3360.0,29000.0,,41291.0,11400.0,267600.0,,,
2020-12-28,115500.0,4500.0,34400.0,78700.0,3278.0,182500.0,9920.0,5470.0,8300.0,111900.0,8250.0,12629.0,15050.0,6397.0,24750.0,11139.0,25300.0,44650.0,35350.0,,58300.0,26500.0,22900.0,21350.0,3320.0,29200.0,,44026.0,11850.0,271400.0,,,
2020-12-29,116000.0,4545.0,34450.0,78300.0,3451.0,185000.0,10100.0,5570.0,8380.0,112500.0,8950.0,13011.0,15050.0,6424.0,26600.0,11189.0,25300.0,45450.0,35150.0,,62100.0,27150.0,23800.0,21950.0,3445.0,30700.0,,48462.0,12300.0,271200.0,,,
2020-12-30,118500.0,4775.0,36500.0,81000.0,3456.0,196500.0,10550.0,5770.0,8210.0,117000.0,9050.0,14112.0,15700.0,7774.0,27200.0,11974.0,27000.0,47650.0,35050.0,,62700.0,28600.0,24400.0,22850.0,3615.0,30750.0,,56433.0,12600.0,272300.0,,,
2021-01-04,126000.0,4855.0,37000.0,83000.0,3464.0,197000.0,11400.0,5960.0,8180.0,117900.0,9125.0,14016.0,16100.0,7911.0,28000.0,12075.0,27700.0,47950.0,36750.0,,61800.0,30600.0,24750.0,23950.0,3900.0,31100.0,,57033.0,12650.0,291400.0,,,
2021-01-05,130500.0,4820.0,36600.0,83900.0,3425.0,198000.0,11250.0,5770.0,8080.0,116500.0,8950.0,13729.0,16000.0,7603.0,27350.0,11797.0,26800.0,47050.0,36750.0,,60100.0,31350.0,24100.0,23350.0,4060.0,30750.0,,58367.0,12300.0,295000.0,,,
2021-01-06,131000.0,4760.0,35500.0,82200.0,3456.0,189000.0,10900.0,5800.0,7930.0,114000.0,8800.0,13394.0,15250.0,7671.0,26100.0,11366.0,25550.0,45650.0,36650.0,,58700.0,30950.0,23700.0,23450.0,4025.0,30050.0,,60369.0,11900.0,290000.0,,,
2021-01-07,134500.0,4910.0,35650.0,82900.0,3425.0,189000.0,11000.0,5820.0,8110.0,113700.0,8750.0,13538.0,14850.0,7979.0,26200.0,11518.0,25250.0,44850.0,35700.0,,60800.0,30800.0,23800.0,23350.0,4055.0,30200.0,,60035.0,12050.0,290600.0,,,
2021-01-08,138000.0,4960.0,35900.0,88800.0,3348.0,193000.0,10850.0,5780.0,8150.0,114600.0,8750.0,13442.0,14950.0,7705.0,26700.0,11518.0,24350.0,45050.0,34600.0,,59400.0,29650.0,29050.0,23450.0,4220.0,29900.0,,57967.0,12500.0,288600.0,,,
2021-01-11,133000.0,4830.0,36200.0,91000.0,3252.0,185500.0,11300.0,5680.0,7940.0,114100.0,8600.0,13681.0,14600.0,7945.0,29200.0,11442.0,24500.0,44400.0,34150.0,,58100.0,29800.0,30000.0,23650.0,4175.0,29350.0,,57067.0,13500.0,282800.0,,,
2021-01-12,129000.0,4850.0,36500.0,90600.0,3278.0,189000.0,10800.0,5610.0,8160.0,117900.0,8700.0,14638.0,14350.0,8219.0,28550.0,11442.0,25500.0,44300.0,33850.0,,57800.0,29750.0,28150.0,23900.0,4095.0,29750.0,,56199.0,15950.0,279700.0,,,
2021-01-13,133000.0,5030.0,36250.0,89700.0,3408.0,187000.0,11100.0,5650.0,8560.0,117400.0,9025.0,14112.0,14600.0,8151.0,28500.0,11544.0,25950.0,44500.0,33900.0,,58200.0,28950.0,28950.0,24050.0,4140.0,29650.0,,57900.0,15600.0,280400.0,,,
2021-01-14,130500.0,5060.0,35700.0,89700.0,3369.0,193000.0,11200.0,5780.0,9210.0,116000.0,8850.0,13825.0,14950.0,8253.0,28200.0,11417.0,26350.0,44000.0,34200.0,,59800.0,28950.0,28500.0,23750.0,4080.0,29550.0,,54500.0,15100.0,288700.0,,,
2021-01-15,127500.0,5570.0,35200.0,88000.0,3326.0,195500.0,10850.0,5680.0,9400.0,115700.0,9425.0,13920.0,16500.0,8322.0,27700.0,11594.0,26300.0,44100.0,34800.0,,63500.0,31200.0,27250.0,23150.0,4005.0,29600.0,,55500.0,14550.0,281900.0,,,
2021-01-18,130000.0,5380.0,33900.0,85000.0,3244.0,190500.0,10700.0,5500.0,9600.0,108700.0,10000.0,13920.0,15650.0,8630.0,26500.0,11518.0,26450.0,42400.0,33650.0,,64700.0,31050.0,28250.0,22750.0,3820.0,28150.0,,56000.0,14250.0,273500.0,,,
2021-01-19,130500.0,5590.0,33950.0,87000.0,3270.0,197000.0,11050.0,5540.0,10250.0,111000.0,10125.0,14160.0,15750.0,8493.0,27150.0,11873.0,26350.0,43250.0,33700.0,,62000.0,30850.0,30200.0,23100.0,3810.0,28600.0,,56100.0,14750.0,273600.0,,,
2021-01-20,130500.0,5500.0,35500.0,87200.0,3300.0,196000.0,11250.0,5650.0,10300.0,116600.0,10125.0,14781.0,18700.0,8596.0,28000.0,12101.0,27950.0,43850.0,35500.0,,68100.0,31500.0,34000.0,24550.0,3955.0,29700.0,,56300.0,15050.0,278600.0,,,
2021-01-21,131500.0,5380.0,35350.0,88100.0,3443.0,195000.0,11600.0,5700.0,10550.0,114500.0,10275.0,15212.0,21900.0,8527.0,28500.0,12025.0,28200.0,48200.0,35300.0,,68200.0,31000.0,34800.0,24150.0,3925.0,29750.0,,55700.0,14800.0,278600.0,,,
2021-01-22,128500.0,5390.0,34450.0,86800.0,3287.0,200000.0,11400.0,5660.0,10300.0,111900.0,10350.0,14638.0,19950.0,8527.0,27850.0,11822.0,26850.0,46600.0,35500.0,,68200.0,30400.0,33600.0,23700.0,4010.0,29650.0,,54600.0,14900.0,275300.0,,,
2021-01-25,135000.0,5460.0,35250.0,89400.0,3283.0,209000.0,11700.0,6100.0,10600.0,112200.0,10375.0,14447.0,20400.0,8459.0,27750.0,11822.0,26150.0,52500.0,36750.0,,71600.0,30550.0,34700.0,24100.0,4115.0,30500.0,,55500.0,14900.0,282000.0,,,
2021-01-26,129000.0,5500.0,34350.0,86700.0,3257.0,204000.0,11500.0,7930.0,10150.0,110400.0,10525.0,14255.0,19300.0,8219.0,27000.0,12759.0,25650.0,52100.0,36700.0,,71800.0,30000.0,36750.0,23650.0,4140.0,30250.0,,57300.0,15050.0,300000.0,,,
2021-01-27,128500.0,5460.0,33150.0,85600.0,3162.0,208000.0,11100.0,7470.0,10450.0,107000.0,10000.0,14351.0,19300.0,8253.0,26000.0,12025.0,23800.0,48750.0,36400.0,,69700.0,29150.0,36600.0,23100.0,4045.0,29350.0,,55000.0,14700.0,286100.0,,,
2021-01-28,123000.0,5230.0,31250.0,83700.0,3027.0,199000.0,10650.0,7330.0,9920.0,101100.0,9900.0,13538.0,19400.0,7774.0,24750.0,11645.0,22700.0,47150.0,35450.0,,65300.0,27950.0,37850.0,22400.0,3930.0,28000.0,,53200.0,14300.0,280100.0,,,
2021-01-29,122500.0,5230.0,30400.0,82000.0,2915.0,193000.0,10400.0,6900.0,9480.0,99000.0,9450.0,13107.0,18050.0,7363.0,23950.0,11366.0,22350.0,45600.0,34900.0,,64400.0,27000.0,34150.0,21650.0,3740.0,26350.0,,50700.0,13500.0,268700.0,,,
2021-02-01,125000.0,5670.0,31100.0,83000.0,2941.0,197000.0,10550.0,7070.0,10200.0,104300.0,10100.0,13346.0,18350.0,7534.0,24800.0,11569.0,23100.0,47300.0,35150.0,,64400.0,27900.0,34950.0,23000.0,3750.0,27150.0,,50500.0,13800.0,273400.0,,,
2021-02-02,130000.0,5580.0,31500.0,84400.0,3019.0,199000.0,10550.0,7150.0,10250.0,105900.0,10100.0,13633.0,19200.0,7808.0,24000.0,11518.0,23700.0,47300.0,34300.0,,63800.0,27800.0,34350.0,22750.0,3785.0,27450.0,,51700.0,13750.0,272000.0,,,
2021-02-03,130000.0,5640.0,31700.0,84600.0,3027.0,205000.0,10550.0,7370.0,10300.0,104300.0,10050.0,13633.0,19350.0,7774.0,23300.0,11493.0,24000.0,46450.0,35150.0,,62600.0,28000.0,35750.0,23050.0,3715.0,28100.0,,57600.0,15100.0,272000.0,,,
2021-02-04,125000.0,5630.0,30850.0,82500.0,3006.0,204000.0,10300.0,7090.0,10950.0,100700.0,9800.0,13442.0,19200.0,7637.0,24300.0,11341.0,23300.0,47350.0,35300.0,,62100.0,29000.0,35050.0,23500.0,3890.0,27550.0,,64800.0,15700.0,269000.0,,,
2021-02-05,127500.0,5600.0,31400.0,83500.0,3019.0,217500.0,10700.0,7070.0,11050.0,101300.0,9750.0,13298.0,18500.0,7705.0,24050.0,11265.0,22850.0,47350.0,35000.0,,62000.0,29900.0,34500.0,23150.0,3820.0,28150.0,,63300.0,15700.0,277000.0,,,
2021-02-08,125000.0,5550.0,30700.0,83000.0,3014.0,226000.0,10550.0,7030.0,10500.0,102000.0,9650.0,13011.0,19200.0,7294.0,23650.0,11215.0,22300.0,46150.0,34600.0,,58000.0,29600.0,34200.0,22450.0,3760.0,27750.0,,61300.0,15000.0,291400.0,,,
2021-02-09,125500.0,5530.0,31000.0,82700.0,3014.0,225500.0,10850.0,7030.0,10700.0,100900.0,9650.0,13107.0,20900.0,7500.0,24700.0,11265.0,22900.0,45650.0,34300.0,,54900.0,29850.0,34100.0,22900.0,3790.0,27400.0,,61000.0,16400.0,291800.0,,,
2021-02-10,126000.0,5880.0,30800.0,81600.0,3110.0,220500.0,11150.0,7040.0,11000.0,101300.0,9675.0,13346.0,21650.0,7534.0,24900.0,11290.0,23150.0,46400.0,34050.0,,54900.0,29900.0,33400.0,22900.0,3730.0,27200.0,,66200.0,16350.0,294900.0,,,
2021-02-15,132000.0,6480.0,32650.0,84200.0,3218.0,232500.0,11150.0,8910.0,11750.0,106900.0,10275.0,13681.0,25400.0,7979.0,25250.0,11696.0,23150.0,49650.0,35700.0,,57900.0,31400.0,37150.0,24150.0,3885.0,28300.0,,69000.0,16800.0,300000.0,,,
2021-02-16,132500.0,6600.0,33450.0,84900.0,3239.0,230500.0,11650.0,9050.0,11700.0,108400.0,10300.0,13538.0,25400.0,7945.0,24950.0,11544.0,23250.0,49700.0,36150.0,,56600.0,32350.0,38900.0,25300.0,3910.0,28250.0,,68200.0,16500.0,312500.0,,,
2021-02-17,130000.0,6410.0,33800.0,83200.0,3218.0,237000.0,13000.0,9760.0,11600.0,107200.0,10700.0,13298.0,24700.0,8116.0,24600.0,11518.0,23050.0,48650.0,36300.0,,59700.0,33550.0,39100.0,25500.0,4055.0,27850.0,,71000.0,15750.0,313600.0,,,
2021-02-18,126000.0,6070.0,32900.0,82100.0,3162.0,238000.0,12100.0,8880.0,11500.0,105200.0,10800.0,12868.0,24950.0,7774.0,24550.0,11341.0,22550.0,46650.0,34800.0,,57600.0,33900.0,38500.0,24300.0,3890.0,27300.0,,70000.0,15150.0,303000.0,,,
2021-02-19,133000.0,6200.0,33450.0,82600.0,3131.0,242000.0,12100.0,9000.0,11200.0,105400.0,12125.0,13107.0,24100.0,8390.0,24450.0,11493.0,22200.0,47750.0,35150.0,,57600.0,38100.0,37650.0,25000.0,3905.0,27500.0,,68100.0,15250.0,321900.0,,,
2021-02-22,136500.0,5970.0,32600.0,82200.0,3127.0,245500.0,12000.0,8540.0,10900.0,104700.0,12050.0,12581.0,23100.0,7979.0,25050.0,11392.0,22100.0,46750.0,34950.0,,58400.0,35800.0,35600.0,24150.0,3955.0,27000.0,,69000.0,15000.0,323600.0,,,
2021-02-23,138500.0,5990.0,32100.0,82000.0,3105.0,239500.0,11900.0,8570.0,10650.0,103200.0,11350.0,12246.0,23850.0,7774.0,24450.0,11544.0,22150.0,45050.0,33900.0,,57000.0,36650.0,35000.0,23900.0,3810.0,26700.0,,71000.0,14750.0,307000.0,,,
2021-02-24,136000.0,5800.0,30450.0,82000.0,2928.0,235000.0,11000.0,8540.0,10050.0,100800.0,10750.0,11768.0,24300.0,7363.0,23350.0,11088.0,20500.0,43100.0,33550.0,,54600.0,34600.0,33000.0,23300.0,3595.0,24900.0,54600.0,69000.0,14050.0,308300.0,,,
2021-02-25,148500.0,6120.0,31600.0,85300.0,2984.0,246500.0,11550.0,8890.0,10600.0,104500.0,11150.0,12055.0,24000.0,7740.0,24950.0,11316.0,21800.0,44700.0,36500.0,,55600.0,36600.0,34400.0,23800.0,3680.0,25650.0,49850.0,75000.0,14850.0,322800.0,,,
2021-02-26,141500.0,5960.0,30700.0,82500.0,2902.0,244000.0,11350.0,8690.0,10150.0,101200.0,11075.0,11624.0,22700.0,7363.0,24200.0,10987.0,20750.0,42450.0,34600.0,,51600.0,36300.0,33100.0,23750.0,3540.0,25050.0,42900.0,76900.0,14600.0,309800.0,,,
2021-03-02,144500.0,5980.0,31000.0,83600.0,2893.0,237500.0,11500.0,8780.0,10150.0,107900.0,11200.0,11863.0,22700.0,7192.0,24450.0,11113.0,20700.0,43000.0,35600.0,,52700.0,35600.0,33250.0,23100.0,3540.0,25500.0,40450.0,80000.0,14550.0,310000.0,,,
2021-03-03,147000.0,6160.0,31200.0,84000.0,2971.0,229000.0,11650.0,8920.0,10300.0,106600.0,11350.0,11911.0,23300.0,7500.0,24550.0,11240.0,20250.0,43450.0,35500.0,,52800.0,35000.0,34100.0,22950.0,3560.0,25700.0,44900.0,79900.0,15150.0,307100.0,,,
2021-03-04,142000.0,6240.0,30600.0,82400.0,2945.0,234000.0,11500.0,8660.0,10300.0,102700.0,11325.0,12390.0,23400.0,7397.0,24050.0,10936.0,19200.0,42200.0,35150.0,,49400.0,34400.0,33300.0,22300.0,3470.0,25200.0,50200.0,81400.0,15100.0,300600.0,,,
2021-03-05,140000.0,6410.0,30500.0,82100.0,2932.0,234500.0,11250.0,8700.0,10150.0,103000.0,11125.0,12916.0,23200.0,7397.0,23850.0,10708.0,19100.0,39950.0,34600.0,,49050.0,33800.0,31850.0,21700.0,3395.0,25400.0,48500.0,79400.0,14900.0,296100.0,,,
2021-03-08,135500.0,6940.0,29600.0,82000.0,2941.0,228500.0,10800.0,8410.0,9840.0,102100.0,10800.0,12198.0,21450.0,7260.0,22700.0,10328.0,18500.0,40150.0,34300.0,,47500.0,32500.0,30700.0,21400.0,3350.0,24650.0,52500.0,72100.0,14200.0,293800.0,,,
2021-03-09,136500.0,6730.0,28700.0,81400.0,2885.0,221000.0,10600.0,8180.0,9840.0,100300.0,10400.0,12437.0,21600.0,7055.0,21500.0,9974.0,18600.0,39550.0,34000.0,,47850.0,32050.0,30900.0,21750.0,3200.0,24100.0,52500.0,68100.0,14450.0,285700.0,,,
2021-03-10,133000.0,7200.0,28000.0,80900.0,2850.0,220000.0,10500.0,7910.0,9560.0,99900.0,10100.0,12102.0,21000.0,6808.0,21000.0,9822.0,18050.0,38900.0,34950.0,,48500.0,31650.0,30000.0,21950.0,3300.0,24450.0,52500.0,64700.0,13950.0,290800.0,,,
2021-03-11,137000.0,7040.0,30100.0,82000.0,2867.0,226000.0,10850.0,7990.0,9880.0,103000.0,10975.0,12629.0,21100.0,6918.0,21200.0,10126.0,18700.0,41550.0,36000.0,,52500.0,33700.0,31400.0,22450.0,3350.0,25350.0,49800.0,68700.0,13900.0,302300.0,,,
2021-03-12,140000.0,6840.0,31200.0,82800.0,2915.0,228000.0,11100.0,8100.0,10200.0,105900.0,11350.0,12772.0,22250.0,7363.0,21800.0,10556.0,18850.0,42700.0,36300.0,,54900.0,34250.0,31600.0,23050.0,3430.0,25700.0,49100.0,69600.0,14100.0,307300.0,,,
2021-03-15,136500.0,6770.0,30850.0,81800.0,2902.0,224500.0,10950.0,8090.0,10000.0,106600.0,11850.0,13011.0,22150.0,7397.0,21750.0,10328.0,19700.0,41900.0,36300.0,,55300.0,34050.0,31650.0,22800.0,3410.0,25500.0,46950.0,66700.0,14250.0,303000.0,,,
2021-03-16,140500.0,7030.0,33200.0,82800.0,2924.0,230000.0,11000.0,8130.0,10150.0,115600.0,11675.0,13538.0,23550.0,7603.0,22150.0,10607.0,21150.0,43750.0,37250.0,,55500.0,34450.0,32500.0,23250.0,3535.0,26300.0,46850.0,71300.0,14350.0,308900.0,,,
2021-03-17,140000.0,6970.0,33300.0,82300.0,2958.0,225000.0,10750.0,8270.0,10150.0,116000.0,11825.0,13346.0,23550.0,7466.0,22550.0,10480.0,21000.0,43200.0,37200.0,,55400.0,35450.0,32500.0,22950.0,3475.0,26400.0,47400.0,70900.0,14050.0,303500.0,,,
2021-03-18,142000.0,6930.0,32750.0,82900.0,2989.0,226500.0,10950.0,8240.0,10700.0,116100.0,12350.0,13394.0,23750.0,7568.0,23100.0,10658.0,21100.0,44050.0,37050.0,,56100.0,35200.0,33100.0,23300.0,3685.0,26900.0,47500.0,72500.0,14150.0,300000.0,,,
2021-03-19,138000.0,6890.0,32500.0,81900.0,2989.0,226000.0,10950.0,8170.0,10700.0,114500.0,12750.0,13394.0,24450.0,7500.0,23250.0,10734.0,20750.0,41800.0,36800.0,,56000.0,35700.0,33550.0,23100.0,3785.0,27250.0,46700.0,73300.0,14300.0,299700.0,,,
2021-03-22,138000.0,6870.0,32100.0,82000.0,2967.0,227000.0,11050.0,8180.0,10750.0,118000.0,13075.0,13490.0,25050.0,7774.0,23050.0,10860.0,20900.0,40350.0,39050.0,,56400.0,37800.0,34350.0,22900.0,3775.0,27800.0,47800.0,76600.0,14350.0,299900.0,,,
2021-03-23,135000.0,6740.0,32500.0,81800.0,2915.0,223000.0,11100.0,8020.0,10550.0,115200.0,12525.0,13585.0,24750.0,7740.0,22300.0,10632.0,20750.0,40800.0,38050.0,,58000.0,39500.0,33050.0,22300.0,3630.0,27400.0,53500.0,79800.0,14050.0,296200.0,,,
2021-03-24,133500.0,6750.0,33600.0,81000.0,2885.0,225000.0,11100.0,7920.0,10950.0,118100.0,12400.0,13777.0,26350.0,7911.0,22650.0,10987.0,22000.0,40650.0,39000.0,,57600.0,39200.0,33150.0,22500.0,3675.0,27550.0,49550.0,81500.0,14100.0,302100.0,,,
2021-03-25,133000.0,6830.0,34300.0,81200.0,2889.0,238000.0,11250.0,8010.0,11250.0,117000.0,12150.0,13633.0,26150.0,7808.0,22550.0,10784.0,22400.0,40200.0,38900.0,,58200.0,37550.0,32450.0,22100.0,3665.0,27050.0,48750.0,80700.0,13950.0,298500.0,,,
2021-03-26,135000.0,6860.0,34200.0,81500.0,2915.0,243500.0,11250.0,7860.0,11300.0,116400.0,12050.0,13633.0,24600.0,7740.0,22500.0,10632.0,22050.0,40500.0,38150.0,,56900.0,38400.0,31750.0,22100.0,3595.0,26750.0,46950.0,80000.0,13900.0,294100.0,,,
2021-03-29,132000.0,6910.0,33350.0,81600.0,2902.0,236500.0,11150.0,7670.0,11400.0,120500.0,12100.0,13155.0,24200.0,7808.0,22100.0,10885.0,21700.0,39650.0,38200.0,,55400.0,38000.0,31450.0,22250.0,3475.0,26300.0,46650.0,77300.0,13800.0,290800.0,,,
2021-03-30,134500.0,6980.0,33200.0,82200.0,2950.0,239500.0,11350.0,7680.0,11250.0,120100.0,12225.0,13346.0,24150.0,7842.0,22250.0,10809.0,22150.0,40150.0,37650.0,,55700.0,39100.0,33550.0,22150.0,3470.0,26800.0,45600.0,76500.0,13850.0,290700.0,,,
2021-03-31,132500.0,6970.0,32600.0,81400.0,2950.0,241000.0,11250.0,7550.0,11200.0,118600.0,12200.0,13155.0,23700.0,8048.0,22100.0,10556.0,21750.0,39650.0,37900.0,,54500.0,38850.0,33300.0,21900.0,3525.0,26300.0,45000.0,74300.0,14000.0,289700.0,,,
2021-04-01,140500.0,6900.0,33700.0,82900.0,2889.0,259500.0,11200.0,8040.0,11650.0,126300.0,13025.0,13442.0,25350.0,8116.0,22650.0,11012.0,21650.0,41900.0,38100.0,,57600.0,41500.0,33400.0,22100.0,3675.0,27600.0,46000.0,75600.0,14350.0,293500.0,,,
2021-04-02,141000.0,7070.0,33400.0,84800.0,2893.0,261000.0,11350.0,8190.0,11450.0,129000.0,13250.0,13490.0,24800.0,8185.0,23100.0,11468.0,22500.0,42250.0,38600.0,,57200.0,41250.0,34300.0,22400.0,3635.0,28800.0,45200.0,78400.0,14100.0,308800.0,,,
2021-04-05,143000.0,7560.0,34100.0,85400.0,2850.0,261500.0,11700.0,8350.0,11500.0,134900.0,14800.0,14112.0,26750.0,8527.0,23500.0,11822.0,23050.0,42800.0,38650.0,,60700.0,43500.0,34700.0,22750.0,3700.0,29400.0,47200.0,77900.0,14450.0,310700.0,,,
2021-04-06,143000.0,7600.0,33300.0,86000.0,2777.0,257000.0,11850.0,8170.0,11450.0,133400.0,15350.0,13968.0,27500.0,8630.0,23100.0,11797.0,22250.0,41900.0,38250.0,,61500.0,44500.0,34900.0,22850.0,3625.0,29250.0,46100.0,76500.0,14350.0,305800.0,,,
2021-04-07,143500.0,7500.0,33000.0,85600.0,2824.0,252500.0,11650.0,8120.0,11450.0,131600.0,15450.0,13920.0,28900.0,8459.0,23400.0,11620.0,22200.0,41400.0,38100.0,,63000.0,44000.0,33700.0,22500.0,3640.0,29800.0,44700.0,76900.0,14350.0,303200.0,,,
2021-04-08,144000.0,7550.0,32400.0,84700.0,2906.0,256000.0,11550.0,8160.0,11350.0,127600.0,15900.0,13968.0,28450.0,8322.0,23300.0,11518.0,21650.0,41450.0,38050.0,,61800.0,42600.0,33950.0,22350.0,3620.0,30900.0,44250.0,74300.0,14200.0,300800.0,,,
2021-04-09,140000.0,7460.0,32750.0,83600.0,2872.0,262500.0,11650.0,8090.0,11400.0,129300.0,16425.0,13872.0,27450.0,8288.0,22900.0,11493.0,22700.0,41500.0,38200.0,,60700.0,42200.0,33850.0,22250.0,3630.0,31250.0,44550.0,73000.0,14200.0,305800.0,,,
2021-04-12,137500.0,7410.0,32300.0,83200.0,2876.0,263500.0,12150.0,7990.0,11850.0,126900.0,16500.0,13633.0,27450.0,8356.0,22700.0,11594.0,23500.0,43250.0,38700.0,,59900.0,42650.0,33700.0,22700.0,3660.0,31350.0,45050.0,72900.0,14250.0,302300.0,,,
2021-04-13,139500.0,7250.0,32400.0,84000.0,2945.0,263500.0,11950.0,8400.0,11950.0,125700.0,15875.0,13346.0,27150.0,8185.0,22950.0,11873.0,23200.0,43050.0,38800.0,,61000.0,42600.0,33650.0,23350.0,3650.0,31000.0,44800.0,72000.0,14300.0,309200.0,,,
2021-04-14,137000.0,7330.0,32200.0,84000.0,2928.0,264500.0,12000.0,8230.0,12950.0,126300.0,15875.0,13251.0,27100.0,8424.0,22900.0,11746.0,23250.0,42750.0,38100.0,,60000.0,42700.0,33000.0,23200.0,3735.0,31150.0,43900.0,71700.0,14200.0,307900.0,,,
2021-04-15,137500.0,7410.0,32250.0,84100.0,2928.0,265000.0,12100.0,8100.0,13250.0,124600.0,15600.0,13346.0,27550.0,8493.0,23650.0,12733.0,23900.0,42800.0,37900.0,,59600.0,43300.0,33700.0,23750.0,3650.0,31500.0,43400.0,72000.0,14250.0,309700.0,,,
2021-04-16,137500.0,7550.0,32450.0,83900.0,2928.0,263000.0,12100.0,8200.0,13150.0,123200.0,15750.0,13442.0,27350.0,8527.0,23650.0,13265.0,23900.0,42650.0,39650.0,,59500.0,44950.0,34150.0,23700.0,3700.0,32400.0,43700.0,75500.0,14350.0,315800.0,,,
2021-04-19,138000.0,7670.0,33750.0,83300.0,3045.0,268000.0,12400.0,8900.0,14650.0,126800.0,16125.0,14303.0,27800.0,9007.0,24600.0,14101.0,24800.0,44450.0,41650.0,,62800.0,47300.0,36500.0,26000.0,3835.0,32950.0,46500.0,74400.0,16200.0,329300.0,,,
2021-04-20,138500.0,7700.0,33800.0,83900.0,3071.0,263000.0,12250.0,8810.0,14700.0,125100.0,16450.0,14781.0,27750.0,9109.0,24900.0,14303.0,24750.0,44000.0,42000.0,,62000.0,47900.0,36550.0,26100.0,3840.0,32450.0,45700.0,73700.0,16550.0,324700.0,,,
2021-04-21,132500.0,7870.0,32850.0,82600.0,3309.0,254500.0,11850.0,8890.0,14700.0,125000.0,16525.0,14781.0,27000.0,9452.0,24200.0,14556.0,24550.0,42700.0,41400.0,,60000.0,48550.0,36800.0,25300.0,3745.0,32000.0,44900.0,72500.0,16150.0,320500.0,,,
2021-04-22,133000.0,8060.0,32950.0,82400.0,3525.0,251000.0,11800.0,8770.0,14550.0,127600.0,17000.0,14399.0,26600.0,9589.0,23750.0,13746.0,24550.0,42600.0,41200.0,,61000.0,47100.0,36650.0,24600.0,3715.0,32050.0,47650.0,72000.0,15600.0,336100.0,,,
2021-04-23,132500.0,7870.0,32950.0,82800.0,3534.0,254500.0,11900.0,8680.0,14450.0,127800.0,17875.0,14781.0,27300.0,10445.0,24300.0,13696.0,24500.0,41550.0,41150.0,,59500.0,47250.0,36600.0,24750.0,3715.0,32400.0,47950.0,71400.0,16100.0,336600.0,,,
2021-04-26,131500.0,7820.0,33200.0,83500.0,3451.0,250500.0,12150.0,8610.0,14200.0,128500.0,19025.0,14638.0,27000.0,11096.0,24150.0,13873.0,25000.0,41600.0,41150.0,,62000.0,48750.0,36450.0,24900.0,3710.0,32350.0,46050.0,67500.0,16200.0,356700.0,,,
2021-04-27,135000.0,7810.0,32500.0,82900.0,3598.0,249000.0,12250.0,8430.0,14800.0,124300.0,19075.0,14494.0,26400.0,11404.0,23650.0,13721.0,25150.0,40650.0,40000.0,,63500.0,47000.0,35750.0,24250.0,3680.0,31900.0,45500.0,67400.0,15750.0,351000.0,,,
2021-04-28,130000.0,7840.0,30750.0,82100.0,3590.0,244500.0,11800.0,8110.0,13700.0,117700.0,17500.0,13585.0,25200.0,10308.0,22650.0,13012.0,23550.0,39400.0,38400.0,,62100.0,45700.0,34650.0,23000.0,3505.0,31000.0,43000.0,63100.0,15350.0,342300.0,,,
2021-04-29,130000.0,7750.0,30150.0,81700.0,3529.0,243000.0,11750.0,8030.0,14000.0,117300.0,16800.0,13442.0,24900.0,10034.0,23000.0,13063.0,22600.0,39500.0,38400.0,,61900.0,44800.0,34100.0,22950.0,3480.0,30650.0,41950.0,62300.0,15750.0,350000.0,,,
2021-04-30,128000.0,7840.0,30850.0,81500.0,3473.0,247500.0,11450.0,7930.0,13350.0,117500.0,17225.0,13203.0,24900.0,9931.0,22850.0,12809.0,22750.0,39150.0,38100.0,,62700.0,45900.0,34850.0,22800.0,3500.0,30050.0,42200.0,63100.0,15300.0,355800.0,,,
2021-05-03,131500.0,7730.0,30250.0,81700.0,3399.0,247000.0,11200.0,7500.0,13150.0,114700.0,16900.0,12916.0,24550.0,9589.0,22150.0,12404.0,22200.0,38250.0,37150.0,,61400.0,43000.0,33950.0,22750.0,3500.0,30350.0,42050.0,59600.0,15000.0,350000.0,,,
2021-05-04,132000.0,7920.0,30400.0,82600.0,3443.0,242500.0,11900.0,7450.0,13800.0,114300.0,16750.0,13442.0,25000.0,10137.0,22450.0,13037.0,22450.0,38800.0,37200.0,,63200.0,45450.0,34600.0,23500.0,3460.0,30200.0,42100.0,60700.0,15050.0,348900.0,,,
2021-05-06,129000.0,7680.0,30350.0,82300.0,3265.0,249500.0,12100.0,7480.0,13300.0,114400.0,16275.0,13107.0,24700.0,10205.0,22300.0,12809.0,22650.0,38500.0,36850.0,,64100.0,44850.0,35250.0,23150.0,3515.0,29900.0,41650.0,58500.0,15000.0,354300.0,,,
2021-05-07,129500.0,7380.0,30800.0,81900.0,3287.0,247000.0,11950.0,7500.0,13250.0,116300.0,16350.0,13251.0,24950.0,10205.0,22250.0,12683.0,22500.0,38650.0,37100.0,,66800.0,44500.0,35150.0,23750.0,3520.0,29800.0,40750.0,61400.0,15150.0,350700.0,,,
2021-05-10,130000.0,7270.0,31500.0,83200.0,3399.0,253000.0,11900.0,7720.0,13350.0,115500.0,16100.0,13298.0,25000.0,10068.0,22150.0,12582.0,22200.0,39400.0,37700.0,,66400.0,44950.0,34600.0,23800.0,3530.0,29700.0,39900.0,62900.0,15500.0,351000.0,,,
2021-05-11,123000.0,6800.0,30250.0,81200.0,3430.0,241500.0,11600.0,7420.0,12900.0,110700.0,15550.0,13059.0,23700.0,9555.0,21900.0,11898.0,21000.0,38050.0,35950.0,,66000.0,43850.0,33100.0,22850.0,3450.0,28700.0,38000.0,59900.0,15400.0,340500.0,,,
2021-05-12,119500.0,6790.0,29850.0,80000.0,3356.0,231500.0,11250.0,7350.0,13050.0,110400.0,15850.0,12485.0,22800.0,9315.0,21150.0,12075.0,20950.0,36900.0,35850.0,,65000.0,43750.0,33150.0,22250.0,3355.0,28600.0,38850.0,58100.0,15250.0,340200.0,,,
2021-05-13,117500.0,6770.0,28350.0,78500.0,3231.0,232000.0,11100.0,7230.0,12650.0,105500.0,15000.0,12055.0,22450.0,9075.0,20550.0,11822.0,20400.0,36350.0,34500.0,,63200.0,41850.0,32050.0,21650.0,3335.0,27700.0,37500.0,56900.0,14850.0,327900.0,,,
2021-05-14,118500.0,6940.0,29250.0,80100.0,3287.0,242000.0,11300.0,7380.0,13650.0,112800.0,16425.0,12629.0,24150.0,9486.0,21200.0,12455.0,21500.0,37650.0,35200.0,,64200.0,44700.0,32750.0,22100.0,3365.0,29300.0,39000.0,60900.0,14950.0,334200.0,,,
2021-05-17,117500.0,6860.0,28750.0,79600.0,3200.0,234500.0,11100.0,7330.0,13700.0,110700.0,16350.0,12294.0,23400.0,9349.0,21300.0,12101.0,21750.0,36800.0,34950.0,,64500.0,43200.0,31950.0,22200.0,3355.0,29600.0,37900.0,59300.0,14550.0,332000.0,,,
2021-05-18,121000.0,6920.0,29300.0,79600.0,3157.0,235000.0,11200.0,7430.0,14150.0,117500.0,17100.0,12629.0,23900.0,9520.0,21200.0,13088.0,21700.0,36250.0,34900.0,,63700.0,43500.0,32400.0,22400.0,3125.0,28750.0,36600.0,59800.0,14550.0,331000.0,,,
2021-05-20,122500.0,7070.0,29400.0,79500.0,3235.0,238000.0,11500.0,7520.0,14500.0,119500.0,17125.0,13107.0,25300.0,9555.0,20900.0,13696.0,22100.0,37300.0,34400.0,,63900.0,43800.0,33000.0,22450.0,3145.0,29700.0,34700.0,60000.0,15350.0,339000.0,,,
2021-05-21,122500.0,7100.0,29200.0,80100.0,3114.0,245500.0,11350.0,7490.0,14350.0,116600.0,17125.0,12820.0,24800.0,9452.0,21100.0,13468.0,22000.0,36500.0,34350.0,,64200.0,44050.0,32850.0,22150.0,3130.0,29000.0,34700.0,59700.0,14800.0,338200.0,,,
2021-05-24,119500.0,7040.0,28350.0,79700.0,3053.0,237000.0,11350.0,7240.0,14300.0,112000.0,16275.0,12485.0,23550.0,8972.0,20900.0,12860.0,22050.0,35000.0,33300.0,,63800.0,43000.0,32300.0,21800.0,3040.0,28200.0,31900.0,59700.0,14350.0,328000.0,,,
2021-05-25,123000.0,7070.0,28500.0,79900.0,3040.0,242000.0,11300.0,7300.0,14650.0,114100.0,16125.0,12581.0,23550.0,9246.0,20800.0,13265.0,21150.0,35750.0,33550.0,,64500.0,43700.0,32500.0,22200.0,3065.0,28050.0,34300.0,61800.0,14250.0,325100.0,,,
2021-05-26,123000.0,7010.0,28350.0,79800.0,3049.0,244000.0,11300.0,7270.0,14950.0,113800.0,15900.0,12772.0,23100.0,9931.0,20750.0,12961.0,21100.0,35400.0,33300.0,,65800.0,43100.0,33600.0,22050.0,3110.0,27900.0,34400.0,60500.0,14350.0,325500.0,,,
2021-05-27,125500.0,7030.0,28800.0,79600.0,2967.0,249000.0,11200.0,7190.0,15300.0,113000.0,16850.0,12772.0,23350.0,9966.0,20100.0,13341.0,20900.0,35450.0,33700.0,,63500.0,44350.0,33350.0,22150.0,3085.0,27950.0,33500.0,60800.0,14400.0,327000.0,,,
2021-05-28,125000.0,7090.0,28850.0,80100.0,2963.0,250000.0,11200.0,7240.0,14650.0,112400.0,16650.0,12581.0,23350.0,9794.0,20250.0,13088.0,20850.0,35500.0,33650.0,,64000.0,44550.0,33700.0,22450.0,3085.0,27850.0,34100.0,60700.0,15000.0,328100.0,,,
2021-05-31,127000.0,7130.0,28600.0,80500.0,3053.0,249000.0,11350.0,7260.0,14450.0,113200.0,16300.0,12581.0,23100.0,9692.0,20500.0,13518.0,20350.0,35450.0,34150.0,,63800.0,43950.0,33450.0,22550.0,3140.0,28000.0,33800.0,60400.0,15100.0,328200.0,,,
2021-06-01,128500.0,7220.0,28650.0,80600.0,3058.0,255000.0,11450.0,7320.0,14200.0,112500.0,16100.0,12629.0,23100.0,9726.0,20300.0,13417.0,20600.0,35400.0,34800.0,,63300.0,44550.0,34400.0,22500.0,3180.0,27700.0,33800.0,60100.0,15050.0,328300.0,,,
2021-06-02,126000.0,7260.0,28400.0,80800.0,3127.0,254500.0,11500.0,7420.0,13950.0,111100.0,16500.0,12485.0,22900.0,9418.0,20400.0,13063.0,20550.0,35050.0,34150.0,,62100.0,44750.0,35900.0,22900.0,3145.0,27100.0,34400.0,60000.0,15200.0,327800.0,,,
2021-06-03,129000.0,7360.0,29150.0,82800.0,3170.0,256000.0,11850.0,7760.0,14650.0,116200.0,17450.0,12868.0,23900.0,9897.0,21350.0,13316.0,21450.0,36300.0,35000.0,,64400.0,46100.0,36050.0,23150.0,3215.0,28000.0,35650.0,62000.0,15450.0,344600.0,,,
2021-06-04,128500.0,7230.0,28700.0,82200.0,3183.0,256000.0,12600.0,7660.0,14450.0,114200.0,16975.0,12533.0,23450.0,9931.0,21450.0,13392.0,21400.0,35650.0,34400.0,,63700.0,46200.0,35850.0,23100.0,3165.0,27500.0,36400.0,60100.0,15300.0,344000.0,,,
2021-06-07,128500.0,7130.0,29550.0,81900.0,3270.0,255500.0,12900.0,7610.0,14500.0,114400.0,17100.0,12724.0,23300.0,10103.0,21500.0,13417.0,21200.0,37050.0,34950.0,,64000.0,46250.0,35250.0,23050.0,3190.0,27950.0,36900.0,60600.0,15450.0,344000.0,,,
2021-06-08,127500.0,7130.0,28900.0,81900.0,3291.0,255000.0,12600.0,7480.0,13950.0,110600.0,16800.0,12581.0,23150.0,10103.0,21300.0,13442.0,20900.0,36800.0,34500.0,,62700.0,44900.0,36100.0,22800.0,3170.0,28200.0,36000.0,60600.0,15200.0,333800.0,,,
2021-06-09,122500.0,7070.0,28450.0,81100.0,3222.0,254000.0,12600.0,7410.0,13850.0,107800.0,16450.0,12437.0,22900.0,9794.0,21100.0,13518.0,20550.0,35950.0,34400.0,,62300.0,44500.0,35000.0,22900.0,3150.0,27300.0,35350.0,60500.0,15050.0,327000.0,,,
2021-06-10,123000.0,7120.0,28850.0,81000.0,3322.0,250000.0,13800.0,7480.0,13850.0,107900.0,16725.0,12677.0,23050.0,9829.0,20900.0,13620.0,20800.0,35950.0,34650.0,,62200.0,44250.0,35150.0,22600.0,3155.0,27200.0,34850.0,61600.0,14950.0,330000.0,,,
2021-06-11,128000.0,7200.0,29000.0,81000.0,3581.0,250500.0,13900.0,7480.0,14000.0,108400.0,16650.0,12533.0,23050.0,10103.0,21100.0,13594.0,20850.0,36150.0,35100.0,,60000.0,42700.0,35150.0,22300.0,3125.0,27650.0,34600.0,65000.0,15550.0,329100.0,,,
2021-06-14,127000.0,7250.0,28650.0,80500.0,3503.0,250500.0,14150.0,7470.0,13900.0,107800.0,16475.0,12485.0,22900.0,10103.0,20700.0,13771.0,20900.0,36100.0,34700.0,,58800.0,41500.0,34750.0,22050.0,3100.0,27600.0,34650.0,67900.0,15650.0,328000.0,,,
2021-06-15,128500.0,7360.0,28700.0,80900.0,3668.0,250000.0,14450.0,7560.0,14200.0,109000.0,16675.0,12437.0,22750.0,10616.0,20800.0,13442.0,20800.0,35750.0,34800.0,,58100.0,43450.0,34500.0,22050.0,3110.0,27350.0,34600.0,69200.0,15750.0,328500.0,,,
2021-06-16,129500.0,7440.0,28650.0,81800.0,3707.0,254500.0,15000.0,7590.0,14250.0,110800.0,16800.0,12342.0,22550.0,10582.0,20700.0,13012.0,20950.0,35800.0,34700.0,,57900.0,44150.0,34300.0,22850.0,3260.0,27300.0,35000.0,68700.0,16250.0,327500.0,,,
2021-06-17,126500.0,7470.0,28900.0,80900.0,3707.0,252000.0,15850.0,7600.0,14500.0,115700.0,16825.0,12437.0,22750.0,11062.0,20550.0,13012.0,22200.0,36000.0,35150.0,,58500.0,47000.0,34650.0,23300.0,3265.0,27600.0,35750.0,68800.0,16350.0,331200.0,,,
2021-06-18,124500.0,7450.0,29050.0,80500.0,3992.0,256000.0,15900.0,7740.0,14400.0,115900.0,16850.0,12677.0,22850.0,11062.0,21300.0,13544.0,22350.0,36600.0,36000.0,,57900.0,46750.0,35750.0,23350.0,3350.0,28150.0,35500.0,68100.0,16750.0,330200.0,,,
2021-06-21,122000.0,7320.0,27700.0,79900.0,3685.0,249500.0,15900.0,7530.0,14000.0,112600.0,16350.0,12246.0,21850.0,10959.0,21200.0,13215.0,24500.0,35400.0,34950.0,,56000.0,45600.0,34900.0,23300.0,3330.0,27550.0,34750.0,65400.0,16150.0,327100.0,,,
2021-06-22,122000.0,7430.0,26800.0,80000.0,3685.0,250500.0,15800.0,7480.0,14850.0,112700.0,16425.0,12294.0,21250.0,10651.0,20800.0,13189.0,24450.0,35250.0,35100.0,,55700.0,45600.0,35250.0,23400.0,3345.0,27700.0,34000.0,64300.0,16150.0,328500.0,,,
2021-06-23,124000.0,7630.0,27450.0,80100.0,3529.0,248500.0,15550.0,7380.0,15700.0,116600.0,16150.0,12294.0,21400.0,10582.0,20750.0,13113.0,24100.0,34650.0,35050.0,,56800.0,45600.0,39200.0,23050.0,3285.0,28050.0,33300.0,64100.0,16150.0,325500.0,,,
2021-06-24,126000.0,7830.0,27400.0,81200.0,3555.0,247500.0,15600.0,7420.0,15450.0,118100.0,16350.0,12102.0,20850.0,10753.0,20600.0,12961.0,24000.0,34850.0,34700.0,,55600.0,45600.0,39450.0,23350.0,3255.0,28000.0,33500.0,66300.0,16600.0,321600.0,,,
2021-06-25,128500.0,7910.0,27500.0,81600.0,3525.0,249000.0,15450.0,7430.0,15000.0,117800.0,16350.0,12485.0,21550.0,11164.0,21500.0,13164.0,23700.0,35400.0,35050.0,,57100.0,45550.0,38500.0,23200.0,3265.0,27900.0,33950.0,66500.0,16300.0,321800.0,,,
2021-06-28,126000.0,8150.0,28200.0,81900.0,3555.0,245500.0,16600.0,7450.0,15300.0,117400.0,16375.0,12820.0,22050.0,10719.0,21700.0,13265.0,24100.0,35200.0,34650.0,,57900.0,45850.0,40700.0,22600.0,3315.0,28450.0,34300.0,65700.0,16300.0,326900.0,,,
2021-06-29,125000.0,8200.0,28250.0,81000.0,3555.0,240000.0,16700.0,7430.0,15050.0,117100.0,16525.0,12724.0,22200.0,10788.0,22000.0,13366.0,24200.0,35550.0,34950.0,,57300.0,46100.0,41450.0,22500.0,3305.0,28800.0,34100.0,66600.0,16150.0,328600.0,,,
2021-06-30,127500.0,8050.0,28650.0,80700.0,3590.0,245500.0,16250.0,7500.0,15500.0,119000.0,16925.0,12916.0,22100.0,10890.0,22650.0,13442.0,24300.0,35600.0,35300.0,,58600.0,46200.0,41250.0,24250.0,3305.0,29350.0,33950.0,67400.0,16250.0,328700.0,,,
2021-07-01,124500.0,8680.0,28150.0,80100.0,3633.0,240500.0,15550.0,7380.0,15300.0,119200.0,17050.0,12677.0,22000.0,10788.0,22400.0,13366.0,24450.0,35200.0,34850.0,,56700.0,44750.0,41050.0,24400.0,3290.0,30150.0,33650.0,66500.0,15900.0,325800.0,,,
2021-07-02,122500.0,8430.0,28150.0,80000.0,3547.0,240500.0,15750.0,7330.0,15000.0,117200.0,17925.0,12533.0,22050.0,10753.0,22400.0,13164.0,24700.0,35150.0,34300.0,,58300.0,44150.0,40550.0,23850.0,3330.0,29700.0,33750.0,64500.0,15550.0,320900.0,,,
2021-07-05,123000.0,8460.0,28400.0,80400.0,3525.0,238500.0,15350.0,7430.0,15450.0,118500.0,17525.0,13251.0,22000.0,10719.0,22300.0,12987.0,23950.0,35800.0,34900.0,,59700.0,44150.0,41250.0,24000.0,3285.0,29700.0,34450.0,64200.0,15750.0,318600.0,,,
2021-07-06,125000.0,8810.0,28250.0,81200.0,3521.0,243000.0,15500.0,7740.0,15100.0,117400.0,17550.0,13490.0,22200.0,10753.0,22300.0,12961.0,24100.0,36250.0,35550.0,,60400.0,44350.0,40450.0,23700.0,3325.0,29150.0,35950.0,64200.0,16250.0,322100.0,,,
2021-07-07,123500.0,9250.0,28200.0,80800.0,3464.0,243500.0,15000.0,7640.0,14950.0,117000.0,17625.0,13920.0,22000.0,10719.0,22100.0,12784.0,23900.0,35600.0,35200.0,,61000.0,43850.0,39550.0,23450.0,3325.0,28850.0,35500.0,63100.0,15950.0,320600.0,,,
2021-07-08,121500.0,8740.0,27350.0,79900.0,3339.0,237000.0,14700.0,7370.0,14650.0,117100.0,17075.0,13681.0,21750.0,10582.0,22200.0,12506.0,23300.0,34650.0,35050.0,,60300.0,43000.0,39050.0,23100.0,3240.0,27850.0,34700.0,60900.0,15700.0,317600.0,,,
2021-07-09,119500.0,8710.0,27050.0,79400.0,3322.0,232500.0,15000.0,7270.0,14600.0,113700.0,17125.0,13394.0,21300.0,10548.0,21850.0,12303.0,23250.0,33600.0,34300.0,,60800.0,42950.0,38600.0,22700.0,3170.0,27500.0,33650.0,61100.0,15550.0,316500.0,,,
2021-07-12,120000.0,8680.0,27550.0,79700.0,3287.0,236500.0,15000.0,7260.0,14400.0,114800.0,16925.0,13442.0,21650.0,10548.0,21800.0,12582.0,24550.0,33650.0,34600.0,,61400.0,43200.0,39900.0,22750.0,3250.0,27150.0,34400.0,60700.0,15650.0,317000.0,,,
2021-07-13,123000.0,8640.0,28250.0,79800.0,3287.0,237500.0,14950.0,7300.0,14400.0,115200.0,16975.0,13346.0,22200.0,10753.0,22200.0,12885.0,26050.0,34250.0,35000.0,,64200.0,43550.0,40400.0,23300.0,3275.0,28050.0,35000.0,60800.0,15650.0,308100.0,,,
2021-07-14,123500.0,8450.0,27850.0,79500.0,3226.0,238000.0,15550.0,7240.0,14150.0,114000.0,16800.0,13394.0,21900.0,11062.0,22100.0,13012.0,26000.0,34450.0,34550.0,,63900.0,43450.0,41700.0,23250.0,3340.0,27550.0,34600.0,60100.0,15600.0,311000.0,,,
2021-07-15,123500.0,8510.0,28700.0,80600.0,3278.0,249500.0,15500.0,7410.0,14300.0,114400.0,17125.0,13681.0,22600.0,12158.0,22350.0,13113.0,25750.0,35800.0,34950.0,,66800.0,45550.0,42300.0,23950.0,3310.0,28400.0,35000.0,61900.0,16200.0,319400.0,,,
2021-07-16,121500.0,8440.0,28350.0,79800.0,3200.0,250000.0,15000.0,7310.0,14350.0,111700.0,16975.0,13298.0,22200.0,11610.0,22250.0,12759.0,24050.0,35500.0,34950.0,,65700.0,45600.0,42700.0,23750.0,3375.0,29100.0,34550.0,61200.0,16150.0,327800.0,,,
2021-07-19,119000.0,8270.0,28800.0,79000.0,3244.0,247000.0,15150.0,7230.0,14400.0,109500.0,18275.0,13298.0,21650.0,11610.0,22450.0,13088.0,24300.0,34900.0,35450.0,,66600.0,45900.0,44300.0,23200.0,3280.0,28600.0,33900.0,60200.0,16200.0,337700.0,,,
2021-07-20,118500.0,8150.0,30350.0,79000.0,3209.0,250000.0,15000.0,7200.0,14450.0,109100.0,18750.0,13059.0,22850.0,11781.0,22700.0,12860.0,23700.0,35550.0,34950.0,,65300.0,46400.0,44600.0,23300.0,3215.0,28700.0,33650.0,60500.0,15850.0,351000.0,,,
2021-07-21,117000.0,8170.0,29800.0,78500.0,3179.0,259000.0,15000.0,7150.0,14500.0,108700.0,18650.0,13203.0,24000.0,11507.0,22500.0,12835.0,23850.0,34800.0,34600.0,,66700.0,46400.0,45700.0,23100.0,3280.0,29150.0,33850.0,60400.0,15700.0,348700.0,,,
2021-07-22,119500.0,8700.0,29950.0,79700.0,3200.0,282500.0,15300.0,7310.0,15200.0,112000.0,19600.0,13442.0,27300.0,11610.0,23650.0,13999.0,25400.0,35450.0,35200.0,,71900.0,51600.0,45300.0,25100.0,3300.0,30050.0,34950.0,61900.0,16050.0,367700.0,,,
2021-07-23,118500.0,8780.0,29650.0,79300.0,3218.0,284000.0,15350.0,7420.0,15000.0,111800.0,20150.0,13346.0,26950.0,11370.0,23600.0,14126.0,24700.0,35600.0,35100.0,,73300.0,51600.0,44550.0,25050.0,3380.0,30100.0,34300.0,61400.0,15950.0,353500.0,,,
2021-07-26,117000.0,8930.0,29300.0,78800.0,3226.0,283000.0,14950.0,7270.0,14750.0,119200.0,19150.0,13203.0,26000.0,11301.0,23500.0,14227.0,24450.0,35050.0,34800.0,,73600.0,51600.0,44600.0,24950.0,3330.0,29300.0,35200.0,60600.0,16050.0,350400.0,,,
2021-07-27,116000.0,9450.0,29000.0,78500.0,3300.0,278000.0,15100.0,7320.0,14800.0,118800.0,19050.0,13107.0,25250.0,11336.0,23850.0,13923.0,25650.0,35200.0,36150.0,,74900.0,53800.0,44350.0,25700.0,3265.0,29500.0,34800.0,61100.0,16450.0,348000.0,,,
2021-07-28,114000.0,9240.0,29600.0,79200.0,3265.0,261000.0,18300.0,7210.0,14550.0,115600.0,19125.0,12820.0,25550.0,10890.0,23500.0,13594.0,25450.0,34750.0,35400.0,,74900.0,51100.0,43150.0,26050.0,3225.0,29150.0,36300.0,60600.0,16050.0,342000.0,,,
2021-07-29,114000.0,9130.0,30000.0,79000.0,3209.0,268000.0,18800.0,7220.0,14600.0,115500.0,18450.0,12916.0,26650.0,10959.0,23750.0,13544.0,25900.0,34650.0,35150.0,,77100.0,51600.0,44000.0,25800.0,3195.0,29350.0,37250.0,60400.0,15900.0,343700.0,,,
2021-07-30,112500.0,9040.0,29250.0,78500.0,3222.0,267500.0,20500.0,7160.0,14250.0,115700.0,18325.0,12724.0,26750.0,10753.0,23400.0,13417.0,26000.0,34200.0,34400.0,,77300.0,51300.0,43850.0,24800.0,3135.0,28550.0,35650.0,59900.0,15600.0,339800.0,,,
2021-08-02,116000.0,9040.0,29650.0,79300.0,3265.0,267500.0,23150.0,7310.0,14500.0,115200.0,18725.0,13251.0,27100.0,10822.0,23450.0,13822.0,26350.0,34900.0,34350.0,,77400.0,52200.0,46800.0,26000.0,3115.0,29050.0,35700.0,59900.0,15750.0,340800.0,,,
2021-08-03,120000.0,9060.0,29900.0,81400.0,3192.0,269000.0,24250.0,7480.0,14600.0,118000.0,18750.0,13681.0,26750.0,11164.0,23850.0,13949.0,27450.0,36650.0,34550.0,,79400.0,51800.0,46100.0,26550.0,3115.0,29200.0,36000.0,60100.0,15850.0,346300.0,,,
2021-08-04,121000.0,9080.0,29600.0,82900.0,3226.0,264000.0,20300.0,7490.0,14700.0,117100.0,18600.0,13633.0,26700.0,11130.0,24050.0,13797.0,27200.0,36500.0,35050.0,,78800.0,50900.0,45000.0,26750.0,3155.0,29400.0,36150.0,60200.0,16050.0,341500.0,,,
2021-08-05,120000.0,9820.0,29600.0,82100.0,3261.0,265500.0,20750.0,7640.0,15300.0,117100.0,18625.0,13681.0,26600.0,11164.0,24700.0,14177.0,28350.0,36800.0,35200.0,,78400.0,51800.0,46100.0,28700.0,3155.0,30000.0,35650.0,61000.0,16350.0,340000.0,,,
2021-08-06,118000.0,9300.0,29550.0,81500.0,3265.0,268000.0,21100.0,7640.0,15250.0,116600.0,18425.0,13825.0,26800.0,11164.0,24550.0,14278.0,28850.0,37000.0,34950.0,,77200.0,52000.0,45450.0,30400.0,3170.0,29750.0,35650.0,60600.0,16450.0,336200.0,,,
2021-08-09,116000.0,9500.0,30000.0,81500.0,3252.0,270500.0,19750.0,7800.0,15150.0,120900.0,18750.0,13920.0,27350.0,11438.0,25700.0,14506.0,29850.0,38400.0,35450.0,,80300.0,52300.0,45050.0,30650.0,3165.0,30600.0,35100.0,60200.0,17400.0,338200.0,,,
2021-08-10,112500.0,10200.0,29300.0,80200.0,3252.0,293500.0,20100.0,7520.0,14550.0,118000.0,18225.0,13729.0,26350.0,11096.0,25700.0,14278.0,28800.0,37200.0,35500.0,,79200.0,51000.0,43600.0,31600.0,3155.0,30600.0,34250.0,59800.0,17200.0,339500.0,,,
2021-08-11,105500.0,10400.0,27750.0,78500.0,3218.0,289000.0,18650.0,7310.0,13650.0,114700.0,17700.0,12964.0,25250.0,10753.0,25050.0,13442.0,27300.0,35950.0,34250.0,,79200.0,50200.0,42000.0,30750.0,3140.0,29500.0,32800.0,58300.0,16200.0,327800.0,,,
2021-08-12,100500.0,10150.0,27750.0,77000.0,3352.0,290000.0,22000.0,7200.0,13200.0,116300.0,17950.0,12868.0,25300.0,10788.0,25250.0,12961.0,27400.0,35500.0,34050.0,,79200.0,49500.0,42050.0,31850.0,3120.0,29500.0,32100.0,57600.0,16400.0,329000.0,,,
2021-08-13,101500.0,10100.0,26900.0,74400.0,3270.0,297000.0,22550.0,6950.0,13050.0,112700.0,17100.0,12390.0,24350.0,10548.0,25350.0,13164.0,27000.0,34200.0,32900.0,,76300.0,48400.0,40650.0,30950.0,3015.0,28100.0,31650.0,54700.0,16000.0,324200.0,,,
2021-08-17,101500.0,10000.0,26950.0,74200.0,3218.0,287000.0,20850.0,6680.0,12900.0,120000.0,16650.0,12198.0,24900.0,10445.0,25100.0,12759.0,27100.0,34050.0,32900.0,,74000.0,46200.0,39100.0,30650.0,2915.0,27600.0,30100.0,51500.0,16250.0,312000.0,,,
2021-08-18,104000.0,9980.0,27050.0,73900.0,3144.0,286000.0,21000.0,6790.0,13000.0,119900.0,16850.0,12198.0,25200.0,10514.0,25100.0,12936.0,27850.0,33900.0,32400.0,,74100.0,45850.0,40750.0,31300.0,2895.0,26600.0,30600.0,53100.0,16700.0,299500.0,,,
2021-08-19,102500.0,9840.0,25850.0,73100.0,3469.0,284500.0,21500.0,6450.0,12150.0,121000.0,15850.0,11528.0,24250.0,10103.0,24850.0,12303.0,26800.0,31600.0,30750.0,,70900.0,44100.0,38800.0,30450.0,2860.0,24800.0,29400.0,51400.0,17300.0,288000.0,,,
2021-08-20,102500.0,9500.0,25100.0,72700.0,3226.0,284000.0,20450.0,6220.0,11900.0,118800.0,16050.0,11815.0,23200.0,9657.0,24750.0,12075.0,27000.0,31600.0,30700.0,,69200.0,43750.0,38050.0,30850.0,2700.0,23950.0,27650.0,49400.0,16700.0,277400.0,,,
2021-08-23,103000.0,9370.0,25550.0,73300.0,3248.0,285000.0,22300.0,6350.0,12350.0,118900.0,16600.0,11911.0,23400.0,9931.0,25050.0,12506.0,27400.0,31000.0,31200.0,,70000.0,43850.0,39400.0,30800.0,2725.0,24450.0,28850.0,51100.0,17200.0,282600.0,,,
2021-08-24,105000.0,9820.0,26500.0,75600.0,3451.0,289500.0,22300.0,6760.0,12350.0,123800.0,17200.0,12342.0,25350.0,10377.0,24950.0,12885.0,27600.0,33050.0,31650.0,,70000.0,47000.0,40950.0,31400.0,2825.0,25400.0,29700.0,54000.0,17900.0,280700.0,,,
2021-08-25,103500.0,9550.0,26250.0,75700.0,3594.0,295000.0,22800.0,6730.0,12300.0,124400.0,17425.0,12294.0,24750.0,11199.0,25200.0,12809.0,26650.0,32700.0,33500.0,,68300.0,48500.0,39500.0,30800.0,2860.0,26150.0,29500.0,56400.0,18650.0,276300.0,,,
2021-08-26,104000.0,9900.0,25900.0,74600.0,3594.0,297000.0,26300.0,6750.0,12050.0,121000.0,17425.0,12485.0,24400.0,11644.0,25200.0,12835.0,25650.0,32100.0,33700.0,,68100.0,49350.0,40850.0,32700.0,3060.0,25850.0,28850.0,53900.0,19150.0,275800.0,,,
2021-08-27,103500.0,9900.0,26050.0,74300.0,3815.0,294000.0,26350.0,6760.0,12050.0,121500.0,17250.0,12342.0,24750.0,11644.0,25500.0,12759.0,25650.0,32150.0,35000.0,,67500.0,49500.0,40200.0,30750.0,3115.0,26250.0,28950.0,53000.0,18650.0,289000.0,,,
2021-08-30,103500.0,9880.0,26100.0,74600.0,3841.0,287000.0,24450.0,6790.0,12050.0,120100.0,17175.0,12390.0,24350.0,12192.0,25400.0,12835.0,25500.0,32250.0,35200.0,,66500.0,49500.0,39200.0,30600.0,3115.0,26100.0,29300.0,52600.0,18700.0,284100.0,,,
2021-08-31,106500.0,9710.0,26500.0,76700.0,3707.0,290500.0,24300.0,6920.0,12000.0,120600.0,17275.0,12533.0,25550.0,12226.0,24800.0,13139.0,25850.0,32750.0,35700.0,,67500.0,49900.0,40750.0,30700.0,3045.0,26600.0,29400.0,53600.0,18500.0,283300.0,,,
2021-09-01,108000.0,9490.0,26400.0,76800.0,3823.0,292000.0,24150.0,6940.0,11700.0,122700.0,17100.0,12390.0,25500.0,12295.0,24950.0,13113.0,25700.0,32450.0,34750.0,,68400.0,49300.0,41350.0,29950.0,3080.0,26250.0,29450.0,54500.0,18550.0,291200.0,,,
2021-09-02,106500.0,9230.0,26000.0,76000.0,3802.0,296000.0,25350.0,6890.0,12000.0,121500.0,17000.0,12485.0,24750.0,12568.0,24600.0,12708.0,26550.0,32800.0,34350.0,,73200.0,48800.0,40250.0,30250.0,3105.0,26000.0,29950.0,56800.0,18700.0,291000.0,,,
2021-09-03,107000.0,9150.0,26400.0,76600.0,3676.0,307500.0,26450.0,7030.0,12150.0,127300.0,17025.0,12724.0,25050.0,12877.0,24850.0,12531.0,27050.0,33150.0,34450.0,,71600.0,51800.0,40200.0,30550.0,3105.0,26050.0,30200.0,58100.0,18500.0,287900.0,,,
2021-09-06,106000.0,9160.0,26800.0,77300.0,3754.0,304000.0,26550.0,7010.0,12450.0,125700.0,16650.0,12724.0,25800.0,12979.0,24800.0,12506.0,27500.0,34450.0,34750.0,,72100.0,52300.0,39900.0,30550.0,3075.0,25750.0,30450.0,59100.0,18350.0,286100.0,,,
2021-09-07,104500.0,9020.0,26450.0,76100.0,4143.0,307000.0,26600.0,6900.0,12800.0,124500.0,16375.0,12581.0,25400.0,12774.0,25050.0,12531.0,28050.0,34200.0,34400.0,,72300.0,50600.0,39650.0,30400.0,3045.0,25450.0,29800.0,59800.0,18100.0,286800.0,,,
2021-09-08,106000.0,8710.0,26150.0,76300.0,4066.0,310000.0,25900.0,6830.0,12850.0,119800.0,16275.0,12390.0,24300.0,13151.0,24450.0,12328.0,27300.0,34350.0,33750.0,,71600.0,49600.0,39250.0,29750.0,2980.0,24950.0,29100.0,59100.0,18200.0,281100.0,,,
2021-09-09,103000.0,8440.0,26000.0,75300.0,4239.0,306500.0,24500.0,6670.0,13000.0,118600.0,16050.0,12150.0,24550.0,13322.0,24350.0,11898.0,26800.0,34150.0,34350.0,,71300.0,48800.0,38650.0,29600.0,2950.0,24500.0,28900.0,61100.0,17850.0,278700.0,,,
2021-09-10,105000.0,8490.0,25850.0,75300.0,4265.0,318500.0,24950.0,6800.0,13050.0,118200.0,16125.0,12246.0,24550.0,14349.0,24800.0,12075.0,26300.0,33750.0,33850.0,,72600.0,50700.0,38950.0,29750.0,2995.0,25150.0,31500.0,60800.0,17650.0,281700.0,,,
2021-09-13,106500.0,8190.0,25450.0,76300.0,4122.0,317500.0,24800.0,6660.0,12700.0,116800.0,15975.0,12294.0,23750.0,14384.0,24400.0,12151.0,26800.0,33050.0,33450.0,,74900.0,49650.0,38500.0,29350.0,3015.0,24550.0,32650.0,59700.0,17400.0,278300.0,,,
2021-09-14,107500.0,8490.0,26450.0,76600.0,4035.0,327000.0,24650.0,6730.0,12800.0,117100.0,16025.0,12485.0,24250.0,13938.0,24400.0,12177.0,27200.0,33950.0,33650.0,,76200.0,51300.0,38850.0,29400.0,3025.0,24950.0,34300.0,60400.0,17300.0,285000.0,,,
2021-09-15,107500.0,8330.0,28350.0,77000.0,4191.0,341500.0,23650.0,6670.0,12600.0,117300.0,16100.0,12342.0,23750.0,11747.0,24400.0,12025.0,27350.0,34050.0,33700.0,,76300.0,50700.0,41350.0,28700.0,3000.0,25450.0,34150.0,59600.0,17200.0,302700.0,,,
2021-09-16,104000.0,8190.0,29450.0,76100.0,3948.0,335000.0,23500.0,6590.0,12700.0,115000.0,15925.0,12007.0,23150.0,11918.0,24250.0,11721.0,26800.0,34250.0,33900.0,,73100.0,50700.0,42100.0,28800.0,2935.0,25500.0,33200.0,58400.0,17000.0,294700.0,,,
2021-09-17,107000.0,8240.0,30950.0,77200.0,4230.0,333500.0,22700.0,6740.0,13100.0,118700.0,16250.0,12198.0,23300.0,12397.0,24500.0,11923.0,27000.0,34950.0,34350.0,,74900.0,52700.0,44150.0,29600.0,2975.0,26000.0,33250.0,59500.0,17550.0,296900.0,,,
2021-09-23,105500.0,8020.0,30950.0,77400.0,3924.0,348000.0,22400.0,6740.0,12650.0,116600.0,16225.0,12150.0,22850.0,12603.0,24150.0,11518.0,26300.0,34150.0,33150.0,,73800.0,53200.0,43700.0,28950.0,2965.0,25700.0,31900.0,56800.0,17200.0,290100.0,,,
2021-09-24,104000.0,8200.0,31000.0,77300.0,3797.0,371500.0,23400.0,6670.0,12300.0,115500.0,16200.0,12055.0,22600.0,12534.0,24250.0,11366.0,25900.0,33550.0,33150.0,,72100.0,53900.0,43250.0,29950.0,3025.0,25150.0,31600.0,56900.0,17300.0,291000.0,,,
2021-09-27,104500.0,8300.0,32500.0,77700.0,3836.0,372500.0,23500.0,6620.0,12500.0,113800.0,16500.0,11911.0,22900.0,12226.0,24000.0,11366.0,25550.0,32950.0,33750.0,,72300.0,53600.0,42000.0,29900.0,2945.0,25350.0,29250.0,56100.0,17150.0,291000.0,,,
2021-09-28,103500.0,8110.0,31900.0,76300.0,3617.0,359500.0,21750.0,6390.0,12000.0,110300.0,16100.0,11528.0,22700.0,11781.0,24200.0,10885.0,23950.0,31500.0,33200.0,,70100.0,51500.0,41350.0,29150.0,2910.0,25000.0,28400.0,53400.0,17100.0,282300.0,,,
2021-09-29,100000.0,7920.0,31450.0,74100.0,3583.0,349500.0,21600.0,6200.0,11700.0,107800.0,15450.0,11863.0,22200.0,11644.0,25250.0,10683.0,23600.0,30400.0,32950.0,,66700.0,49900.0,41000.0,28000.0,2850.0,24750.0,27300.0,55000.0,16800.0,271900.0,,,
2021-09-30,103000.0,7780.0,31450.0,74100.0,3554.0,346500.0,21900.0,6250.0,11650.0,107000.0,15550.0,11672.0,21650.0,11336.0,24850.0,10658.0,23200.0,30550.0,32600.0,,67500.0,48900.0,41250.0,27900.0,2890.0,24250.0,27500.0,54000.0,16750.0,273200.0,,,
2021-10-01,100000.0,7380.0,32400.0,73200.0,3554.0,339500.0,22250.0,6050.0,11400.0,102400.0,15250.0,11863.0,20600.0,11986.0,25400.0,10328.0,23250.0,29650.0,31900.0,,65900.0,46900.0,40350.0,27000.0,2880.0,22800.0,26300.0,52800.0,16400.0,265700.0,,,
2021-10-05,97900.0,7100.0,32250.0,72200.0,3471.0,333500.0,20850.0,5980.0,11300.0,101500.0,14500.0,12102.0,20750.0,11678.0,24850.0,10025.0,23800.0,29100.0,31950.0,,64100.0,46150.0,39750.0,26900.0,2735.0,21700.0,24100.0,51900.0,16050.0,259000.0,,,
2021-10-06,96500.0,6710.0,30350.0,71300.0,3267.0,327000.0,18600.0,5790.0,10750.0,98300.0,13750.0,11720.0,19800.0,11712.0,24850.0,9949.0,23400.0,27900.0,31000.0,,61700.0,44350.0,38550.0,25500.0,2665.0,21150.0,22750.0,50000.0,15400.0,250000.0,,,
2021-10-07,95700.0,7050.0,31650.0,71600.0,3598.0,329500.0,19300.0,6020.0,11100.0,99900.0,15100.0,11815.0,20750.0,11815.0,25350.0,10632.0,24200.0,28850.0,32350.0,,61700.0,45200.0,41500.0,26400.0,2710.0,22200.0,23250.0,50700.0,16150.0,257900.0,,,
2021-10-08,94000.0,7040.0,33600.0,71500.0,3306.0,334500.0,18800.0,5930.0,11150.0,97100.0,14700.0,11385.0,21450.0,11507.0,25150.0,9594.0,23450.0,27800.0,31400.0,,60500.0,43550.0,42500.0,25850.0,2700.0,21900.0,24250.0,49700.0,16350.0,251700.0,,,
2021-10-12,91500.0,7090.0,32850.0,69000.0,3355.0,333000.0,18050.0,5900.0,10950.0,97000.0,14050.0,11098.0,21750.0,11849.0,24950.0,9442.0,22650.0,27950.0,32600.0,,59800.0,42050.0,41850.0,25700.0,2635.0,20950.0,23750.0,48900.0,16450.0,244500.0,,,
2021-10-13,92000.0,7100.0,34300.0,68800.0,3413.0,339000.0,19200.0,5930.0,10950.0,96100.0,14050.0,11289.0,21750.0,11849.0,25050.0,9442.0,22850.0,28500.0,32600.0,,59500.0,40800.0,42650.0,25650.0,2605.0,21000.0,23900.0,49500.0,16200.0,243600.0,,,
2021-10-14,93800.0,7250.0,34700.0,69400.0,3617.0,349500.0,20200.0,6090.0,11200.0,98600.0,14600.0,11672.0,23850.0,12740.0,27700.0,9772.0,23500.0,28900.0,33050.0,,61400.0,42050.0,44000.0,27500.0,2675.0,21600.0,24450.0,51800.0,16600.0,247600.0,,,
2021-10-15,98400.0,7310.0,34150.0,70100.0,3680.0,362000.0,21950.0,6130.0,11200.0,100600.0,15700.0,11815.0,23900.0,12911.0,26950.0,9974.0,23900.0,29150.0,33200.0,,62600.0,43150.0,45450.0,28100.0,2700.0,21700.0,24750.0,52000.0,16700.0,263100.0,,,
2021-10-18,97100.0,7340.0,34150.0,70200.0,3724.0,362000.0,21300.0,6190.0,11200.0,102400.0,15575.0,12055.0,23900.0,13562.0,27100.0,10151.0,24300.0,29300.0,33300.0,,63000.0,43450.0,44750.0,28900.0,2755.0,22050.0,24650.0,52100.0,16700.0,262700.0,,,
2021-10-19,97700.0,7120.0,33750.0,70600.0,3724.0,362500.0,21550.0,6200.0,11200.0,101500.0,15325.0,12055.0,23950.0,13527.0,28600.0,10075.0,24200.0,29450.0,33450.0,,62900.0,43600.0,46100.0,28850.0,2830.0,21800.0,24450.0,52100.0,16800.0,262200.0,,,
2021-10-20,97900.0,7170.0,34750.0,70300.0,3700.0,346500.0,20500.0,6120.0,11200.0,100200.0,15150.0,11911.0,24050.0,13288.0,28450.0,9797.0,24400.0,29100.0,32350.0,,61900.0,45250.0,44650.0,29000.0,2835.0,21550.0,24400.0,51400.0,16800.0,260700.0,,,
2021-10-21,96300.0,7150.0,33150.0,70200.0,3812.0,342500.0,20100.0,6120.0,10950.0,99600.0,15075.0,11863.0,24400.0,12842.0,27500.0,9746.0,23750.0,28800.0,32200.0,,60700.0,45900.0,43900.0,28400.0,2850.0,21200.0,25750.0,50500.0,16600.0,257100.0,,,
2021-10-22,98500.0,7550.0,33500.0,70400.0,3919.0,342500.0,19800.0,6150.0,11000.0,99000.0,15275.0,11815.0,24300.0,12877.0,27650.0,9594.0,24900.0,28850.0,31950.0,,61000.0,45900.0,44050.0,28600.0,2830.0,21450.0,25950.0,51000.0,16550.0,255000.0,,,
2021-10-25,100000.0,7660.0,32650.0,70200.0,3807.0,339000.0,19900.0,6160.0,11150.0,100100.0,15325.0,11863.0,24650.0,12705.0,27050.0,9721.0,24800.0,29100.0,32000.0,,61000.0,46300.0,45500.0,28700.0,2815.0,22200.0,26300.0,51000.0,16800.0,253300.0,,,
2021-10-26,102000.0,7810.0,33750.0,71100.0,3763.0,339000.0,19700.0,6330.0,11550.0,100700.0,15825.0,12102.0,24700.0,13219.0,27050.0,9974.0,25500.0,29950.0,32750.0,,63500.0,47600.0,45100.0,29900.0,2860.0,22450.0,26300.0,52500.0,17050.0,259200.0,,,
2021-10-27,101500.0,7830.0,34300.0,70100.0,3797.0,336000.0,19400.0,6280.0,11200.0,100100.0,15775.0,12102.0,24700.0,13664.0,27950.0,10025.0,25600.0,29350.0,32450.0,,64300.0,47400.0,45100.0,30250.0,2880.0,22450.0,25650.0,53700.0,17200.0,264200.0,,,
2021-10-28,106500.0,8030.0,35150.0,70700.0,4118.0,339000.0,19500.0,6470.0,11400.0,107300.0,16275.0,12342.0,25100.0,15240.0,28500.0,10784.0,26650.0,29700.0,32900.0,,64800.0,50600.0,45050.0,31450.0,2875.0,23250.0,26150.0,54800.0,17850.0,263800.0,,,
2021-10-29,103000.0,7910.0,35000.0,69800.0,4016.0,329000.0,18850.0,6330.0,11250.0,107300.0,16075.0,12150.0,25150.0,15822.0,29500.0,10759.0,26350.0,28900.0,32550.0,,60100.0,51100.0,43500.0,30650.0,2905.0,22450.0,25850.0,53100.0,17150.0,261600.0,,,
2021-11-01,106500.0,8100.0,34050.0,69900.0,4074.0,323000.0,18700.0,6270.0,11250.0,108600.0,15700.0,12246.0,24850.0,16130.0,29850.0,10658.0,25600.0,28950.0,32500.0,,59600.0,49900.0,42550.0,30750.0,2855.0,22600.0,24850.0,52000.0,17150.0,261600.0,,,
2021-11-02,107500.0,8490.0,34050.0,71500.0,3987.0,325000.0,19150.0,6680.0,11750.0,110000.0,15825.0,12246.0,24800.0,15240.0,29100.0,10632.0,25900.0,29150.0,32150.0,,60100.0,49950.0,42450.0,29950.0,2880.0,22700.0,25600.0,52900.0,17550.0,258600.0,,,
2021-11-03,105500.0,8450.0,33300.0,70400.0,3894.0,328500.0,19400.0,6680.0,11350.0,108000.0,15500.0,12055.0,24400.0,15651.0,29450.0,10303.0,25400.0,29000.0,31800.0,,58400.0,50000.0,42200.0,30850.0,2795.0,22400.0,25100.0,51200.0,17450.0,253700.0,,,
2021-11-04,106000.0,8380.0,33350.0,70600.0,3870.0,332000.0,18900.0,6650.0,11450.0,106800.0,15700.0,11959.0,24600.0,15758.0,28900.0,10202.0,25900.0,28750.0,31750.0,,54400.0,51200.0,42550.0,31100.0,2810.0,22250.0,24500.0,50600.0,17600.0,249600.0,,,
2021-11-05,107000.0,8620.0,32550.0,70200.0,4386.0,338500.0,18700.0,6770.0,11800.0,106300.0,16150.0,12055.0,25450.0,15972.0,28600.0,10354.0,26200.0,28650.0,31600.0,,56400.0,51000.0,44000.0,37000.0,2755.0,22650.0,24050.0,50200.0,18500.0,247800.0,,,
2021-11-08,107500.0,8480.0,33300.0,70600.0,4279.0,336500.0,19100.0,6850.0,12050.0,105600.0,16150.0,12198.0,26050.0,16471.0,28750.0,10379.0,26850.0,28650.0,32200.0,,55000.0,50900.0,44550.0,37450.0,2750.0,22050.0,23500.0,50500.0,18650.0,244300.0,,,
2021-11-09,109000.0,8160.0,31550.0,70500.0,4410.0,342000.0,18450.0,6770.0,11850.0,103100.0,16175.0,12007.0,26000.0,17469.0,29300.0,10101.0,26250.0,28100.0,31950.0,,54300.0,50400.0,46200.0,38700.0,2755.0,21550.0,23500.0,50200.0,18800.0,240900.0,,,
2021-11-10,108500.0,7890.0,30700.0,70200.0,4264.0,334500.0,18100.0,6580.0,11450.0,100900.0,15725.0,11624.0,25450.0,16827.0,28600.0,9645.0,25700.0,26750.0,30950.0,,54600.0,51000.0,45500.0,38700.0,2730.0,21100.0,22400.0,49600.0,19000.0,232100.0,,,
2021-11-11,107500.0,7490.0,31800.0,69900.0,4473.0,332500.0,17800.0,6490.0,11350.0,98700.0,15550.0,11481.0,25100.0,17041.0,29950.0,9594.0,25550.0,26600.0,30450.0,,53400.0,50700.0,45550.0,43150.0,2730.0,21100.0,22000.0,49600.0,20150.0,233200.0,,,
2021-11-12,106500.0,7730.0,34700.0,70600.0,4634.0,329000.0,18900.0,6800.0,12150.0,103300.0,16100.0,12055.0,25900.0,17933.0,32000.0,10328.0,26900.0,27300.0,31400.0,,56900.0,52500.0,50500.0,43100.0,2750.0,22550.0,23900.0,50800.0,21450.0,241900.0,,,
2021-11-15,111000.0,8250.0,37850.0,71400.0,4531.0,317500.0,21000.0,7230.0,12700.0,108500.0,17225.0,12437.0,26250.0,16328.0,31400.0,10582.0,26950.0,28700.0,32350.0,,58000.0,54100.0,50400.0,43300.0,2830.0,22800.0,24350.0,52300.0,21000.0,247700.0,,,
2021-11-16,112000.0,8250.0,37800.0,71300.0,4600.0,308000.0,21200.0,7230.0,14300.0,108500.0,17325.0,12437.0,26650.0,15900.0,31300.0,10607.0,27050.0,28650.0,31850.0,,58100.0,53900.0,49150.0,41600.0,2880.0,23000.0,24200.0,52800.0,21200.0,248500.0,,,
2021-11-17,110500.0,8310.0,36800.0,70700.0,4522.0,301000.0,20950.0,7280.0,14750.0,108900.0,17300.0,12629.0,26000.0,15473.0,31000.0,10556.0,26050.0,29250.0,32200.0,,56700.0,54700.0,51200.0,43600.0,2900.0,23000.0,23250.0,51600.0,21900.0,240900.0,,,
2021-11-18,110000.0,8220.0,38800.0,70200.0,4736.0,316500.0,21300.0,7210.0,14850.0,109500.0,17625.0,12342.0,25850.0,16043.0,30350.0,10278.0,26350.0,28950.0,31700.0,,57700.0,54600.0,50900.0,42600.0,2875.0,22850.0,22000.0,52200.0,22300.0,234400.0,,,
2021-11-19,111500.0,8430.0,39100.0,71200.0,4629.0,316500.0,21750.0,7300.0,15200.0,110200.0,17900.0,12677.0,26850.0,16293.0,31850.0,10860.0,29200.0,30800.0,32850.0,,61400.0,58800.0,51800.0,42850.0,2920.0,23500.0,23150.0,52600.0,21750.0,248100.0,,,
2021-11-22,119500.0,8540.0,38650.0,74900.0,4595.0,319500.0,20700.0,7590.0,16000.0,112100.0,19300.0,12772.0,27750.0,17220.0,31050.0,11645.0,29700.0,32700.0,33500.0,,63900.0,61500.0,50100.0,42100.0,3000.0,25800.0,25600.0,54300.0,22550.0,281000.0,,,
2021-11-23,119000.0,8370.0,38500.0,75300.0,4327.0,315000.0,20500.0,7310.0,16800.0,111200.0,18650.0,12820.0,26050.0,17041.0,31000.0,11366.0,28600.0,32900.0,33050.0,,61900.0,61500.0,49900.0,42200.0,2950.0,24950.0,24550.0,53100.0,21750.0,272800.0,,,
2021-11-24,119500.0,8400.0,38450.0,74800.0,4337.0,317000.0,20600.0,7020.0,16750.0,111500.0,17850.0,12390.0,24950.0,16542.0,30800.0,11012.0,28100.0,31200.0,33850.0,,60000.0,62400.0,47900.0,40650.0,2930.0,24900.0,28650.0,52500.0,21500.0,273800.0,,,
2021-11-25,117500.0,8360.0,37100.0,73700.0,4376.0,317000.0,20250.0,6850.0,16750.0,110000.0,17300.0,12246.0,24450.0,16186.0,30850.0,10658.0,27600.0,30200.0,33250.0,,58000.0,60100.0,47500.0,41600.0,2920.0,24000.0,30500.0,52000.0,21500.0,282500.0,,,
2021-11-26,115500.0,8010.0,36250.0,72300.0,4668.0,309000.0,19500.0,6640.0,16700.0,107800.0,16925.0,12007.0,23500.0,15686.0,29800.0,10303.0,27700.0,28750.0,32100.0,,56600.0,60000.0,47950.0,40750.0,2810.0,23800.0,28650.0,50600.0,21650.0,276500.0,,,
2021-11-29,116000.0,7800.0,35000.0,72300.0,5057.0,309000.0,18900.0,6370.0,16850.0,105100.0,16600.0,11768.0,23850.0,15651.0,29350.0,10126.0,27300.0,28050.0,31550.0,,56200.0,61000.0,46200.0,40750.0,2745.0,24000.0,33000.0,49100.0,20900.0,266300.0,,,
2021-11-30,114000.0,7500.0,33650.0,71300.0,5027.0,298000.0,17950.0,6160.0,16150.0,102300.0,16300.0,11433.0,22900.0,15223.0,29950.0,9746.0,25950.0,27350.0,31000.0,,53700.0,60100.0,45250.0,40250.0,2650.0,22650.0,32750.0,45500.0,19900.0,255800.0,,,
2021-12-01,116500.0,7360.0,34100.0,74400.0,4979.0,306000.0,18650.0,6460.0,16850.0,105400.0,17350.0,11768.0,23450.0,16114.0,30200.0,10303.0,27350.0,29250.0,32350.0,,59900.0,59400.0,46500.0,42150.0,2705.0,23500.0,32550.0,46200.0,20100.0,264200.0,,,
2021-12-02,120000.0,7850.0,34100.0,75800.0,4989.0,310000.0,19200.0,6720.0,19550.0,110000.0,18250.0,12294.0,25150.0,17113.0,30100.0,10911.0,29950.0,30300.0,33350.0,,66400.0,60300.0,46150.0,41900.0,2810.0,24050.0,33400.0,48550.0,19900.0,274700.0,,,
2021-12-03,118000.0,8060.0,33850.0,75600.0,4862.0,315500.0,19000.0,6750.0,19850.0,111300.0,18375.0,12294.0,25200.0,16792.0,30300.0,11189.0,31700.0,30400.0,33450.0,,68000.0,60200.0,46900.0,41150.0,2830.0,24800.0,34900.0,49000.0,20000.0,275900.0,,,
2021-12-06,118500.0,8010.0,33450.0,76300.0,4989.0,313500.0,18900.0,7080.0,19850.0,112300.0,18825.0,12390.0,25050.0,16792.0,29900.0,11189.0,31900.0,30550.0,33800.0,,69900.0,61000.0,46950.0,42100.0,2850.0,25250.0,33350.0,49000.0,20450.0,278000.0,,,
2021-12-07,121500.0,8000.0,33550.0,77400.0,4920.0,310000.0,19050.0,7150.0,20150.0,112100.0,18825.0,12485.0,24600.0,16293.0,29350.0,11139.0,31700.0,30550.0,34500.0,,69500.0,63500.0,46500.0,40050.0,2810.0,25050.0,31250.0,49800.0,20000.0,279500.0,,,
2021-12-08,120000.0,7980.0,33900.0,77400.0,4930.0,321000.0,19350.0,7070.0,19000.0,110100.0,18150.0,12342.0,24400.0,15936.0,29200.0,10961.0,30750.0,30650.0,33900.0,,68000.0,61000.0,49050.0,40200.0,3010.0,24550.0,31000.0,49750.0,20100.0,282500.0,,,
2021-12-09,123500.0,7850.0,33900.0,78200.0,5115.0,321500.0,19250.0,7140.0,19350.0,110800.0,18150.0,12437.0,24250.0,15972.0,29350.0,10936.0,31200.0,30700.0,34000.0,,67600.0,61800.0,49250.0,40450.0,3190.0,24000.0,31450.0,49650.0,20200.0,288300.0,,,
2021-12-10,120500.0,7820.0,32350.0,76900.0,5309.0,321500.0,18950.0,7050.0,19250.0,107500.0,17950.0,12150.0,23950.0,15615.0,28800.0,10683.0,31300.0,30250.0,33400.0,,66400.0,60600.0,49100.0,38950.0,3210.0,23450.0,32550.0,48600.0,19900.0,277200.0,,,
2021-12-13,121500.0,8010.0,32550.0,76800.0,5134.0,315000.0,19000.0,7100.0,19300.0,107700.0,18575.0,12390.0,24450.0,15793.0,29100.0,10683.0,30850.0,30400.0,33800.0,,68000.0,61200.0,48600.0,39300.0,3305.0,23100.0,31900.0,50700.0,20350.0,277700.0,,,
2021-12-14,121000.0,7810.0,31950.0,77000.0,5027.0,318500.0,18450.0,7060.0,19300.0,109000.0,18550.0,12485.0,24500.0,15615.0,28850.0,10759.0,30400.0,30450.0,34700.0,,66300.0,60500.0,46650.0,39050.0,3220.0,23550.0,31400.0,51400.0,20600.0,279700.0,,,
2021-12-15,123500.0,7750.0,31500.0,77600.0,5086.0,308000.0,18350.0,7010.0,19400.0,108900.0,18350.0,12390.0,25150.0,15473.0,28350.0,10404.0,30350.0,29950.0,34550.0,,66700.0,60900.0,46000.0,38650.0,3220.0,23300.0,30550.0,50900.0,20650.0,276100.0,,,
2021-12-16,124000.0,8240.0,32650.0,77800.0,5057.0,306500.0,18600.0,7090.0,20300.0,111900.0,18150.0,12581.0,25150.0,16327.0,29000.0,10885.0,30100.0,30300.0,34900.0,,66800.0,60700.0,46400.0,39450.0,3270.0,23750.0,29750.0,50900.0,20750.0,277700.0,,,
2021-12-17,122000.0,8240.0,32650.0,78000.0,4950.0,300500.0,18500.0,7010.0,19300.0,110800.0,17650.0,12629.0,24100.0,15772.0,29000.0,10632.0,29250.0,29900.0,34250.0,,70500.0,60700.0,46650.0,39600.0,3370.0,23050.0,29250.0,53100.0,20400.0,275900.0,,,
2021-12-20,120500.0,8200.0,35950.0,77100.0,4882.0,296500.0,17850.0,6890.0,19100.0,109400.0,17525.0,12390.0,23600.0,15302.0,28000.0,10430.0,28350.0,30650.0,35200.0,,69900.0,59100.0,45950.0,39900.0,3400.0,23050.0,29400.0,54000.0,20300.0,273800.0,,,
2021-12-21,124500.0,8560.0,42500.0,78100.0,5037.0,296500.0,17950.0,7310.0,19950.0,113800.0,17925.0,12820.0,24400.0,15686.0,28750.0,10809.0,30300.0,31700.0,35550.0,,74100.0,62100.0,46950.0,41200.0,3395.0,23800.0,31550.0,57100.0,20850.0,278600.0,,,
2021-12-22,127000.0,9080.0,42850.0,79400.0,5086.0,293500.0,18200.0,7420.0,20900.0,113500.0,17875.0,12533.0,24450.0,16199.0,28800.0,10683.0,30550.0,32700.0,35200.0,,72200.0,61600.0,49050.0,41900.0,3535.0,23600.0,31500.0,57300.0,22800.0,277700.0,,,
2021-12-23,127500.0,9020.0,42850.0,79900.0,5932.0,303000.0,18350.0,7670.0,21400.0,116900.0,18050.0,12677.0,25600.0,17952.0,29650.0,11215.0,31200.0,32500.0,35200.0,,72000.0,63000.0,49800.0,45950.0,3360.0,24000.0,33850.0,56700.0,23250.0,277500.0,,,
2021-12-24,128000.0,9150.0,45350.0,80500.0,6243.0,302500.0,18100.0,7610.0,21150.0,119200.0,18050.0,12868.0,28000.0,17268.0,29550.0,11518.0,31200.0,33450.0,35200.0,,72900.0,61100.0,48750.0,44250.0,3515.0,23800.0,33800.0,56500.0,23550.0,278900.0,,,
2021-12-27,126000.0,8990.0,44550.0,80200.0,6233.0,299000.0,17900.0,7630.0,21200.0,118100.0,18300.0,12772.0,29750.0,16584.0,29100.0,11366.0,31450.0,34400.0,35200.0,,72100.0,61200.0,49050.0,44050.0,3550.0,23700.0,32200.0,57300.0,23750.0,281900.0,,,
2021-12-28,127500.0,8950.0,45500.0,80300.0,6515.0,305000.0,17900.0,7630.0,21700.0,120300.0,18425.0,12964.0,29150.0,16584.0,29250.0,11392.0,31650.0,34650.0,35700.0,,73000.0,63600.0,49650.0,44500.0,3565.0,24200.0,32700.0,57000.0,24550.0,294700.0,,,
2021-12-29,127000.0,9280.0,44550.0,78800.0,6681.0,306500.0,18150.0,7680.0,20400.0,119000.0,18500.0,12677.0,31200.0,17268.0,29100.0,11164.0,31600.0,34250.0,35200.0,,71000.0,62300.0,48650.0,44850.0,3630.0,23950.0,32000.0,59300.0,24000.0,284600.0,,,
2021-12-30,131000.0,9360.0,51000.0,78300.0,7109.0,305500.0,18500.0,7690.0,21000.0,119500.0,18925.0,12772.0,32450.0,17353.0,29650.0,11442.0,35350.0,34250.0,35400.0,,73700.0,62800.0,48850.0,45650.0,3620.0,24050.0,31400.0,60200.0,24900.0,278500.0,,,
2022-01-03,128500.0,10000.0,46700.0,78600.0,6690.0,297500.0,18700.0,7780.0,20900.0,122000.0,19075.0,12964.0,32150.0,17268.0,30350.0,11468.0,35750.0,34050.0,35150.0,,74800.0,62500.0,50300.0,47050.0,3690.0,24300.0,30950.0,60100.0,24600.0,278000.0,,,
2022-01-04,128500.0,9800.0,45900.0,78700.0,6554.0,293000.0,18450.0,7660.0,20850.0,120500.0,18625.0,12964.0,32200.0,16627.0,30600.0,11240.0,34800.0,34100.0,34850.0,,73200.0,62500.0,50700.0,46650.0,3670.0,24050.0,31150.0,59800.0,24050.0,273400.0,,,
2022-01-05,125500.0,9370.0,43300.0,77400.0,6486.0,288000.0,17900.0,7360.0,20050.0,116700.0,18000.0,12868.0,30000.0,15644.0,29550.0,10734.0,34000.0,33350.0,34000.0,,70600.0,59100.0,48600.0,44200.0,3540.0,23250.0,29100.0,59600.0,22900.0,260800.0,,,
2022-01-06,125000.0,9390.0,42100.0,76900.0,6467.0,277000.0,17700.0,7210.0,20000.0,114000.0,17500.0,12629.0,29100.0,15302.0,28850.0,10480.0,32750.0,32300.0,33050.0,,69300.0,56600.0,47100.0,43800.0,3510.0,22700.0,27200.0,58500.0,22200.0,260000.0,,,
2022-01-07,127000.0,9450.0,42850.0,78300.0,6953.0,281000.0,17950.0,7320.0,20750.0,116500.0,18000.0,12820.0,29800.0,15644.0,29300.0,10708.0,33700.0,33100.0,33600.0,,71000.0,57900.0,51100.0,45900.0,3605.0,22700.0,28300.0,58700.0,23400.0,262000.0,,,
2022-01-10,124500.0,9270.0,40250.0,78000.0,6457.0,273000.0,17550.0,7100.0,20600.0,113000.0,17625.0,12485.0,29200.0,14960.0,29550.0,10354.0,33000.0,32100.0,32600.0,,67800.0,56600.0,51700.0,44100.0,3585.0,22100.0,27200.0,56500.0,23050.0,259500.0,,,
2022-01-11,128000.0,9100.0,39300.0,78900.0,6301.0,269000.0,17650.0,7130.0,20250.0,112800.0,17225.0,12485.0,28350.0,14361.0,29250.0,10328.0,32700.0,34150.0,32250.0,,68100.0,58600.0,50200.0,43700.0,3505.0,21700.0,26150.0,55500.0,22400.0,259000.0,,,
2022-01-12,128500.0,9380.0,39950.0,78900.0,6496.0,278500.0,18050.0,7260.0,21450.0,116200.0,17650.0,12629.0,29650.0,15515.0,29450.0,10506.0,34200.0,36300.0,33450.0,,68700.0,57500.0,54200.0,44500.0,3540.0,21950.0,26350.0,58700.0,22700.0,260100.0,,,
2022-01-13,129500.0,9300.0,41150.0,77900.0,6379.0,273500.0,17650.0,7150.0,22200.0,117300.0,17975.0,12533.0,30000.0,15601.0,29650.0,10328.0,33750.0,35650.0,34300.0,,70600.0,57500.0,54000.0,44800.0,3490.0,21900.0,25450.0,61400.0,23100.0,257800.0,,,
2022-01-14,128500.0,9480.0,40650.0,77300.0,6574.0,264000.0,17400.0,7230.0,23600.0,119000.0,18575.0,12581.0,30650.0,15900.0,30500.0,10430.0,35700.0,35650.0,34950.0,,71300.0,58500.0,54500.0,45350.0,3515.0,21750.0,24700.0,61300.0,23100.0,253700.0,,,
2022-01-17,127000.0,9490.0,39550.0,77500.0,6545.0,261000.0,16900.0,7100.0,23600.0,117700.0,18625.0,12485.0,29850.0,15985.0,30450.0,10253.0,34700.0,34300.0,34450.0,,69000.0,58600.0,56000.0,45200.0,3425.0,21650.0,24500.0,63600.0,23150.0,252600.0,,,
2022-01-18,126500.0,9440.0,40000.0,77000.0,6729.0,256000.0,16500.0,6980.0,23000.0,117400.0,18300.0,12342.0,30600.0,15729.0,29450.0,10202.0,36000.0,33800.0,33900.0,,71500.0,58100.0,56800.0,45450.0,3400.0,21350.0,24450.0,60100.0,23450.0,247900.0,,,
2022-01-19,127000.0,9120.0,39000.0,76300.0,6875.0,248000.0,16150.0,6800.0,22250.0,114000.0,17800.0,12055.0,29500.0,15302.0,28650.0,9974.0,34600.0,33350.0,34350.0,,71600.0,56600.0,57100.0,44000.0,3325.0,20750.0,25400.0,57600.0,22650.0,242000.0,,,
2022-01-20,125000.0,8900.0,40450.0,76500.0,7002.0,254000.0,16500.0,7040.0,22550.0,116700.0,18550.0,12246.0,30650.0,15772.0,29150.0,10126.0,34850.0,34200.0,36300.0,,72400.0,57800.0,56700.0,44950.0,3465.0,21200.0,26550.0,58400.0,22900.0,257000.0,,,
2022-01-21,119000.0,8350.0,38950.0,75600.0,6574.0,253000.0,17100.0,6750.0,20800.0,111800.0,18075.0,11815.0,28100.0,15558.0,29400.0,9797.0,32600.0,32800.0,35350.0,,69900.0,55600.0,53000.0,42050.0,3310.0,20700.0,26450.0,58300.0,21800.0,253000.0,,,
2022-01-24,119000.0,8100.0,38900.0,75100.0,6457.0,245500.0,16300.0,6700.0,20900.0,111200.0,18175.0,11815.0,28700.0,15387.0,28900.0,9594.0,32000.0,32600.0,35600.0,,68600.0,56500.0,52800.0,43750.0,3195.0,20200.0,25700.0,57200.0,21950.0,253300.0,,,
2022-01-25,118000.0,7930.0,38700.0,74000.0,6224.0,232500.0,15600.0,6550.0,21250.0,109900.0,18100.0,11624.0,29050.0,14960.0,28200.0,9417.0,31750.0,31250.0,34700.0,,68800.0,55500.0,53800.0,45700.0,3080.0,20450.0,25050.0,55700.0,22300.0,246100.0,,,
2022-01-26,117500.0,7810.0,37950.0,73300.0,6233.0,228000.0,15400.0,6450.0,20950.0,104100.0,18050.0,11481.0,28700.0,14404.0,28550.0,9544.0,30800.0,31100.0,35400.0,,67900.0,54200.0,51800.0,43700.0,3150.0,19850.0,24550.0,55200.0,21450.0,250700.0,,,
2022-01-27,113500.0,7890.0,37300.0,71300.0,6078.0,218000.0,14650.0,6220.0,20750.0,101000.0,17875.0,11098.0,28100.0,14019.0,28850.0,9291.0,31200.0,29400.0,33900.0,,67200.0,53600.0,51800.0,44100.0,3050.0,18900.0,23500.0,57600.0,21150.0,242800.0,,,
2022-01-28,120500.0,8030.0,38850.0,73300.0,6515.0,213000.0,15300.0,6500.0,21450.0,105700.0,18450.0,11481.0,28650.0,15344.0,29550.0,10025.0,31800.0,30450.0,36050.0,,68500.0,55000.0,53500.0,47000.0,3325.0,19800.0,25300.0,60800.0,21900.0,245000.0,,,
2022-02-03,124000.0,8280.0,38200.0,73300.0,6506.0,213500.0,15800.0,6550.0,20700.0,105400.0,18375.0,11433.0,28650.0,15900.0,29000.0,9999.0,31800.0,31350.0,35650.0,,69600.0,54900.0,54400.0,46050.0,3370.0,20350.0,26050.0,59600.0,21800.0,240500.0,,,
2022-02-04,124500.0,8510.0,38800.0,74000.0,6671.0,224500.0,16100.0,6630.0,21650.0,106800.0,18850.0,11481.0,29150.0,16071.0,28750.0,10151.0,32600.0,31800.0,36100.0,,71400.0,58500.0,53800.0,47000.0,3405.0,20750.0,26100.0,60600.0,22550.0,240400.0,,,
2022-02-07,123000.0,8290.0,37150.0,73000.0,6681.0,223000.0,16150.0,6640.0,20650.0,101900.0,19050.0,11194.0,27350.0,15558.0,28550.0,9923.0,32150.0,31800.0,35000.0,,70600.0,55800.0,51900.0,46100.0,3375.0,20400.0,25700.0,59900.0,22750.0,232400.0,,,
2022-02-08,125000.0,8030.0,36100.0,73500.0,6467.0,224500.0,16550.0,6490.0,20050.0,100000.0,18225.0,10954.0,26250.0,15045.0,28000.0,9696.0,30500.0,31100.0,34350.0,,69600.0,56200.0,50100.0,44450.0,3365.0,20000.0,24650.0,59200.0,21800.0,234100.0,,,
2022-02-09,126000.0,8200.0,37700.0,74700.0,6759.0,227500.0,16500.0,6650.0,20450.0,103500.0,18175.0,11146.0,27400.0,15473.0,28100.0,9873.0,30450.0,32200.0,35200.0,,69900.0,56500.0,50800.0,45900.0,3390.0,20200.0,25350.0,59500.0,22100.0,238800.0,,,
2022-02-10,129500.0,8200.0,37450.0,75400.0,6710.0,232500.0,16250.0,6620.0,21900.0,106900.0,18200.0,11098.0,27200.0,15644.0,27800.0,9873.0,30700.0,31500.0,35200.0,,68300.0,57300.0,51100.0,47050.0,3365.0,20150.0,24650.0,60100.0,22300.0,239200.0,,,
2022-02-11,132000.0,8050.0,35700.0,74900.0,6564.0,223000.0,15850.0,6510.0,20750.0,104400.0,17550.0,10859.0,26500.0,15344.0,26950.0,9569.0,29600.0,30000.0,34200.0,,67700.0,55500.0,49300.0,44950.0,3255.0,20050.0,24400.0,59800.0,22250.0,233500.0,,,
2022-02-14,132500.0,7770.0,35000.0,73700.0,6185.0,216000.0,15100.0,6230.0,20550.0,100700.0,16500.0,10141.0,25350.0,14703.0,26400.0,9240.0,28950.0,29800.0,34450.0,,63800.0,54200.0,47150.0,43100.0,3140.0,19850.0,23400.0,56100.0,21100.0,223000.0,,,
2022-02-15,127000.0,7660.0,34550.0,73700.0,6058.0,215000.0,14900.0,6130.0,19800.0,100200.0,16050.0,10189.0,25450.0,14489.0,26550.0,9063.0,28950.0,29150.0,33500.0,,63300.0,52700.0,46500.0,41800.0,3060.0,19500.0,22650.0,53900.0,20600.0,223300.0,,,
2022-02-16,130500.0,8030.0,35500.0,74800.0,6457.0,220000.0,15800.0,6510.0,21150.0,104100.0,16800.0,10715.0,26000.0,15558.0,27300.0,9518.0,30400.0,30250.0,34900.0,,64200.0,56100.0,49050.0,44150.0,3275.0,20300.0,24000.0,56600.0,21400.0,233000.0,,,
2022-02-17,133000.0,7900.0,34900.0,75000.0,6827.0,218500.0,15650.0,6500.0,21150.0,102900.0,16775.0,10572.0,26450.0,15302.0,27200.0,9518.0,29950.0,29800.0,35650.0,,65100.0,55400.0,49300.0,45200.0,3260.0,20850.0,23700.0,56500.0,21650.0,232200.0,,,
2022-02-18,131500.0,7840.0,34950.0,74300.0,7420.0,219500.0,15700.0,6530.0,21100.0,103800.0,16875.0,10620.0,27400.0,15344.0,27150.0,9544.0,29900.0,29850.0,35600.0,,64000.0,53500.0,50100.0,47350.0,3275.0,21000.0,23850.0,57400.0,22200.0,235000.0,,,
2022-02-21,130000.0,7830.0,34450.0,74200.0,7303.0,217000.0,15500.0,6560.0,21300.0,102300.0,16850.0,10524.0,27200.0,15387.0,26700.0,9392.0,29850.0,29350.0,36350.0,,64800.0,53300.0,50200.0,47400.0,3200.0,21000.0,23000.0,57200.0,22050.0,231900.0,,,
2022-02-22,128500.0,7740.0,33650.0,73400.0,7225.0,211000.0,15000.0,6500.0,21450.0,101000.0,16650.0,10476.0,26500.0,15644.0,26050.0,9164.0,29250.0,29050.0,35800.0,,63300.0,52200.0,49350.0,48100.0,3130.0,20700.0,22600.0,54800.0,22150.0,227300.0,,,
2022-02-23,128500.0,7800.0,34550.0,73000.0,7225.0,217000.0,15050.0,6640.0,21550.0,101800.0,17200.0,10763.0,27200.0,15729.0,26300.0,9442.0,30900.0,28750.0,36450.0,,64100.0,52000.0,50500.0,49750.0,3140.0,20750.0,23000.0,55500.0,23400.0,230600.0,,,
2022-02-24,122500.0,7400.0,33150.0,71500.0,6895.0,208000.0,14350.0,6380.0,22250.0,97800.0,16600.0,10428.0,26700.0,15216.0,25800.0,9189.0,30400.0,27700.0,37800.0,,62300.0,49950.0,48150.0,48900.0,3005.0,20400.0,21250.0,53300.0,22950.0,226600.0,,,
2022-02-25,123000.0,7520.0,34650.0,71900.0,7157.0,217000.0,14950.0,6540.0,24650.0,100200.0,16675.0,10667.0,26000.0,15943.0,26300.0,9442.0,31100.0,28650.0,35800.0,,62900.0,51300.0,51300.0,52800.0,3090.0,20900.0,21800.0,54300.0,25050.0,228300.0,,,
2022-02-28,123500.0,7500.0,35400.0,72100.0,7011.0,214500.0,14950.0,6500.0,25900.0,99600.0,16700.0,10667.0,24700.0,16028.0,26300.0,9493.0,31500.0,28650.0,35050.0,,63200.0,51700.0,53100.0,53200.0,3120.0,20750.0,21050.0,55500.0,24850.0,227300.0,,,
2022-03-02,125000.0,7520.0,35550.0,71700.0,6885.0,223000.0,15300.0,6530.0,27550.0,101500.0,16625.0,10859.0,25300.0,16370.0,26500.0,9620.0,31300.0,28900.0,36150.0,,61500.0,53200.0,51800.0,52600.0,3155.0,20500.0,21150.0,56400.0,24200.0,227500.0,,,
2022-03-03,129000.0,7740.0,36450.0,72900.0,6914.0,223000.0,15700.0,6750.0,27550.0,101600.0,16975.0,11002.0,25400.0,16798.0,26900.0,9974.0,31150.0,29400.0,36250.0,,63500.0,53100.0,52400.0,53200.0,3270.0,20750.0,21750.0,57600.0,24150.0,229500.0,,,
2022-03-04,124500.0,7750.0,35650.0,71500.0,6797.0,217000.0,15700.0,6660.0,27450.0,100400.0,16850.0,10620.0,25350.0,16840.0,26850.0,9949.0,30750.0,28850.0,35250.0,,61300.0,53200.0,52600.0,52500.0,3250.0,20100.0,21850.0,57600.0,24500.0,222700.0,,,
2022-03-07,119500.0,7570.0,33950.0,70100.0,6457.0,207500.0,14950.0,6500.0,26700.0,96000.0,16475.0,10237.0,24800.0,16627.0,26300.0,9746.0,29000.0,27350.0,35150.0,,58600.0,51000.0,50100.0,51100.0,3105.0,20000.0,21000.0,55900.0,24100.0,212300.0,,,
2022-03-08,118000.0,7350.0,33150.0,69500.0,6496.0,199000.0,14550.0,6330.0,24650.0,92500.0,16075.0,10093.0,24350.0,16114.0,26250.0,9468.0,28300.0,26850.0,33350.0,,57700.0,50200.0,48300.0,50100.0,3085.0,19900.0,20650.0,54200.0,23150.0,206000.0,,,
2022-03-10,120000.0,7530.0,33700.0,71200.0,6593.0,209000.0,14700.0,6660.0,24400.0,96600.0,16550.0,10332.0,24450.0,16370.0,26300.0,9721.0,29150.0,28350.0,34250.0,,58600.0,51700.0,48600.0,51500.0,3100.0,20150.0,21000.0,57300.0,23400.0,218400.0,,,
2022-03-11,117000.0,7430.0,33400.0,70000.0,6126.0,204000.0,14750.0,6640.0,24150.0,93000.0,16350.0,10189.0,23650.0,15644.0,26100.0,9620.0,28450.0,27650.0,32800.0,,57600.0,50300.0,47500.0,50100.0,3095.0,20150.0,20850.0,59900.0,23650.0,215600.0,,,
2022-03-14,116000.0,7240.0,31900.0,70200.0,6049.0,198000.0,14150.0,6560.0,23200.0,91300.0,15900.0,9998.0,22400.0,15302.0,25400.0,9265.0,27100.0,26450.0,32250.0,,56200.0,47450.0,45900.0,49050.0,3060.0,19900.0,20450.0,57600.0,23700.0,207700.0,,,
2022-03-15,112500.0,7100.0,31450.0,69500.0,6350.0,195500.0,13900.0,6550.0,22550.0,91400.0,15525.0,9758.0,22200.0,14874.0,25200.0,9341.0,27100.0,26300.0,31750.0,,55000.0,48000.0,45600.0,48300.0,3095.0,19750.0,20700.0,58000.0,23050.0,212300.0,,,
2022-03-16,116500.0,7300.0,32200.0,70400.0,6710.0,201000.0,14300.0,6710.0,23650.0,94100.0,15675.0,10045.0,22350.0,15558.0,25400.0,9468.0,27650.0,27400.0,32500.0,,57800.0,50000.0,47900.0,50800.0,3220.0,20050.0,21350.0,59200.0,24450.0,221700.0,,,
2022-03-17,124000.0,7730.0,34050.0,71200.0,6632.0,212000.0,15350.0,6840.0,24100.0,98400.0,16100.0,10189.0,23500.0,16114.0,26150.0,9696.0,29150.0,28050.0,33400.0,,58900.0,51800.0,49400.0,50800.0,3215.0,20300.0,22300.0,60400.0,24400.0,233500.0,,,
2022-03-18,124000.0,7740.0,36700.0,70700.0,6895.0,225500.0,15750.0,7090.0,24550.0,99800.0,16500.0,10285.0,24350.0,16456.0,26000.0,9696.0,29000.0,28500.0,33650.0,,59200.0,51600.0,49550.0,52900.0,3250.0,20550.0,23500.0,60900.0,26350.0,236100.0,,,
2022-03-21,122000.0,7860.0,37700.0,69900.0,6778.0,222500.0,15800.0,7000.0,24750.0,101700.0,16500.0,10285.0,24500.0,16156.0,26000.0,9696.0,29250.0,28200.0,34400.0,,58500.0,51700.0,49800.0,52300.0,3395.0,20400.0,23500.0,61200.0,26600.0,231800.0,,,
2022-03-22,123500.0,7850.0,37700.0,70300.0,7196.0,223500.0,16000.0,7150.0,25700.0,103300.0,16525.0,10620.0,25750.0,16370.0,26600.0,9898.0,29600.0,28500.0,34450.0,,59000.0,51400.0,50200.0,55300.0,3380.0,20700.0,23850.0,61300.0,28050.0,233800.0,,,
2022-03-23,123500.0,7940.0,38600.0,70500.0,7041.0,228000.0,15950.0,7160.0,25750.0,104700.0,16525.0,10667.0,26350.0,16370.0,26400.0,9847.0,29550.0,28700.0,34750.0,,59500.0,51200.0,50300.0,55300.0,3365.0,20700.0,23900.0,61600.0,28500.0,232500.0,,,
2022-03-24,120500.0,8020.0,39500.0,69800.0,7235.0,227500.0,16750.0,7130.0,26150.0,106800.0,16650.0,10667.0,26350.0,16370.0,26500.0,9797.0,30100.0,28700.0,35150.0,,61300.0,51100.0,53800.0,57000.0,3355.0,20800.0,23650.0,61600.0,29100.0,236700.0,,,
2022-03-25,118000.0,8000.0,40350.0,69800.0,7216.0,235000.0,16600.0,7100.0,26150.0,107300.0,17175.0,10811.0,26800.0,16242.0,26650.0,9847.0,29800.0,29400.0,35750.0,,61500.0,52600.0,53700.0,57200.0,3445.0,21350.0,23450.0,60700.0,29200.0,243200.0,,,
2022-03-28,118000.0,8030.0,40300.0,69700.0,7216.0,233000.0,16500.0,7030.0,27250.0,108800.0,17225.0,11481.0,26550.0,15943.0,27100.0,9898.0,29850.0,29200.0,36250.0,,62000.0,56200.0,54000.0,57400.0,3580.0,21600.0,22750.0,61500.0,29100.0,241500.0,,,
2022-03-29,120000.0,8050.0,40250.0,70200.0,7011.0,232500.0,16500.0,7080.0,27500.0,109800.0,17575.0,11720.0,26100.0,15772.0,27000.0,10708.0,29950.0,29600.0,36100.0,,63300.0,56300.0,53200.0,56600.0,3740.0,21700.0,22950.0,64000.0,28300.0,244400.0,,,
2022-03-30,121000.0,8070.0,39650.0,69900.0,7196.0,236000.0,16800.0,7080.0,26350.0,111100.0,17350.0,11768.0,26650.0,15900.0,26950.0,10506.0,29450.0,29600.0,36850.0,,64300.0,56000.0,52400.0,56000.0,3775.0,21750.0,22950.0,66600.0,28900.0,243800.0,,,
2022-03-31,118000.0,8070.0,39300.0,69600.0,7148.0,245500.0,17400.0,7060.0,25900.0,108700.0,17500.0,11672.0,26750.0,15900.0,27350.0,10404.0,29750.0,29500.0,35950.0,,65600.0,55700.0,52100.0,56000.0,3700.0,21800.0,23150.0,68500.0,28400.0,244800.0,,,
2022-04-01,116000.0,7930.0,38200.0,69100.0,7284.0,236500.0,17000.0,6890.0,25500.0,106800.0,17500.0,11768.0,25900.0,15515.0,27150.0,10303.0,28650.0,28900.0,35950.0,,65800.0,55300.0,51700.0,54200.0,3660.0,21550.0,23150.0,67000.0,27900.0,238900.0,,,
2022-04-04,117000.0,7910.0,38600.0,69300.0,7109.0,236500.0,16700.0,6860.0,25250.0,108000.0,17500.0,11815.0,25850.0,15601.0,27000.0,10582.0,28350.0,29150.0,35600.0,,67400.0,55000.0,51100.0,54100.0,3720.0,21400.0,23050.0,67100.0,28100.0,241600.0,,,
2022-04-05,116500.0,7940.0,37850.0,69200.0,7148.0,240000.0,16550.0,6850.0,24900.0,114800.0,17500.0,11768.0,26300.0,15729.0,26900.0,10506.0,28600.0,29200.0,35700.0,,68200.0,55800.0,50900.0,53500.0,4230.0,22150.0,23450.0,66500.0,27600.0,240000.0,,,
2022-04-06,113000.0,7800.0,37000.0,68500.0,7021.0,235000.0,16100.0,6720.0,24400.0,113200.0,16850.0,11528.0,25450.0,15259.0,26600.0,10253.0,28550.0,28200.0,34900.0,,68200.0,54100.0,50700.0,53500.0,4130.0,21700.0,23000.0,64800.0,27750.0,234300.0,,,
2022-04-07,113500.0,7770.0,36950.0,68000.0,7323.0,231000.0,15700.0,6630.0,24600.0,114200.0,17000.0,11528.0,25150.0,15045.0,26450.0,10480.0,30750.0,28150.0,35100.0,,67900.0,53700.0,51300.0,54700.0,4005.0,21500.0,22800.0,64500.0,28450.0,236400.0,,,
2022-04-08,112000.0,7770.0,37600.0,67800.0,7478.0,236500.0,16050.0,6610.0,23800.0,114100.0,17000.0,11481.0,25100.0,15430.0,26500.0,10860.0,30400.0,28800.0,36150.0,,72700.0,57600.0,51400.0,54900.0,3940.0,21550.0,22700.0,67000.0,28500.0,237300.0,,,
2022-04-11,111500.0,7580.0,36500.0,67900.0,7410.0,226000.0,16050.0,6560.0,23900.0,111200.0,16500.0,11337.0,24850.0,15259.0,26100.0,10809.0,32800.0,30150.0,36450.0,,72200.0,59700.0,53400.0,54000.0,3980.0,21250.0,22050.0,65900.0,27850.0,233100.0,,,
2022-04-12,111000.0,7480.0,36500.0,67000.0,7488.0,221000.0,15750.0,6550.0,23800.0,111700.0,15900.0,11146.0,25450.0,15002.0,25750.0,10354.0,34000.0,33650.0,36450.0,,75000.0,60700.0,55200.0,53500.0,3855.0,21450.0,21800.0,68100.0,28250.0,233900.0,,,
2022-04-13,113000.0,7570.0,37750.0,68700.0,7371.0,220000.0,15950.0,6690.0,23600.0,115000.0,16400.0,11385.0,25950.0,15430.0,25750.0,10911.0,34050.0,34800.0,36900.0,,74500.0,60900.0,56800.0,53000.0,3890.0,21600.0,22150.0,69800.0,28800.0,238300.0,,,
2022-04-14,110000.0,7610.0,37650.0,67500.0,7216.0,224500.0,15950.0,6680.0,23450.0,115000.0,17250.0,11385.0,26150.0,15430.0,25750.0,10936.0,33650.0,34550.0,37000.0,,74400.0,60400.0,57700.0,51700.0,4000.0,21350.0,21850.0,69600.0,28250.0,236400.0,,,
2022-04-15,108000.0,7700.0,37500.0,66600.0,7488.0,216000.0,15650.0,6580.0,22700.0,113600.0,16950.0,11385.0,26250.0,15473.0,25900.0,10987.0,33450.0,34250.0,36450.0,,75100.0,60700.0,64000.0,52800.0,3960.0,21550.0,21700.0,69600.0,30100.0,233300.0,,,
2022-04-18,109000.0,8040.0,38600.0,66700.0,8120.0,218000.0,16000.0,6630.0,22850.0,112000.0,16850.0,11433.0,25800.0,15601.0,25550.0,11063.0,33650.0,34300.0,36000.0,,76900.0,60600.0,64900.0,52900.0,3880.0,21450.0,21750.0,70700.0,29600.0,234700.0,,,
2022-04-19,112500.0,8400.0,39150.0,67300.0,8334.0,231000.0,16000.0,6810.0,24150.0,118200.0,17050.0,11576.0,26000.0,15686.0,25700.0,11290.0,34650.0,34350.0,37100.0,,76400.0,61500.0,69000.0,54100.0,4005.0,22050.0,22400.0,72400.0,29800.0,246800.0,,,
2022-04-20,112500.0,8410.0,39000.0,67400.0,8217.0,230500.0,15900.0,6800.0,23600.0,119800.0,16900.0,11385.0,26750.0,15815.0,25900.0,11442.0,34500.0,35150.0,37050.0,,76000.0,64000.0,70300.0,55100.0,4280.0,22100.0,22600.0,75300.0,30750.0,241600.0,,,
2022-04-21,113000.0,8500.0,40100.0,67700.0,8071.0,236500.0,16150.0,6850.0,23650.0,122000.0,16950.0,11433.0,27700.0,15729.0,26400.0,11493.0,35750.0,34600.0,37500.0,,80000.0,64800.0,72300.0,54900.0,4430.0,22050.0,22750.0,74800.0,30700.0,241300.0,,,
2022-04-22,110500.0,8760.0,40350.0,67000.0,8120.0,235500.0,16050.0,6750.0,23150.0,121600.0,16550.0,11289.0,27400.0,15686.0,26050.0,11493.0,37300.0,35400.0,37300.0,,79600.0,64800.0,72700.0,53700.0,4160.0,21550.0,22650.0,74100.0,31150.0,239500.0,,,
2022-04-25,108000.0,8310.0,37900.0,66300.0,7760.0,231000.0,15800.0,6530.0,22100.0,117300.0,15900.0,11098.0,26300.0,15259.0,25500.0,10936.0,36600.0,33950.0,36500.0,,78500.0,65200.0,71500.0,52300.0,4055.0,21050.0,21850.0,70700.0,31000.0,237100.0,,,
2022-04-26,111000.0,8700.0,37950.0,66100.0,7653.0,228500.0,15850.0,6560.0,22250.0,117900.0,15750.0,11385.0,26500.0,15216.0,25450.0,10987.0,38200.0,35000.0,37250.0,,82500.0,66200.0,71500.0,52100.0,4035.0,21000.0,21900.0,71300.0,31300.0,242600.0,,,
2022-04-27,108500.0,8670.0,37900.0,65000.0,7741.0,231000.0,15400.0,6460.0,22050.0,112500.0,15500.0,11481.0,26400.0,15430.0,26000.0,11012.0,36950.0,35000.0,37350.0,,81200.0,64800.0,73700.0,51400.0,4185.0,21000.0,21600.0,70500.0,31000.0,241300.0,,,
2022-04-28,109500.0,8420.0,36600.0,64800.0,7595.0,235000.0,15200.0,6490.0,21500.0,111600.0,15150.0,11241.0,26300.0,15473.0,25600.0,11037.0,35750.0,34400.0,37000.0,,79600.0,63800.0,70900.0,49600.0,4055.0,21000.0,21400.0,67100.0,30050.0,245100.0,,,
2022-04-29,112500.0,8750.0,38100.0,67400.0,7585.0,246500.0,15200.0,6620.0,21450.0,111900.0,15300.0,11385.0,26550.0,15387.0,25600.0,11189.0,35900.0,35250.0,37350.0,,79900.0,63000.0,71000.0,49750.0,4150.0,21000.0,21500.0,68000.0,30600.0,246000.0,,,
2022-05-02,110500.0,9030.0,38000.0,67300.0,7517.0,243000.0,14950.0,6560.0,21700.0,107200.0,15000.0,11194.0,26250.0,15131.0,25700.0,10835.0,36450.0,35450.0,37500.0,,80000.0,63100.0,70400.0,48900.0,4200.0,20900.0,21400.0,69500.0,30700.0,244800.0,,,
2022-05-03,110000.0,8880.0,39700.0,67500.0,7828.0,244000.0,15250.0,6570.0,22100.0,109000.0,15050.0,11337.0,26800.0,15601.0,25650.0,10987.0,38500.0,35850.0,39000.0,,81900.0,65900.0,71600.0,51200.0,4210.0,20850.0,21900.0,70300.0,31800.0,245100.0,,,
2022-05-04,109500.0,8850.0,40900.0,67900.0,7614.0,248500.0,15200.0,6530.0,22100.0,109500.0,14950.0,11146.0,26800.0,15644.0,25850.0,10784.0,37100.0,34800.0,39400.0,,77300.0,61600.0,69100.0,49400.0,4140.0,20700.0,21650.0,70300.0,31050.0,243300.0,,,
2022-05-06,107500.0,8810.0,41350.0,66500.0,7439.0,242000.0,14900.0,6390.0,22150.0,105500.0,14500.0,11002.0,26000.0,15473.0,25450.0,10835.0,35850.0,35400.0,38700.0,,80400.0,60500.0,68000.0,48350.0,4090.0,20300.0,21350.0,70100.0,30950.0,237000.0,,,
2022-05-09,107500.0,8320.0,39650.0,66100.0,7041.0,237000.0,14200.0,6170.0,21050.0,103200.0,13950.0,10572.0,25100.0,15088.0,25000.0,10379.0,35300.0,34400.0,38350.0,,77000.0,59300.0,63300.0,47100.0,4020.0,20100.0,20750.0,67400.0,28600.0,233300.0,,,
2022-05-10,110000.0,8320.0,40450.0,65700.0,7070.0,235000.0,13850.0,6200.0,21350.0,103900.0,14300.0,10667.0,25750.0,15045.0,25600.0,10404.0,36150.0,34400.0,38000.0,,78300.0,60400.0,68100.0,49900.0,4060.0,20250.0,20500.0,67800.0,30400.0,232700.0,,,
2022-05-11,110500.0,8210.0,42400.0,65700.0,7002.0,236000.0,14100.0,6340.0,21450.0,112200.0,14450.0,10811.0,25300.0,15515.0,25500.0,10582.0,36350.0,35850.0,40350.0,,80500.0,62200.0,68000.0,49700.0,4035.0,20350.0,20700.0,68900.0,30900.0,241200.0,,,
2022-05-12,109000.0,7900.0,41150.0,64900.0,6729.0,228000.0,13500.0,6100.0,20450.0,108700.0,13950.0,10428.0,24400.0,15216.0,25250.0,10227.0,35450.0,35650.0,39200.0,,80200.0,60000.0,66400.0,48050.0,3905.0,19400.0,19850.0,66400.0,30100.0,233500.0,,,
2022-05-13,112500.0,8030.0,42000.0,66500.0,7148.0,243000.0,14250.0,6350.0,22250.0,110600.0,14100.0,10715.0,24950.0,15601.0,26400.0,10784.0,37100.0,36200.0,40400.0,,83900.0,61900.0,69400.0,50500.0,4120.0,19900.0,20150.0,67500.0,31250.0,240100.0,,,
2022-05-16,110500.0,8020.0,41100.0,66300.0,7060.0,243500.0,14350.0,6530.0,22400.0,108800.0,14300.0,10572.0,24750.0,15644.0,26300.0,10607.0,37200.0,35750.0,38650.0,,82800.0,60400.0,67500.0,50100.0,4220.0,19500.0,20200.0,68400.0,30350.0,236900.0,,,
2022-05-17,112500.0,8190.0,41850.0,67600.0,6865.0,265500.0,15000.0,6750.0,22100.0,111400.0,14500.0,10620.0,26650.0,15302.0,25900.0,10759.0,37050.0,35450.0,40100.0,,85000.0,61300.0,68500.0,51200.0,4320.0,20600.0,20450.0,70000.0,30950.0,267400.0,,,
2022-05-18,113500.0,8090.0,41050.0,68100.0,7031.0,264500.0,14800.0,6780.0,22450.0,110600.0,15050.0,10620.0,26650.0,15473.0,25500.0,10658.0,35600.0,34700.0,40000.0,,83600.0,60900.0,70900.0,51400.0,4320.0,20600.0,20250.0,68700.0,33050.0,265600.0,,,
2022-05-19,111000.0,8020.0,41700.0,67500.0,7002.0,262000.0,14850.0,6940.0,22300.0,109300.0,14800.0,10332.0,27000.0,15558.0,25400.0,10607.0,35700.0,34300.0,41050.0,,83400.0,62100.0,70300.0,50700.0,4450.0,20250.0,19900.0,68700.0,33400.0,261400.0,,,
2022-05-20,112500.0,8000.0,42800.0,68000.0,6992.0,270500.0,14750.0,7000.0,22100.0,109500.0,14750.0,10667.0,26900.0,16114.0,25600.0,10658.0,36100.0,35600.0,40450.0,,82300.0,61700.0,68500.0,50400.0,4445.0,20500.0,20400.0,68400.0,33450.0,262800.0,,,
2022-05-23,113000.0,8110.0,44150.0,67900.0,7011.0,266000.0,14700.0,7060.0,22800.0,110600.0,15000.0,10572.0,26800.0,16712.0,25700.0,10531.0,37100.0,35650.0,40600.0,,82800.0,61900.0,68400.0,51400.0,4365.0,20750.0,20100.0,68400.0,33200.0,269900.0,,,
2022-05-24,108500.0,7770.0,42950.0,66500.0,7060.0,252500.0,14100.0,6920.0,20500.0,105200.0,14600.0,10285.0,26250.0,16413.0,25250.0,10227.0,36500.0,34350.0,38800.0,,81200.0,61500.0,67000.0,49100.0,4200.0,20150.0,19950.0,66500.0,31650.0,260600.0,,,
2022-05-25,108000.0,7830.0,42500.0,66400.0,7867.0,252500.0,14350.0,6840.0,20550.0,107100.0,14550.0,10285.0,27050.0,15943.0,25850.0,10202.0,38600.0,34650.0,39350.0,,83000.0,63100.0,72300.0,50100.0,4345.0,20200.0,20150.0,67000.0,32500.0,260600.0,,,
2022-05-26,103000.0,7760.0,41650.0,65900.0,7819.0,250000.0,14200.0,6760.0,19950.0,103500.0,14350.0,10237.0,26800.0,15729.0,26200.0,10126.0,39300.0,33850.0,38650.0,,86800.0,61900.0,71500.0,51200.0,4275.0,19750.0,19800.0,66300.0,32300.0,270900.0,,,
2022-05-27,106000.0,7730.0,42550.0,66500.0,7682.0,255000.0,14400.0,6770.0,20000.0,104000.0,14350.0,10285.0,26750.0,16071.0,26200.0,10075.0,39300.0,34000.0,38100.0,,86600.0,62300.0,72100.0,50000.0,4250.0,19900.0,19850.0,67000.0,32500.0,271800.0,,,
2022-05-30,107000.0,7780.0,42800.0,67700.0,7546.0,266500.0,14600.0,6840.0,21150.0,106100.0,14450.0,10476.0,27300.0,16285.0,26550.0,10227.0,38950.0,34300.0,38600.0,,86400.0,62200.0,71300.0,50700.0,4310.0,20200.0,20100.0,67400.0,33500.0,272000.0,,,
2022-05-31,108000.0,7800.0,42500.0,67400.0,7459.0,265500.0,14600.0,6800.0,21100.0,106000.0,14400.0,10476.0,28100.0,16498.0,28050.0,10177.0,39700.0,34750.0,38200.0,,86700.0,64400.0,72400.0,51000.0,4390.0,20100.0,20150.0,70100.0,33450.0,274000.0,,,
2022-06-02,107000.0,7800.0,42000.0,66700.0,7216.0,256000.0,14500.0,6760.0,20600.0,104900.0,14300.0,10428.0,27950.0,16541.0,28250.0,10025.0,41250.0,34650.0,38000.0,,87500.0,64600.0,71100.0,47400.0,4565.0,20150.0,20000.0,70200.0,32750.0,267700.0,,,
2022-06-03,107000.0,7760.0,42250.0,66800.0,7031.0,258500.0,14450.0,6770.0,20600.0,105700.0,14850.0,10524.0,27550.0,16156.0,28300.0,10075.0,40000.0,34900.0,38300.0,,85600.0,64600.0,66800.0,45250.0,4410.0,20100.0,20150.0,71300.0,30800.0,267600.0,,,
2022-06-07,104000.0,7630.0,39450.0,65500.0,6972.0,251500.0,14150.0,6440.0,20800.0,100900.0,14700.0,10285.0,26800.0,15259.0,26750.0,9746.0,38250.0,34100.0,37300.0,,85100.0,62700.0,67100.0,45600.0,4180.0,19750.0,19900.0,70000.0,30750.0,261200.0,,,
2022-06-08,106000.0,7570.0,38950.0,65300.0,6904.0,252500.0,14100.0,6370.0,20850.0,100400.0,14550.0,10285.0,26700.0,15216.0,26200.0,9696.0,39500.0,33750.0,37150.0,,86800.0,62200.0,67200.0,45400.0,4200.0,19800.0,19900.0,72000.0,30700.0,260900.0,,,
2022-06-09,105500.0,7610.0,39150.0,65200.0,6807.0,252000.0,14000.0,6340.0,20800.0,101400.0,14750.0,10189.0,26450.0,15515.0,25550.0,9594.0,39000.0,33650.0,37900.0,,86100.0,62700.0,68100.0,44550.0,4085.0,19850.0,19750.0,72200.0,31000.0,270500.0,,,
2022-06-10,103500.0,7710.0,38200.0,63800.0,6895.0,250000.0,14000.0,6260.0,20400.0,100000.0,14450.0,10141.0,26550.0,14831.0,24450.0,9468.0,38350.0,33950.0,39650.0,,85600.0,60100.0,67900.0,43650.0,4135.0,19300.0,19600.0,69500.0,30300.0,264400.0,,,
2022-06-13,99000.0,7340.0,36850.0,62100.0,6457.0,237000.0,13200.0,5960.0,19400.0,94300.0,13600.0,9529.0,24900.0,13806.0,22750.0,9012.0,37000.0,33300.0,38100.0,,80700.0,58300.0,66600.0,42350.0,3830.0,18050.0,17950.0,66400.0,29250.0,255600.0,,,
2022-06-14,99100.0,7110.0,37150.0,61900.0,6914.0,240000.0,12800.0,6010.0,19250.0,94500.0,13250.0,9462.0,24200.0,13335.0,22450.0,8911.0,37050.0,34600.0,39850.0,,79200.0,57500.0,66800.0,43200.0,3890.0,18050.0,17250.0,65400.0,30600.0,258500.0,,,
2022-06-15,97900.0,7040.0,36500.0,60700.0,6836.0,235500.0,12200.0,5850.0,18650.0,91000.0,13400.0,9165.0,23350.0,13164.0,20800.0,8556.0,36450.0,34250.0,39200.0,,78100.0,55700.0,66600.0,41800.0,3765.0,17500.0,16500.0,61300.0,30650.0,254600.0,,,
2022-06-16,97400.0,7040.0,37150.0,60900.0,6768.0,234500.0,12000.0,5810.0,18900.0,91700.0,13300.0,9223.0,22950.0,13549.0,20750.0,8455.0,35500.0,34000.0,38900.0,,77900.0,55700.0,65900.0,41750.0,3745.0,17500.0,16550.0,59700.0,28950.0,254900.0,,,
2022-06-17,96400.0,6870.0,36600.0,59800.0,6972.0,228500.0,12000.0,5750.0,17750.0,89900.0,13350.0,8974.0,23600.0,13506.0,21000.0,8303.0,34000.0,32650.0,37700.0,,73600.0,53500.0,62100.0,40050.0,3610.0,17050.0,15600.0,58500.0,28500.0,250600.0,,,
2022-06-20,94500.0,6820.0,34750.0,58700.0,6904.0,225000.0,11200.0,5430.0,17350.0,86800.0,12400.0,8467.0,22350.0,12993.0,20050.0,7873.0,33850.0,31450.0,36750.0,,70800.0,52000.0,61800.0,38750.0,3310.0,16250.0,15200.0,56100.0,27550.0,244600.0,,,
2022-06-21,95200.0,6850.0,35300.0,58500.0,6759.0,223000.0,11250.0,5450.0,17300.0,87500.0,12700.0,8572.0,22350.0,13036.0,19900.0,7873.0,33600.0,31300.0,35550.0,,70400.0,52400.0,63900.0,39400.0,3355.0,16150.0,14900.0,55800.0,27250.0,244200.0,,,
2022-06-22,92200.0,6180.0,33500.0,57600.0,6117.0,211000.0,10450.0,5140.0,16250.0,82200.0,11650.0,8084.0,21200.0,11925.0,18050.0,7189.0,31500.0,29200.0,33700.0,,64900.0,48900.0,58900.0,35450.0,3100.0,15250.0,13800.0,51900.0,24900.0,226100.0,,,
2022-06-23,90200.0,5680.0,33150.0,57400.0,6107.0,206000.0,10000.0,4960.0,15900.0,82000.0,11650.0,7778.0,20700.0,11711.0,17750.0,7139.0,31050.0,27950.0,32350.0,,63000.0,47400.0,59600.0,35700.0,2945.0,14700.0,13400.0,50400.0,24650.0,225800.0,,,
2022-06-24,91600.0,6090.0,34900.0,58400.0,6418.0,217000.0,10750.0,5170.0,16750.0,84900.0,12000.0,8314.0,21550.0,12096.0,18350.0,7670.0,33200.0,30000.0,33250.0,,65600.0,49000.0,61900.0,37850.0,3225.0,15900.0,14300.0,54400.0,26150.0,234100.0,,,
2022-06-27,95000.0,6380.0,35550.0,58800.0,6885.0,222500.0,11150.0,5410.0,17000.0,86800.0,12950.0,8591.0,21800.0,12566.0,19000.0,7847.0,34050.0,30250.0,33900.0,,65700.0,51900.0,63400.0,38250.0,3290.0,16550.0,15000.0,54100.0,27000.0,239800.0,,,
2022-06-28,95300.0,6380.0,35300.0,59400.0,6885.0,220000.0,11150.0,5360.0,17150.0,87000.0,13200.0,8429.0,21450.0,12566.0,18950.0,7949.0,33350.0,30150.0,34000.0,,65100.0,51100.0,63800.0,38300.0,3305.0,17000.0,15000.0,55400.0,27350.0,238600.0,,,
2022-06-29,94000.0,6210.0,34150.0,58000.0,6856.0,216500.0,11100.0,5280.0,17450.0,83200.0,13100.0,8256.0,20900.0,11882.0,18300.0,7797.0,32800.0,29550.0,33050.0,,64600.0,49200.0,64500.0,38150.0,3340.0,17850.0,15050.0,56000.0,27250.0,235300.0,,,
2022-06-30,91000.0,5870.0,32100.0,57000.0,6564.0,204000.0,10650.0,5040.0,16900.0,80600.0,12550.0,8017.0,20250.0,11070.0,17600.0,7569.0,31200.0,29000.0,32300.0,,60900.0,47900.0,61900.0,36950.0,3355.0,18050.0,14500.0,55400.0,26150.0,228600.0,,,
2022-07-01,87500.0,5690.0,31950.0,56200.0,6399.0,201000.0,10450.0,4895.0,16100.0,78200.0,12300.0,7778.0,19750.0,10771.0,17100.0,7240.0,30150.0,28000.0,30800.0,,58600.0,44500.0,58600.0,36850.0,3260.0,17500.0,13900.0,54300.0,25700.0,217500.0,,,
2022-07-04,89100.0,5690.0,31500.0,57100.0,6214.0,200500.0,10350.0,4915.0,16100.0,75200.0,12250.0,7654.0,19400.0,10514.0,17000.0,7189.0,29850.0,27300.0,29850.0,,58200.0,43200.0,55200.0,35600.0,3160.0,17100.0,13500.0,53300.0,25550.0,214200.0,,,
2022-07-05,92500.0,5780.0,32350.0,57200.0,6515.0,214500.0,10700.0,5120.0,16550.0,77700.0,12800.0,7988.0,19050.0,10728.0,17700.0,7392.0,30500.0,28500.0,31250.0,,58000.0,44200.0,57200.0,37400.0,3285.0,17800.0,14150.0,54300.0,26500.0,227200.0,,,
2022-07-06,92100.0,5740.0,31900.0,56400.0,6418.0,210500.0,10400.0,5010.0,16050.0,75000.0,12350.0,7701.0,18800.0,10386.0,17200.0,7291.0,30650.0,27500.0,29850.0,,58300.0,42400.0,56200.0,36500.0,3275.0,17700.0,14700.0,54300.0,26700.0,222300.0,,,
2022-07-07,93900.0,5860.0,33550.0,58200.0,6652.0,216000.0,10700.0,5160.0,16600.0,77500.0,12750.0,8027.0,19250.0,10942.0,17800.0,7493.0,32250.0,27600.0,30950.0,,60200.0,44000.0,56400.0,37900.0,3410.0,17850.0,15050.0,57500.0,28350.0,230000.0,,,
2022-07-08,94800.0,5910.0,33450.0,58700.0,6681.0,214000.0,11000.0,5140.0,16650.0,77800.0,12850.0,7950.0,19200.0,11284.0,17850.0,7544.0,32550.0,27650.0,30850.0,,60700.0,43600.0,56900.0,38000.0,3430.0,17900.0,15150.0,59000.0,28150.0,229600.0,,,
2022-07-11,93700.0,5880.0,33350.0,58800.0,6817.0,214500.0,10950.0,5450.0,16650.0,77900.0,13800.0,7893.0,19100.0,11070.0,17600.0,7974.0,33000.0,27000.0,31350.0,,59800.0,43650.0,60800.0,38700.0,3395.0,17350.0,14950.0,60500.0,27950.0,229000.0,,,
2022-07-12,93300.0,5880.0,32300.0,58100.0,6574.0,209500.0,10500.0,5000.0,15600.0,73900.0,13350.0,7500.0,17650.0,10429.0,16800.0,7594.0,31850.0,26000.0,29150.0,,56800.0,41350.0,57700.0,36850.0,3230.0,16800.0,14100.0,59200.0,27400.0,214400.0,,,
2022-07-13,94000.0,5900.0,32700.0,58000.0,6700.0,217000.0,11250.0,5250.0,15650.0,74700.0,13900.0,7634.0,17550.0,10685.0,16750.0,8278.0,32000.0,26000.0,29750.0,,57900.0,41400.0,60100.0,37700.0,3265.0,17200.0,14300.0,60700.0,28650.0,215300.0,,,
2022-07-14,94000.0,6020.0,32450.0,57500.0,6652.0,213500.0,11450.0,5200.0,15600.0,74100.0,13950.0,7682.0,17700.0,10685.0,16450.0,8278.0,31550.0,25900.0,28850.0,8228.0,57800.0,41400.0,60600.0,37550.0,3270.0,17250.0,14400.0,60800.0,28000.0,216900.0,,,
2022-07-15,98700.0,5950.0,33250.0,60000.0,6749.0,216000.0,11550.0,5200.0,16100.0,76400.0,13500.0,7749.0,17850.0,10771.0,16900.0,8354.0,32600.0,26100.0,28900.0,7853.0,58900.0,42000.0,60000.0,38100.0,3340.0,17650.0,14000.0,60700.0,27850.0,217500.0,,10812.0,
2022-07-18,101000.0,6070.0,34300.0,61900.0,7011.0,220500.0,11650.0,5370.0,16500.0,79000.0,13650.0,8055.0,18700.0,11583.0,17450.0,8455.0,34100.0,26850.0,29800.0,7903.0,62400.0,43600.0,58700.0,39750.0,3400.0,18300.0,14250.0,61100.0,28800.0,223700.0,,12875.0,
2022-07-19,100000.0,6060.0,34350.0,60900.0,6885.0,222000.0,11700.0,5350.0,15850.0,77800.0,13500.0,8046.0,18550.0,11583.0,18600.0,8430.0,33500.0,27500.0,30250.0,8953.0,60900.0,43100.0,57400.0,39200.0,3405.0,18100.0,14300.0,60200.0,29100.0,221600.0,,14000.0,
2022-07-20,102000.0,6160.0,34300.0,60500.0,6827.0,223500.0,11650.0,5360.0,16200.0,78700.0,13600.0,8142.0,19200.0,11583.0,17950.0,8531.0,33850.0,27900.0,29850.0,8703.0,63200.0,42700.0,57300.0,39350.0,3440.0,18150.0,14700.0,60700.0,28750.0,224800.0,,14125.0,
2022-07-21,102500.0,6260.0,35650.0,61800.0,6875.0,224500.0,11700.0,5440.0,16650.0,79600.0,14100.0,8256.0,19750.0,11925.0,18050.0,9164.0,34500.0,29800.0,30400.0,8653.0,63200.0,43100.0,57300.0,40250.0,3505.0,18150.0,15300.0,62600.0,29100.0,225900.0,,16000.0,
2022-07-22,100000.0,6270.0,35000.0,61300.0,6827.0,219500.0,11700.0,5420.0,16350.0,78200.0,14400.0,8122.0,19800.0,11626.0,18000.0,9088.0,34250.0,30000.0,30300.0,8003.0,61200.0,42900.0,58000.0,39500.0,3485.0,18000.0,14950.0,63800.0,28700.0,224100.0,,15050.0,
2022-07-25,100000.0,6370.0,35200.0,61100.0,6953.0,220000.0,11650.0,5360.0,16400.0,78300.0,14050.0,8132.0,19950.0,11583.0,17750.0,8911.0,34300.0,30600.0,30000.0,7903.0,62500.0,42800.0,56700.0,39300.0,3495.0,17950.0,15000.0,64300.0,29050.0,222800.0,,15100.0,
2022-07-26,100500.0,6300.0,35500.0,61700.0,6865.0,223500.0,11700.0,5420.0,16400.0,78400.0,13850.0,8763.0,20000.0,11668.0,17900.0,8911.0,34600.0,30700.0,31050.0,7928.0,62400.0,42850.0,56400.0,39100.0,3475.0,17850.0,15050.0,63800.0,28550.0,232200.0,,14675.0,
2022-07-27,100000.0,6340.0,35350.0,61800.0,6836.0,217000.0,11850.0,5480.0,16350.0,79500.0,13900.0,8830.0,19650.0,11797.0,17900.0,8961.0,35150.0,30300.0,31150.0,7978.0,62900.0,42350.0,57100.0,39300.0,3470.0,17900.0,15200.0,62700.0,28600.0,235800.0,,14475.0,
2022-07-28,99400.0,6470.0,35650.0,61900.0,6914.0,223000.0,11850.0,5460.0,16450.0,79700.0,13700.0,8897.0,19950.0,11711.0,18400.0,8885.0,35000.0,30450.0,31000.0,7703.0,63600.0,40700.0,57200.0,39500.0,3475.0,18000.0,15300.0,63400.0,27850.0,234200.0,,14075.0,
2022-07-29,97900.0,6470.0,35550.0,61400.0,7109.0,219500.0,12150.0,5470.0,16950.0,80500.0,13500.0,9050.0,19900.0,11583.0,19100.0,8810.0,34550.0,30550.0,31800.0,7578.0,66000.0,40450.0,57500.0,40500.0,3480.0,17800.0,15300.0,63500.0,28450.0,233100.0,,14325.0,
2022-08-01,97100.0,6570.0,36800.0,61300.0,7507.0,225000.0,12150.0,5440.0,17650.0,79500.0,13400.0,8936.0,19950.0,11583.0,18800.0,8830.0,34000.0,30650.0,31150.0,7778.0,63000.0,39900.0,58400.0,41800.0,3495.0,17550.0,15400.0,63200.0,29700.0,234000.0,,13725.0,
2022-08-02,96500.0,6650.0,36600.0,61700.0,7410.0,226000.0,11900.0,5390.0,17400.0,78600.0,13200.0,8916.0,19800.0,11284.0,18600.0,8620.0,33450.0,30400.0,31450.0,7503.0,62800.0,38600.0,58400.0,40050.0,3470.0,17550.0,15400.0,63500.0,29750.0,233700.0,,13375.0,
2022-08-03,97500.0,6640.0,36700.0,61300.0,7400.0,224500.0,11950.0,5450.0,17750.0,78800.0,13400.0,8955.0,20150.0,11326.0,18950.0,8420.0,33050.0,30200.0,31750.0,7378.0,60000.0,38100.0,60700.0,40250.0,3480.0,17600.0,15500.0,63600.0,30100.0,232700.0,,13675.0,
2022-08-04,97500.0,6750.0,37700.0,61500.0,7293.0,224000.0,12100.0,5530.0,17500.0,78000.0,13350.0,9060.0,20050.0,11668.0,19400.0,8390.0,33000.0,30200.0,31300.0,7128.0,61200.0,38200.0,60100.0,40950.0,3505.0,17300.0,15650.0,63200.0,29750.0,231300.0,,13175.0,
2022-08-05,98500.0,6800.0,37300.0,61500.0,7225.0,224000.0,12100.0,5510.0,16700.0,77200.0,13650.0,9070.0,20350.0,11540.0,19200.0,8320.0,32600.0,30200.0,32350.0,7253.0,61400.0,38700.0,59000.0,40450.0,3485.0,17300.0,16050.0,62400.0,29250.0,233600.0,,13875.0,
2022-08-08,96300.0,6820.0,35100.0,60800.0,7118.0,217000.0,12150.0,5450.0,15900.0,79600.0,13400.0,8926.0,19850.0,11241.0,19100.0,8330.0,32700.0,29750.0,31600.0,7228.0,59700.0,38200.0,58600.0,40450.0,3415.0,17000.0,15700.0,59800.0,29150.0,231700.0,,15325.0,
2022-08-09,95100.0,6450.0,33650.0,60000.0,7002.0,211000.0,13150.0,5380.0,16150.0,77800.0,12950.0,8811.0,18900.0,11027.0,19100.0,8170.0,31200.0,28950.0,30900.0,7053.0,57300.0,37650.0,57200.0,39150.0,3330.0,16500.0,15100.0,56800.0,28600.0,222800.0,,15800.0,
2022-08-10,91800.0,6130.0,33400.0,59100.0,6632.0,210500.0,13150.0,5200.0,15550.0,74000.0,12400.0,8668.0,17850.0,10472.0,18550.0,7960.0,30400.0,28400.0,30500.0,6952.0,56900.0,36450.0,55500.0,37000.0,3230.0,15850.0,14650.0,55600.0,26950.0,220800.0,,15225.0,
2022-08-11,93300.0,6130.0,33900.0,59900.0,6856.0,215000.0,13150.0,5340.0,15700.0,78400.0,12550.0,8830.0,18200.0,10643.0,19150.0,8120.0,31050.0,29200.0,32150.0,6927.0,58900.0,37150.0,56100.0,37350.0,3330.0,16300.0,14900.0,54800.0,26900.0,225200.0,,14950.0,
2022-08-12,93300.0,6230.0,34200.0,60200.0,7021.0,222000.0,13500.0,5440.0,16050.0,79200.0,12800.0,8897.0,18700.0,10899.0,19200.0,8340.0,31400.0,29100.0,32750.0,7528.0,59400.0,38300.0,57900.0,38150.0,3420.0,16700.0,15150.0,57200.0,27750.0,228300.0,,14550.0,
2022-08-16,96700.0,6330.0,35100.0,61000.0,7148.0,234000.0,13450.0,5500.0,16350.0,80000.0,13000.0,8983.0,18700.0,11241.0,19650.0,8370.0,33250.0,29450.0,32350.0,7328.0,59600.0,38800.0,59500.0,39100.0,3475.0,17000.0,15100.0,57500.0,28050.0,235100.0,,14000.0,
2022-08-17,97100.0,6300.0,35500.0,60400.0,6807.0,230500.0,12600.0,5420.0,16700.0,78500.0,12900.0,8897.0,18250.0,10985.0,19150.0,8240.0,32950.0,30900.0,32150.0,7378.0,58400.0,38300.0,59200.0,38700.0,3440.0,17400.0,14850.0,56500.0,28100.0,226500.0,,13925.0,
2022-08-18,95700.0,6290.0,35750.0,61500.0,6807.0,230500.0,12800.0,5470.0,17050.0,79000.0,12900.0,8907.0,18700.0,11155.0,19000.0,8350.0,35700.0,30750.0,32300.0,7453.0,60900.0,39400.0,61800.0,39600.0,3520.0,17400.0,14550.0,57800.0,28700.0,223200.0,,15200.0,
2022-08-19,96400.0,6240.0,35400.0,60900.0,6661.0,226000.0,12650.0,5310.0,16600.0,77600.0,12650.0,8907.0,18250.0,11027.0,18950.0,8220.0,36450.0,31200.0,31600.0,7403.0,59300.0,39000.0,60500.0,38800.0,3475.0,17500.0,14600.0,56100.0,27950.0,220300.0,,14825.0,
2022-08-22,95200.0,6060.0,34150.0,60000.0,6389.0,224000.0,12150.0,5100.0,16250.0,75000.0,12300.0,8562.0,17700.0,10685.0,18750.0,7950.0,35450.0,29700.0,30500.0,6877.0,56000.0,38050.0,58600.0,37500.0,3365.0,16950.0,14250.0,55100.0,27900.0,214100.0,,14875.0,
2022-08-23,93600.0,5970.0,34550.0,59100.0,6243.0,224500.0,11700.0,5020.0,15950.0,74000.0,12150.0,8505.0,17500.0,10514.0,18250.0,7340.0,35050.0,28950.0,30150.0,6677.0,55400.0,37250.0,57700.0,37200.0,3295.0,17100.0,13850.0,55300.0,27900.0,211000.0,,14125.0,
2022-08-24,93200.0,5960.0,35000.0,59000.0,6204.0,226000.0,11800.0,5050.0,16050.0,73700.0,12050.0,8668.0,17950.0,10557.0,18500.0,7210.0,35200.0,29300.0,30200.0,6702.0,56800.0,36950.0,56900.0,36900.0,3345.0,16650.0,13850.0,55200.0,28700.0,213600.0,,15075.0,
2022-08-25,94100.0,6040.0,35500.0,59700.0,6224.0,226500.0,12050.0,5150.0,16600.0,75500.0,12200.0,8955.0,18450.0,10856.0,19200.0,7320.0,37150.0,30100.0,30400.0,6777.0,57900.0,38150.0,58000.0,37600.0,3380.0,16700.0,14100.0,56400.0,28600.0,218200.0,,15625.0,
2022-08-26,95100.0,6060.0,34750.0,60000.0,6379.0,224500.0,12050.0,5160.0,16450.0,75800.0,12250.0,8878.0,19000.0,10942.0,19400.0,7470.0,36450.0,29850.0,30950.0,6802.0,58400.0,38100.0,58500.0,38200.0,3415.0,16650.0,14050.0,55500.0,28650.0,216500.0,,16025.0,
2022-08-29,92500.0,5920.0,32850.0,58600.0,6126.0,210000.0,11900.0,4945.0,15450.0,71900.0,11650.0,8476.0,18050.0,10301.0,19050.0,7070.0,35750.0,28600.0,29750.0,6377.0,54800.0,36400.0,56100.0,36350.0,3265.0,16050.0,13550.0,54700.0,27150.0,208500.0,,15075.0,
2022-08-30,93200.0,5950.0,33550.0,58800.0,6321.0,212000.0,12600.0,5050.0,15650.0,74300.0,11900.0,8687.0,18250.0,10600.0,19200.0,7170.0,37950.0,29150.0,30450.0,6327.0,56200.0,37600.0,57400.0,37250.0,3265.0,16250.0,13650.0,55900.0,27750.0,216400.0,,16200.0,
2022-08-31,95200.0,6120.0,34550.0,59700.0,6506.0,218500.0,13150.0,5160.0,15950.0,75300.0,12050.0,8869.0,18500.0,10985.0,19450.0,7450.0,38800.0,29150.0,30500.0,6552.0,58000.0,38050.0,58800.0,38850.0,3300.0,16300.0,13900.0,56700.0,29650.0,216800.0,,16700.0,
2022-09-01,92400.0,6080.0,33150.0,58400.0,6408.0,210500.0,12700.0,5010.0,15300.0,72900.0,11700.0,8524.0,18100.0,10557.0,18450.0,7140.0,38450.0,27450.0,29500.0,6402.0,56000.0,36350.0,57100.0,37500.0,3235.0,16050.0,13600.0,55500.0,29750.0,213400.0,,15750.0,
2022-09-02,91700.0,5970.0,32400.0,57500.0,6447.0,215000.0,12350.0,4925.0,14500.0,71300.0,11900.0,8352.0,17500.0,10172.0,18000.0,7050.0,38400.0,26900.0,28700.0,6327.0,54000.0,34800.0,56100.0,36850.0,3310.0,16000.0,13250.0,55000.0,29250.0,209300.0,,15525.0,
2022-09-05,91100.0,5850.0,31850.0,57100.0,6165.0,207500.0,12000.0,4840.0,14550.0,70000.0,11700.0,8228.0,16700.0,9702.0,17800.0,6850.0,37950.0,26800.0,28450.0,5902.0,53300.0,34150.0,52000.0,35100.0,3410.0,15850.0,13050.0,52500.0,27800.0,207300.0,,14950.0,
2022-09-06,91800.0,5870.0,31950.0,57100.0,6126.0,211000.0,12250.0,4885.0,14500.0,70900.0,12000.0,8228.0,17250.0,9830.0,18050.0,6890.0,37200.0,27250.0,28500.0,5902.0,52600.0,34400.0,50700.0,34600.0,3470.0,16350.0,13100.0,53300.0,27650.0,209100.0,,15650.0,
2022-09-07,90400.0,5760.0,31400.0,56000.0,5971.0,208000.0,11850.0,4760.0,14400.0,70800.0,12100.0,8065.0,16950.0,9574.0,17300.0,6760.0,36450.0,26800.0,28050.0,5802.0,52400.0,33750.0,48150.0,33850.0,3530.0,16050.0,12950.0,53500.0,26950.0,206100.0,,15675.0,
2022-09-08,90400.0,5760.0,31650.0,55600.0,5971.0,210500.0,11950.0,4770.0,14050.0,70700.0,12150.0,8017.0,17100.0,9531.0,17500.0,6700.0,36450.0,27250.0,27850.0,5752.0,52100.0,33450.0,47900.0,33650.0,3510.0,15150.0,13000.0,52800.0,26800.0,208500.0,,16600.0,
2022-09-13,94800.0,5960.0,33400.0,58100.0,6350.0,217500.0,12450.0,5030.0,14650.0,74500.0,12600.0,8496.0,17750.0,10172.0,18450.0,7160.0,39050.0,29050.0,29400.0,6077.0,55500.0,36600.0,50800.0,36050.0,3545.0,16100.0,13300.0,54200.0,28050.0,213500.0,,17300.0,
2022-09-14,93000.0,6020.0,32050.0,56800.0,6146.0,210000.0,12200.0,4865.0,14100.0,74400.0,12200.0,8151.0,16900.0,9788.0,17650.0,6970.0,38400.0,27550.0,28250.0,6102.0,53500.0,34250.0,51400.0,34600.0,3550.0,15800.0,13100.0,52900.0,27750.0,206200.0,,17375.0,
2022-09-15,92000.0,6030.0,31900.0,56000.0,6126.0,215000.0,12200.0,4860.0,14050.0,71900.0,12500.0,8122.0,16700.0,9702.0,17550.0,6890.0,39000.0,26900.0,28200.0,6277.0,53800.0,34250.0,51800.0,34600.0,3560.0,15650.0,13100.0,53600.0,27150.0,206300.0,,17050.0,
2022-09-16,91200.0,5840.0,31400.0,56200.0,5951.0,214000.0,12050.0,4795.0,13750.0,71500.0,12500.0,7921.0,15900.0,9574.0,16800.0,6720.0,37700.0,26500.0,27800.0,6452.0,52900.0,33500.0,52000.0,34250.0,3495.0,15100.0,13000.0,52700.0,27400.0,203700.0,,16200.0,
2022-09-19,90000.0,5640.0,31100.0,56400.0,5874.0,200000.0,11200.0,4830.0,13700.0,71200.0,13000.0,7921.0,15700.0,9745.0,17050.0,6730.0,37750.0,26100.0,27750.0,6152.0,53300.0,34750.0,53000.0,34400.0,3580.0,15050.0,12600.0,52000.0,27200.0,203500.0,,15625.0,
2022-09-20,88000.0,5600.0,31300.0,55800.0,5864.0,187000.0,11400.0,4835.0,13700.0,71400.0,13050.0,8017.0,16100.0,9745.0,17550.0,6700.0,37350.0,26950.0,27750.0,6002.0,53000.0,34650.0,54600.0,34700.0,3535.0,14950.0,12600.0,51400.0,27200.0,197500.0,,16200.0,
2022-09-21,88000.0,5600.0,29600.0,55300.0,5728.0,189000.0,11300.0,4760.0,13700.0,68800.0,12700.0,7979.0,15800.0,9531.0,17450.0,6530.0,36850.0,26200.0,27100.0,5927.0,51000.0,34250.0,52200.0,34350.0,3420.0,14850.0,12450.0,51000.0,27100.0,192500.0,,16350.0,
2022-09-22,86000.0,5390.0,30500.0,54400.0,5737.0,195500.0,11200.0,4625.0,13100.0,67800.0,12750.0,7778.0,15550.0,9403.0,16800.0,6350.0,36400.0,25700.0,27150.0,6202.0,50000.0,33850.0,51400.0,33500.0,3530.0,14650.0,12050.0,51300.0,26150.0,192400.0,,16125.0,
2022-09-23,83500.0,5050.0,29650.0,54500.0,5319.0,186500.0,10600.0,4510.0,12750.0,65800.0,12900.0,7539.0,14900.0,9018.0,15850.0,6050.0,35300.0,25050.0,26250.0,6552.0,47000.0,32750.0,48650.0,32250.0,3350.0,14050.0,11350.0,49400.0,23400.0,189800.0,,15775.0,
2022-09-26,82500.0,4565.0,28000.0,53900.0,5125.0,178000.0,10000.0,4290.0,12050.0,62800.0,12000.0,7089.0,14000.0,8548.0,14900.0,5770.0,33400.0,23550.0,25050.0,6077.0,44100.0,31550.0,44850.0,31200.0,3115.0,13400.0,10500.0,46200.0,22150.0,182500.0,10050.0,14625.0,
2022-09-27,82000.0,4540.0,27800.0,54200.0,5057.0,176500.0,10050.0,4345.0,12300.0,63200.0,11950.0,7118.0,14550.0,8634.0,14850.0,5860.0,34150.0,23850.0,25650.0,6302.0,43750.0,31000.0,44700.0,31050.0,3300.0,13500.0,10300.0,47300.0,22450.0,185400.0,13050.0,14950.0,
2022-09-28,81200.0,4405.0,26350.0,52900.0,4799.0,172000.0,9350.0,4215.0,11700.0,60000.0,11500.0,6955.0,14050.0,8129.0,14250.0,5530.0,32800.0,22500.0,24900.0,6377.0,42000.0,29950.0,42400.0,29400.0,3270.0,13450.0,9980.0,46400.0,21450.0,183700.0,13300.0,14650.0,
2022-09-29,80800.0,4300.0,26300.0,52600.0,4658.0,172500.0,9310.0,4195.0,11500.0,58800.0,11250.0,6879.0,13750.0,7839.0,13800.0,5470.0,32400.0,22750.0,25000.0,6402.0,40900.0,29450.0,41650.0,29050.0,3315.0,13550.0,9750.0,44150.0,20600.0,179400.0,11950.0,13850.0,
2022-09-30,83100.0,4255.0,26500.0,53100.0,4629.0,170000.0,9350.0,4160.0,11600.0,58700.0,10800.0,6792.0,13800.0,7847.0,13950.0,5490.0,32200.0,22050.0,24800.0,6477.0,40400.0,28750.0,41750.0,29500.0,3170.0,13650.0,9240.0,43850.0,21250.0,177900.0,10550.0,13800.0,
2022-10-04,86200.0,4430.0,28050.0,55200.0,4857.0,176000.0,9750.0,4410.0,12150.0,61900.0,12150.0,7175.0,14450.0,8446.0,14800.0,5750.0,33900.0,23600.0,26300.0,6602.0,42800.0,30950.0,43100.0,31600.0,3210.0,14050.0,11300.0,46650.0,22000.0,187200.0,13700.0,14850.0,
2022-10-05,89800.0,4410.0,27750.0,56000.0,4726.0,181000.0,9870.0,4280.0,11750.0,60000.0,11900.0,7051.0,14400.0,8377.0,14200.0,5680.0,33850.0,22950.0,25900.0,6452.0,41600.0,31200.0,43950.0,31200.0,3200.0,14050.0,10950.0,45750.0,22250.0,190200.0,12900.0,14875.0,
2022-10-06,89900.0,4620.0,28950.0,56300.0,4920.0,184000.0,10250.0,4565.0,12700.0,65100.0,12500.0,7701.0,15000.0,8805.0,14750.0,5940.0,36000.0,23550.0,27150.0,6477.0,43500.0,32450.0,45400.0,32950.0,3470.0,14950.0,11050.0,48800.0,23550.0,201800.0,13100.0,15000.0,
2022-10-07,91200.0,4500.0,28650.0,56200.0,5309.0,184500.0,10300.0,4550.0,12500.0,64700.0,12250.0,7663.0,15300.0,8805.0,14500.0,5990.0,35800.0,23350.0,26550.0,6427.0,43450.0,31900.0,45000.0,34750.0,3490.0,15150.0,11000.0,47500.0,24250.0,199500.0,11950.0,14375.0,
2022-10-11,90200.0,4155.0,27250.0,55400.0,4872.0,173000.0,9920.0,4335.0,12050.0,63000.0,11950.0,7615.0,14550.0,8591.0,13550.0,5620.0,34350.0,22000.0,25100.0,6077.0,42200.0,31100.0,43500.0,33750.0,3375.0,14500.0,9800.0,44800.0,23600.0,200200.0,10900.0,14025.0,
2022-10-12,94000.0,4195.0,28050.0,55800.0,5057.0,174000.0,10000.0,4375.0,12000.0,63800.0,11950.0,7730.0,14400.0,8505.0,13450.0,5750.0,34700.0,22700.0,25850.0,6127.0,38350.0,31600.0,43550.0,34550.0,3250.0,14600.0,12700.0,47900.0,24700.0,203800.0,11200.0,13725.0,
2022-10-13,94900.0,4005.0,27050.0,55200.0,4862.0,165000.0,9480.0,4350.0,11600.0,62200.0,11450.0,7424.0,13750.0,8275.0,12600.0,5590.0,33800.0,21450.0,25300.0,5927.0,38700.0,30500.0,41400.0,34250.0,3140.0,14350.0,11450.0,48000.0,24650.0,201400.0,10450.0,12850.0,
2022-10-14,95500.0,4150.0,29100.0,56300.0,5076.0,171000.0,9950.0,4425.0,12000.0,63200.0,12150.0,7941.0,14350.0,8488.0,13700.0,5790.0,34750.0,23100.0,26300.0,5927.0,40300.0,31250.0,42800.0,34800.0,3380.0,15300.0,11700.0,49600.0,25100.0,209500.0,10400.0,13225.0,
2022-10-17,95200.0,4195.0,28850.0,56600.0,5144.0,171500.0,10050.0,4415.0,11950.0,63300.0,12300.0,7835.0,14400.0,8548.0,13400.0,5740.0,32600.0,22750.0,26150.0,5927.0,39750.0,31250.0,40400.0,34500.0,3415.0,16050.0,11600.0,48350.0,24750.0,208000.0,9900.0,13075.0,
2022-10-18,95800.0,4350.0,29100.0,56500.0,5378.0,178500.0,10150.0,4505.0,12000.0,64600.0,12150.0,7988.0,14400.0,8719.0,13750.0,5730.0,30400.0,23000.0,26550.0,6027.0,39250.0,31100.0,40200.0,34350.0,3400.0,16050.0,11500.0,48050.0,24850.0,212500.0,10300.0,13750.0,
2022-10-19,92900.0,4285.0,28450.0,55800.0,5591.0,180500.0,9930.0,4430.0,11750.0,62000.0,11700.0,7673.0,13550.0,8540.0,13300.0,5560.0,30200.0,22950.0,26300.0,6027.0,38750.0,30350.0,39750.0,33750.0,3310.0,15800.0,11050.0,46150.0,25200.0,212000.0,9950.0,13175.0,
2022-10-20,90200.0,4245.0,27950.0,55500.0,5543.0,173500.0,9930.0,4310.0,11650.0,62500.0,11250.0,7520.0,13450.0,8266.0,12900.0,5530.0,29700.0,22950.0,26250.0,5952.0,38300.0,28600.0,38550.0,33700.0,3275.0,15550.0,10550.0,46150.0,24500.0,208900.0,9540.0,13250.0,
2022-10-21,90500.0,4140.0,27750.0,55900.0,5514.0,174000.0,10050.0,4310.0,11550.0,61500.0,11250.0,7395.0,13100.0,8266.0,12850.0,5560.0,29550.0,22600.0,26450.0,5952.0,37850.0,28850.0,38200.0,33650.0,3245.0,15150.0,10450.0,46250.0,24350.0,203400.0,8530.0,13600.0,
2022-10-24,91800.0,4425.0,29850.0,57500.0,5728.0,172000.0,10050.0,4480.0,12150.0,65000.0,11950.0,7788.0,13150.0,8762.0,13250.0,5770.0,30000.0,23400.0,28850.0,5927.0,38350.0,31200.0,38950.0,35450.0,3210.0,15150.0,10700.0,46900.0,25100.0,210900.0,9060.0,14350.0,
2022-10-25,93500.0,4520.0,30700.0,57700.0,5874.0,181500.0,10500.0,4780.0,12400.0,66800.0,12300.0,7931.0,13750.0,9617.0,13550.0,6010.0,31500.0,23850.0,29100.0,6402.0,39600.0,33750.0,39600.0,36150.0,3300.0,15700.0,11150.0,47950.0,25100.0,210500.0,9600.0,14600.0,
2022-10-26,93900.0,4520.0,30650.0,59400.0,5630.0,180000.0,10050.0,4585.0,12200.0,66100.0,12050.0,7749.0,13600.0,9318.0,12900.0,5880.0,30800.0,23350.0,28600.0,6227.0,36850.0,32450.0,38000.0,35800.0,3260.0,15500.0,10700.0,48600.0,24250.0,212000.0,8940.0,14475.0,
2022-10-27,90000.0,4550.0,30150.0,59500.0,5640.0,188000.0,10200.0,4510.0,11900.0,66200.0,12050.0,7778.0,13900.0,9360.0,13000.0,5900.0,30750.0,23350.0,29450.0,6252.0,39200.0,32400.0,38700.0,35500.0,3245.0,15400.0,10550.0,47000.0,24550.0,207000.0,8890.0,14250.0,
2022-10-28,83400.0,4340.0,29000.0,57300.0,5669.0,184000.0,9950.0,4235.0,11100.0,63200.0,11600.0,7539.0,13400.0,7967.0,12500.0,5650.0,30150.0,22200.0,28900.0,6052.0,37500.0,30000.0,37150.0,34750.0,3250.0,14950.0,10100.0,47300.0,23950.0,202000.0,9030.0,14250.0,
2022-10-31,82700.0,4395.0,30100.0,59400.0,5728.0,185500.0,10100.0,4315.0,11450.0,65200.0,11800.0,7673.0,13800.0,7992.0,12750.0,5870.0,30350.0,22900.0,29650.0,6252.0,38450.0,30650.0,38000.0,35350.0,3210.0,15100.0,10100.0,51800.0,24600.0,204700.0,9600.0,14575.0,
2022-11-01,83900.0,4400.0,30200.0,60000.0,5650.0,185500.0,10200.0,4340.0,11500.0,65500.0,11850.0,7730.0,13550.0,8027.0,13050.0,5920.0,30050.0,22950.0,29000.0,6152.0,37950.0,30600.0,37500.0,35200.0,3230.0,15150.0,10250.0,53200.0,25100.0,209200.0,9340.0,14700.0,
2022-11-02,84500.0,4385.0,29150.0,59600.0,5494.0,182000.0,10500.0,4255.0,11500.0,64900.0,11650.0,7654.0,13350.0,7958.0,12900.0,5850.0,30350.0,22650.0,28600.0,5977.0,38000.0,30000.0,37250.0,34300.0,3245.0,15100.0,10500.0,54200.0,25250.0,204000.0,8980.0,14300.0,
2022-11-03,82700.0,4320.0,28850.0,59200.0,5504.0,181500.0,11200.0,4155.0,11450.0,63700.0,11650.0,7587.0,13050.0,7950.0,12700.0,5910.0,30750.0,22200.0,28150.0,6027.0,37800.0,30200.0,37300.0,34600.0,3255.0,15000.0,10300.0,52700.0,25650.0,203500.0,8930.0,14350.0,
2022-11-04,84500.0,4270.0,28900.0,59400.0,5329.0,182000.0,11050.0,4120.0,11550.0,62700.0,11550.0,7539.0,13150.0,7873.0,13050.0,5900.0,30250.0,21800.0,27750.0,6102.0,36900.0,30700.0,37400.0,33500.0,3295.0,14800.0,10350.0,49950.0,24300.0,202200.0,8830.0,14750.0,
2022-11-07,86500.0,4340.0,30100.0,60200.0,5387.0,190500.0,10950.0,4225.0,11950.0,65700.0,11750.0,7663.0,13450.0,8121.0,13350.0,6150.0,30550.0,22600.0,28700.0,6227.0,39000.0,32100.0,37900.0,33600.0,3335.0,15150.0,10550.0,50400.0,23600.0,206900.0,8870.0,15975.0,
2022-11-08,87700.0,4455.0,32900.0,61800.0,5621.0,187000.0,11050.0,4410.0,12150.0,67200.0,12050.0,7941.0,13900.0,8386.0,13800.0,6340.0,31450.0,24050.0,29700.0,6502.0,39550.0,34250.0,39950.0,35300.0,3390.0,15750.0,11300.0,52400.0,24400.0,216500.0,9100.0,16250.0,
2022-11-09,89200.0,4510.0,32750.0,62000.0,5514.0,197000.0,11000.0,4435.0,12450.0,66600.0,12100.0,7874.0,13850.0,8343.0,14050.0,6290.0,31300.0,23550.0,29650.0,6552.0,40000.0,33850.0,39300.0,34850.0,3450.0,15650.0,11100.0,51700.0,24450.0,215600.0,8950.0,16500.0,
2022-11-10,89100.0,4505.0,31650.0,60400.0,5368.0,197000.0,10700.0,4345.0,12150.0,64800.0,11850.0,7673.0,13300.0,8317.0,13350.0,6290.0,31550.0,23050.0,29400.0,6677.0,39150.0,32850.0,39100.0,33300.0,3465.0,15500.0,11150.0,50400.0,23550.0,212900.0,8660.0,16300.0,
2022-11-11,93500.0,4690.0,33550.0,62900.0,5737.0,215500.0,11850.0,4580.0,12900.0,69300.0,12300.0,8094.0,14250.0,8762.0,14050.0,6490.0,32650.0,24650.0,30800.0,6727.0,41700.0,35300.0,40100.0,35450.0,3505.0,15950.0,11650.0,54000.0,24900.0,221000.0,8730.0,16975.0,
2022-11-14,90900.0,4750.0,32750.0,61900.0,5572.0,202000.0,11650.0,4535.0,12550.0,67800.0,12550.0,7960.0,14400.0,8762.0,13850.0,6570.0,31750.0,24400.0,30300.0,6552.0,39550.0,34450.0,41200.0,34650.0,3540.0,15850.0,11750.0,54100.0,24800.0,214200.0,8650.0,15650.0,
2022-11-15,91600.0,4860.0,34850.0,62400.0,6146.0,210000.0,12050.0,4755.0,13200.0,71700.0,13050.0,8342.0,15000.0,10087.0,14450.0,6900.0,34700.0,25150.0,31300.0,6902.0,43450.0,37150.0,43900.0,35850.0,3545.0,16750.0,12900.0,55900.0,25850.0,219100.0,9060.0,16700.0,
2022-11-16,91500.0,4885.0,34700.0,62700.0,6087.0,209000.0,11900.0,4775.0,13250.0,71500.0,13150.0,8323.0,15000.0,10215.0,14700.0,6930.0,34900.0,24900.0,31550.0,7478.0,42750.0,39050.0,44650.0,36050.0,3455.0,16950.0,12450.0,55800.0,26050.0,223000.0,9210.0,16525.0,
2022-11-17,87700.0,4795.0,34950.0,61400.0,6068.0,204000.0,11650.0,4695.0,13000.0,69700.0,12900.0,8103.0,14450.0,10044.0,14250.0,6750.0,34400.0,24100.0,30400.0,7478.0,43950.0,38800.0,44850.0,35350.0,3435.0,16450.0,12400.0,56000.0,25300.0,218700.0,9430.0,16750.0,
2022-11-18,88400.0,4755.0,34400.0,61800.0,5893.0,210000.0,11500.0,4635.0,12950.0,69200.0,13000.0,7960.0,15650.0,9702.0,14000.0,6510.0,34800.0,24300.0,31750.0,7228.0,42500.0,38150.0,44500.0,34250.0,3400.0,16100.0,12450.0,55000.0,24800.0,213900.0,9400.0,15700.0,
2022-11-21,86300.0,4760.0,33700.0,61400.0,5737.0,201500.0,11100.0,4500.0,12850.0,67600.0,13100.0,7730.0,14750.0,9446.0,13400.0,6370.0,34500.0,23450.0,30600.0,6752.0,41600.0,36550.0,43500.0,33400.0,3240.0,16050.0,11800.0,53600.0,24000.0,211500.0,8920.0,15025.0,
2022-11-22,85200.0,4745.0,33250.0,60600.0,5679.0,199000.0,11100.0,4415.0,12450.0,66400.0,12750.0,7606.0,14300.0,9147.0,12950.0,6280.0,33650.0,22800.0,30600.0,6577.0,41300.0,35800.0,41050.0,32450.0,3245.0,15750.0,11700.0,53200.0,23750.0,210700.0,8740.0,14650.0,
2022-11-23,85200.0,4780.0,33900.0,61000.0,5883.0,203500.0,11350.0,4470.0,12850.0,69000.0,12850.0,7797.0,14300.0,9275.0,13300.0,6400.0,34700.0,23600.0,32000.0,6652.0,43100.0,36550.0,42500.0,32450.0,3360.0,16700.0,11700.0,53600.0,23900.0,219200.0,9020.0,14650.0,
2022-11-24,86900.0,4865.0,34400.0,61400.0,5990.0,208500.0,11300.0,4600.0,12950.0,71500.0,13150.0,7941.0,14900.0,9403.0,13750.0,6580.0,35550.0,23800.0,32400.0,6752.0,43500.0,37450.0,42900.0,33100.0,3430.0,16700.0,12050.0,54300.0,24000.0,219900.0,8890.0,15275.0,
2022-11-25,85100.0,4850.0,33800.0,61000.0,6156.0,208500.0,11250.0,4520.0,12700.0,70400.0,13000.0,7788.0,14700.0,9189.0,13800.0,6480.0,35100.0,23250.0,32000.0,6627.0,42700.0,36550.0,42250.0,32600.0,3390.0,16400.0,11900.0,53000.0,23550.0,217500.0,8770.0,15300.0,
2022-11-28,83100.0,4725.0,33150.0,60100.0,6068.0,205000.0,10900.0,4365.0,12500.0,70200.0,12900.0,7491.0,14250.0,8976.0,13000.0,6360.0,34350.0,22450.0,31550.0,6252.0,41450.0,35500.0,42350.0,32950.0,3310.0,16350.0,11400.0,53100.0,23300.0,213300.0,8770.0,14875.0,
2022-11-29,83700.0,4795.0,33300.0,60600.0,6087.0,209500.0,11000.0,4500.0,12500.0,70900.0,13600.0,7567.0,14400.0,9147.0,13100.0,6470.0,35200.0,23150.0,31750.0,6277.0,42300.0,35550.0,42250.0,33150.0,3320.0,16350.0,13550.0,55600.0,23350.0,215300.0,8770.0,14675.0,
2022-11-30,85000.0,4810.0,32850.0,62200.0,6156.0,210000.0,10950.0,4490.0,12550.0,70100.0,13400.0,7596.0,14450.0,9232.0,12900.0,6430.0,35200.0,23150.0,31900.0,6427.0,41700.0,35150.0,42150.0,33100.0,3360.0,16500.0,15550.0,54900.0,23200.0,213100.0,8790.0,15225.0,
2022-12-01,84700.0,5090.0,33850.0,62600.0,6311.0,211000.0,11100.0,4540.0,12650.0,71500.0,13350.0,7721.0,14700.0,9232.0,13300.0,6460.0,35750.0,24000.0,32200.0,6327.0,42100.0,36300.0,42350.0,33150.0,3360.0,16700.0,15600.0,56300.0,23400.0,220400.0,8810.0,15925.0,
2022-12-02,81900.0,5080.0,32800.0,60400.0,6078.0,206000.0,10900.0,4455.0,12250.0,70100.0,13150.0,7520.0,14600.0,8976.0,13150.0,6350.0,35350.0,23550.0,31800.0,6252.0,41350.0,35200.0,41850.0,32300.0,3375.0,16550.0,15800.0,53500.0,23050.0,217100.0,8700.0,15575.0,
2022-12-05,81000.0,5090.0,32850.0,60300.0,6058.0,207000.0,10850.0,4555.0,12300.0,72100.0,13200.0,7500.0,14900.0,8976.0,13250.0,6350.0,34900.0,23600.0,31850.0,6177.0,42000.0,36250.0,40500.0,32200.0,3385.0,16550.0,15100.0,53300.0,22550.0,222200.0,8850.0,15750.0,
2022-12-06,81000.0,5050.0,31900.0,59200.0,5864.0,204500.0,11000.0,4465.0,11950.0,69500.0,12700.0,7395.0,14300.0,8719.0,12900.0,6200.0,34500.0,22800.0,30550.0,6427.0,40450.0,34750.0,40200.0,31000.0,3315.0,16400.0,16300.0,52000.0,21950.0,216400.0,8850.0,15075.0,
2022-12-07,78900.0,5340.0,31850.0,58900.0,5737.0,203000.0,10700.0,4380.0,11950.0,68200.0,12550.0,7280.0,14150.0,8676.0,12550.0,6100.0,33450.0,22850.0,30950.0,6177.0,40400.0,34300.0,39650.0,30450.0,3250.0,16000.0,15350.0,51800.0,21500.0,212600.0,9330.0,15000.0,
2022-12-08,78800.0,5540.0,31800.0,59200.0,5621.0,200500.0,10400.0,4300.0,12000.0,67400.0,12400.0,7127.0,14000.0,8548.0,12450.0,6000.0,33200.0,22550.0,30300.0,6027.0,39200.0,34150.0,39600.0,30200.0,3275.0,15800.0,15050.0,52400.0,21650.0,216900.0,9230.0,15100.0,
2022-12-09,81500.0,5400.0,32600.0,60400.0,6194.0,202000.0,10650.0,4430.0,12350.0,69400.0,12900.0,7233.0,14100.0,8890.0,12650.0,6200.0,33350.0,23000.0,30800.0,6077.0,40400.0,34950.0,41000.0,31050.0,3310.0,15850.0,15850.0,53200.0,22400.0,222900.0,9300.0,15275.0,
2022-12-12,81100.0,5250.0,31650.0,59500.0,6117.0,201000.0,10400.0,4340.0,11950.0,67500.0,12600.0,7118.0,13750.0,8676.0,12550.0,6070.0,32000.0,22450.0,30100.0,6077.0,39500.0,33700.0,39750.0,30050.0,3290.0,15850.0,16000.0,50400.0,21950.0,215400.0,9500.0,14775.0,
2022-12-13,82300.0,5340.0,31800.0,59700.0,5932.0,210500.0,12550.0,4345.0,11800.0,67500.0,12700.0,7146.0,13500.0,8805.0,12300.0,6210.0,32800.0,22700.0,30200.0,6127.0,39450.0,34300.0,40000.0,30000.0,3280.0,16350.0,16050.0,51500.0,21650.0,222100.0,9170.0,14500.0,
2022-12-14,81800.0,5380.0,33200.0,60500.0,6156.0,208500.0,12600.0,4575.0,12600.0,69700.0,13050.0,7347.0,13900.0,9104.0,12700.0,6300.0,33400.0,23300.0,31250.0,6252.0,41100.0,36100.0,40550.0,30700.0,3410.0,16600.0,17350.0,55300.0,22350.0,229000.0,9330.0,14750.0,
2022-12-15,80200.0,5380.0,32450.0,59300.0,6126.0,201000.0,12200.0,4440.0,12300.0,67900.0,12950.0,7213.0,13950.0,8890.0,12700.0,6200.0,32700.0,22800.0,30600.0,6302.0,40200.0,35600.0,40000.0,30050.0,3495.0,16550.0,16500.0,53000.0,21750.0,225000.0,9250.0,14550.0,
2022-12-16,78400.0,5260.0,31450.0,59500.0,5981.0,197500.0,11700.0,4340.0,11900.0,67000.0,12900.0,7032.0,13750.0,8676.0,12250.0,6110.0,32650.0,22100.0,29550.0,6277.0,39400.0,34550.0,39000.0,29600.0,3500.0,16150.0,16300.0,51700.0,21350.0,218300.0,9260.0,14350.0,
2022-12-19,79000.0,5250.0,31200.0,59500.0,6078.0,194000.0,11700.0,4375.0,12000.0,67300.0,12850.0,7041.0,13700.0,8805.0,12100.0,6100.0,33050.0,21900.0,29450.0,6252.0,39450.0,35250.0,39450.0,29900.0,3430.0,16200.0,15100.0,51200.0,21500.0,222000.0,9550.0,14300.0,
2022-12-20,78300.0,5010.0,30200.0,58600.0,5922.0,189000.0,11800.0,4285.0,11550.0,66300.0,12550.0,6888.0,13700.0,8634.0,11600.0,6000.0,32400.0,21350.0,29000.0,6077.0,38150.0,34350.0,38500.0,29100.0,3335.0,16150.0,14150.0,51000.0,20850.0,216600.0,9220.0,14350.0,
2022-12-21,78000.0,5030.0,30600.0,58000.0,5912.0,187500.0,11900.0,4240.0,11400.0,67400.0,12500.0,6888.0,13550.0,8676.0,11650.0,5920.0,32400.0,21250.0,28800.0,6002.0,37900.0,34050.0,37900.0,28800.0,3375.0,15900.0,13750.0,51700.0,20450.0,216700.0,9160.0,14175.0,
2022-12-22,79200.0,5080.0,32250.0,59100.0,5981.0,196500.0,11900.0,4325.0,11550.0,69400.0,12650.0,7032.0,13700.0,8976.0,11950.0,5980.0,33150.0,21950.0,29400.0,6002.0,37900.0,35050.0,38400.0,29150.0,3400.0,16000.0,14100.0,53500.0,20650.0,221400.0,9110.0,14325.0,
2022-12-23,77800.0,4950.0,31300.0,58100.0,5728.0,188500.0,11200.0,4140.0,11000.0,68000.0,12200.0,6745.0,13500.0,8591.0,11150.0,5850.0,32100.0,21050.0,28250.0,5777.0,36050.0,33100.0,37050.0,27850.0,3390.0,15500.0,13250.0,50500.0,19850.0,216700.0,8380.0,13850.0,
2022-12-26,77000.0,4965.0,31750.0,57900.0,5679.0,191500.0,11100.0,4210.0,11050.0,71000.0,12150.0,6802.0,13950.0,8591.0,11550.0,5900.0,32300.0,21700.0,29550.0,5802.0,38450.0,34800.0,37500.0,28400.0,3355.0,15600.0,13900.0,52100.0,20100.0,227600.0,7780.0,13925.0,
2022-12-27,77000.0,5140.0,31850.0,58100.0,5757.0,194000.0,11150.0,4255.0,11400.0,72100.0,12250.0,6955.0,14200.0,8591.0,11650.0,6020.0,32350.0,21950.0,30050.0,5977.0,38950.0,34850.0,37250.0,28650.0,3410.0,15800.0,13700.0,52700.0,20200.0,229900.0,8030.0,14475.0,
2022-12-28,76000.0,4915.0,30600.0,56600.0,5698.0,194500.0,11200.0,4015.0,11050.0,69900.0,11900.0,6601.0,13850.0,8146.0,11000.0,5810.0,32150.0,21000.0,29350.0,5877.0,38700.0,33350.0,37000.0,27200.0,3380.0,15350.0,14200.0,51100.0,19400.0,221100.0,7970.0,13975.0,
2022-12-29,75000.0,4745.0,29950.0,55300.0,5475.0,185500.0,11200.0,3845.0,10600.0,66600.0,11500.0,6305.0,13750.0,7941.0,10500.0,5640.0,31350.0,20200.0,28400.0,5727.0,36950.0,32700.0,35850.0,26450.0,3365.0,14800.0,13250.0,49850.0,18900.0,217900.0,7410.0,13375.0,
2023-01-02,75700.0,4565.0,30000.0,55500.0,5300.0,186000.0,11400.0,3750.0,10450.0,65000.0,11300.0,6180.0,13700.0,7736.0,10100.0,5500.0,30500.0,19550.0,27500.0,5652.0,34600.0,32050.0,34300.0,25600.0,3475.0,14850.0,13250.0,49100.0,18350.0,216300.0,7020.0,13350.0,
2023-01-03,75600.0,4740.0,30100.0,55400.0,5553.0,181000.0,11750.0,3860.0,10600.0,64400.0,11750.0,6285.0,14150.0,7975.0,10300.0,5540.0,31650.0,19950.0,28200.0,5727.0,34000.0,32850.0,36450.0,27500.0,3620.0,15300.0,13250.0,49050.0,19550.0,215200.0,7440.0,13125.0,
2023-01-04,81000.0,4870.0,31900.0,57800.0,5718.0,185000.0,11650.0,4040.0,11300.0,67600.0,12650.0,6515.0,14700.0,8420.0,10550.0,5800.0,33750.0,20800.0,29600.0,5977.0,37000.0,36050.0,37650.0,28350.0,3710.0,15750.0,13900.0,51100.0,19950.0,228300.0,8180.0,13850.0,
2023-01-05,81400.0,4790.0,31400.0,58200.0,5591.0,182000.0,11600.0,4020.0,11200.0,67200.0,12350.0,6448.0,14700.0,8343.0,10600.0,5800.0,32600.0,20650.0,29400.0,5927.0,36100.0,35850.0,37800.0,28000.0,3610.0,15650.0,13400.0,50200.0,19700.0,225700.0,8010.0,13475.0,
2023-01-06,83100.0,4840.0,32450.0,59000.0,5893.0,185000.0,11600.0,4140.0,11600.0,69000.0,12650.0,6697.0,15200.0,8719.0,10850.0,5900.0,33700.0,21350.0,30600.0,5977.0,37800.0,37050.0,39050.0,30050.0,3655.0,15700.0,13750.0,51100.0,21100.0,228500.0,8160.0,13875.0,
2023-01-09,86000.0,5020.0,32550.0,60700.0,5835.0,188000.0,11950.0,4235.0,11900.0,69600.0,12750.0,6850.0,15600.0,8933.0,11150.0,5930.0,34300.0,22200.0,30550.0,6027.0,38800.0,37300.0,39550.0,30300.0,3685.0,16100.0,13950.0,51600.0,21100.0,231400.0,8250.0,13900.0,
2023-01-10,86500.0,4995.0,31950.0,60400.0,5825.0,188500.0,11800.0,4200.0,11950.0,68600.0,13100.0,6783.0,15700.0,9018.0,11000.0,6030.0,33900.0,21650.0,30050.0,5852.0,39850.0,37450.0,40550.0,30300.0,3745.0,16200.0,14000.0,50700.0,21750.0,228500.0,8700.0,13475.0,
2023-01-11,87300.0,5060.0,32350.0,60500.0,5825.0,196000.0,11850.0,4250.0,12200.0,68800.0,13100.0,6917.0,15600.0,9104.0,11200.0,6010.0,35400.0,22450.0,30250.0,6102.0,40800.0,37900.0,40750.0,30800.0,3750.0,16200.0,14500.0,51400.0,21650.0,234400.0,9420.0,13350.0,
2023-01-12,86800.0,5070.0,32000.0,60500.0,5893.0,198000.0,11700.0,4280.0,12200.0,69300.0,13050.0,6840.0,15900.0,9061.0,11300.0,6040.0,34950.0,22500.0,30050.0,6052.0,41300.0,37550.0,41850.0,30650.0,3720.0,16200.0,14150.0,51000.0,21700.0,232000.0,9490.0,13725.0,
2023-01-13,85700.0,5070.0,31850.0,60800.0,5990.0,196500.0,11650.0,4225.0,12100.0,68100.0,13100.0,6840.0,15200.0,8976.0,11200.0,6000.0,35500.0,22100.0,30100.0,6002.0,41100.0,37200.0,41100.0,30400.0,3730.0,16100.0,13850.0,50500.0,21250.0,231800.0,10900.0,14475.0,
2023-01-16,85800.0,5070.0,31500.0,61100.0,5981.0,198000.0,11700.0,4245.0,12200.0,68200.0,13200.0,6888.0,15100.0,8976.0,11550.0,6070.0,35400.0,22350.0,30100.0,5927.0,41600.0,37200.0,43300.0,30100.0,3735.0,16400.0,13900.0,50800.0,21000.0,231400.0,11100.0,14675.0,
2023-01-17,86000.0,5050.0,30950.0,61000.0,6068.0,201000.0,11300.0,4160.0,12150.0,68100.0,13200.0,6783.0,14950.0,8890.0,11350.0,5990.0,35500.0,22200.0,29700.0,5877.0,41850.0,36950.0,39800.0,29750.0,3745.0,16550.0,13550.0,49550.0,20550.0,226700.0,11350.0,14700.0,
2023-01-18,85100.0,5010.0,31100.0,60400.0,6039.0,199000.0,11200.0,4200.0,12150.0,68600.0,13300.0,6821.0,15850.0,8890.0,11500.0,5990.0,35900.0,22700.0,29950.0,5877.0,41600.0,36800.0,38150.0,29650.0,3825.0,16700.0,13500.0,50400.0,20100.0,226300.0,13000.0,14575.0,
2023-01-19,85500.0,5070.0,30950.0,61500.0,6107.0,201000.0,11200.0,4195.0,12200.0,69100.0,13300.0,6792.0,16500.0,9061.0,11300.0,6030.0,35950.0,22550.0,29850.0,5877.0,42500.0,37450.0,37600.0,29500.0,3825.0,17000.0,14000.0,50800.0,19900.0,225800.0,12500.0,14550.0,14050.0
2023-01-20,87600.0,5070.0,31300.0,61800.0,6204.0,201000.0,11350.0,4190.0,12000.0,70200.0,13100.0,6802.0,16350.0,9104.0,11400.0,6050.0,35850.0,22550.0,29800.0,5952.0,41000.0,36900.0,37900.0,29500.0,3785.0,17000.0,13600.0,49850.0,19850.0,224900.0,12200.0,14500.0,14600.0
2023-01-25,91400.0,5180.0,32950.0,63400.0,6583.0,205500.0,11490.0,4315.0,12400.0,71500.0,13720.0,7041.0,16340.0,9335.0,11750.0,6260.0,36400.0,23400.0,30600.0,6497.0,42850.0,39550.0,39400.0,30700.0,3900.0,17150.0,15950.0,52700.0,21550.0,234500.0,13950.0,14775.0,16700.0
2023-01-26,92300.0,5250.0,33300.0,63900.0,6545.0,202500.0,11580.0,4325.0,12590.0,72500.0,13810.0,7089.0,16790.0,9241.0,12000.0,6270.0,36050.0,23400.0,30700.0,6352.0,42200.0,39700.0,39450.0,30650.0,3845.0,17100.0,15800.0,51700.0,21300.0,235500.0,14200.0,14525.0,18400.0
2023-01-27,91500.0,5250.0,32900.0,64600.0,6467.0,206000.0,11680.0,4315.0,12550.0,76900.0,13830.0,7022.0,17000.0,9172.0,12550.0,6290.0,36000.0,23000.0,30200.0,6482.0,42300.0,39100.0,40000.0,30300.0,3820.0,17590.0,15420.0,51000.0,21350.0,232500.0,14120.0,14475.0,17575.0
2023-01-30,90700.0,5210.0,32500.0,63300.0,7420.0,208000.0,11420.0,4285.0,12110.0,74500.0,13900.0,6993.0,16750.0,8993.0,12620.0,6170.0,36100.0,22850.0,29500.0,6357.0,40600.0,37450.0,39700.0,30000.0,3800.0,17880.0,14750.0,50000.0,21300.0,232500.0,14730.0,14150.0,17700.0
2023-01-31,88500.0,5230.0,33400.0,61000.0,7478.0,211000.0,11580.0,4300.0,12110.0,74800.0,14210.0,6993.0,16900.0,9001.0,12470.0,6270.0,35650.0,23100.0,29200.0,6362.0,40500.0,37650.0,39750.0,30200.0,3870.0,18070.0,14530.0,49800.0,21400.0,233500.0,17360.0,14250.0,16850.0
2023-02-01,91400.0,5310.0,34850.0,61800.0,7206.0,209000.0,11850.0,4315.0,12210.0,75200.0,14200.0,7032.0,17040.0,9087.0,12540.0,6310.0,35600.0,23350.0,29500.0,6352.0,40700.0,37700.0,40400.0,30100.0,3870.0,18340.0,14840.0,50100.0,21800.0,235500.0,15900.0,14350.0,21475.0
2023-02-02,93400.0,5320.0,35200.0,63500.0,7293.0,210000.0,11820.0,4470.0,12480.0,76700.0,14450.0,7233.0,17880.0,9377.0,12870.0,6400.0,36150.0,23650.0,29800.0,6642.0,41550.0,38800.0,40600.0,30650.0,3880.0,18410.0,16280.0,51000.0,22250.0,242000.0,17250.0,15075.0,21050.0
2023-02-03,92200.0,5250.0,34900.0,63800.0,7157.0,209000.0,11870.0,4445.0,12400.0,75000.0,14540.0,7156.0,17830.0,9155.0,12830.0,6410.0,36400.0,23450.0,29550.0,6532.0,40900.0,37350.0,39900.0,30750.0,3910.0,18550.0,15900.0,51800.0,21900.0,235500.0,16950.0,15075.0,19900.0
2023-02-06,89100.0,5270.0,34450.0,61600.0,7293.0,207000.0,11930.0,4365.0,11810.0,73400.0,14930.0,7080.0,17880.0,8993.0,12640.0,6350.0,35400.0,23150.0,28750.0,6777.0,39500.0,36950.0,39200.0,30400.0,3925.0,18330.0,15700.0,51200.0,21800.0,232000.0,18200.0,14625.0,19350.0
2023-02-07,90800.0,5320.0,35500.0,61900.0,7527.0,210000.0,12490.0,4495.0,12130.0,79300.0,15390.0,7386.0,18380.0,9446.0,12740.0,6570.0,35750.0,23600.0,29100.0,6737.0,40300.0,37600.0,40800.0,31600.0,3885.0,18230.0,16010.0,52300.0,22350.0,236500.0,18240.0,14925.0,19100.0
2023-02-08,94900.0,5380.0,35900.0,63100.0,8324.0,214000.0,12470.0,4600.0,12800.0,82700.0,15350.0,7472.0,17690.0,9685.0,12840.0,6580.0,36250.0,24100.0,29750.0,6887.0,40950.0,38100.0,41150.0,32100.0,3840.0,18400.0,15910.0,52600.0,22950.0,240000.0,17950.0,15950.0,19300.0
2023-02-09,94400.0,5430.0,36700.0,63000.0,7926.0,216500.0,12700.0,4620.0,12690.0,81200.0,15520.0,7644.0,17670.0,9805.0,12860.0,6540.0,36600.0,24000.0,29600.0,6832.0,41850.0,38200.0,41350.0,31750.0,3780.0,18330.0,15720.0,56800.0,22800.0,244500.0,16800.0,16225.0,19475.0
2023-02-10,93500.0,5300.0,36350.0,62800.0,7478.0,217000.0,12180.0,4500.0,12220.0,78700.0,15670.0,7481.0,17440.0,9454.0,12540.0,6390.0,37850.0,23600.0,29150.0,6597.0,40150.0,37100.0,40500.0,31350.0,3725.0,18250.0,15190.0,56200.0,22700.0,237500.0,16630.0,15750.0,18050.0
2023-02-13,90600.0,5210.0,36650.0,62900.0,7682.0,211500.0,12250.0,4455.0,12050.0,77600.0,15780.0,7424.0,17250.0,9446.0,12480.0,6330.0,37550.0,23600.0,29150.0,6622.0,40200.0,37000.0,39900.0,31700.0,3725.0,18190.0,15470.0,55900.0,22250.0,235000.0,21600.0,15525.0,19350.0
2023-02-14,93400.0,5420.0,36750.0,63200.0,8052.0,211000.0,15920.0,4680.0,12400.0,80300.0,15600.0,7749.0,17590.0,9907.0,13360.0,6610.0,37800.0,24350.0,29450.0,6637.0,42950.0,37650.0,41150.0,31750.0,3750.0,18640.0,15570.0,57700.0,23000.0,243500.0,23300.0,15500.0,18875.0
2023-02-15,91700.0,5290.0,36450.0,62200.0,7984.0,210500.0,15470.0,4610.0,12090.0,77900.0,15990.0,7500.0,17610.0,9625.0,13160.0,6510.0,37600.0,23650.0,29050.0,6462.0,42150.0,36600.0,40400.0,31000.0,3770.0,18500.0,18790.0,56100.0,22900.0,235000.0,24450.0,15375.0,18475.0
2023-02-16,92900.0,5450.0,37950.0,63700.0,8509.0,222000.0,15080.0,4615.0,12560.0,79600.0,15840.0,7730.0,17860.0,10249.0,13360.0,6640.0,38550.0,24300.0,30150.0,6577.0,42650.0,38250.0,41900.0,32000.0,3760.0,18540.0,19340.0,57400.0,23650.0,246000.0,23100.0,15425.0,19400.0
2023-02-17,92000.0,5360.0,37450.0,62600.0,7926.0,215000.0,14800.0,4475.0,12270.0,78300.0,15220.0,7491.0,17630.0,9942.0,12920.0,6480.0,38200.0,23500.0,29450.0,6652.0,40450.0,37650.0,40800.0,30750.0,3585.0,18280.0,18710.0,60200.0,23100.0,238000.0,22400.0,15400.0,18625.0
2023-02-20,92500.0,5310.0,37800.0,62700.0,8033.0,216500.0,14740.0,4460.0,12300.0,77700.0,15290.0,7548.0,17660.0,9873.0,13130.0,6490.0,37650.0,23950.0,30450.0,6692.0,39700.0,38300.0,40850.0,30800.0,3595.0,18350.0,19060.0,60400.0,23000.0,244000.0,22800.0,15375.0,18350.0
2023-02-21,91200.0,5260.0,36350.0,62100.0,7702.0,210500.0,15260.0,4430.0,12070.0,76900.0,15400.0,7481.0,17560.0,9685.0,13140.0,6370.0,36700.0,23450.0,30300.0,6627.0,38800.0,37600.0,40400.0,30650.0,3570.0,17990.0,18780.0,59800.0,22800.0,241500.0,22700.0,15075.0,18050.0
2023-02-22,89100.0,5180.0,36100.0,61100.0,7653.0,207500.0,15390.0,4295.0,11690.0,75100.0,15470.0,7271.0,17180.0,9266.0,12720.0,6190.0,36450.0,22950.0,28800.0,6467.0,37400.0,36300.0,39900.0,29300.0,3510.0,17800.0,19490.0,58400.0,21500.0,233500.0,23850.0,14525.0,17725.0
2023-02-23,92700.0,5250.0,36300.0,62000.0,7906.0,206000.0,15230.0,4370.0,12200.0,76900.0,15740.0,7462.0,17340.0,9377.0,12720.0,6600.0,37400.0,23400.0,29150.0,6672.0,38850.0,38100.0,40050.0,29500.0,3600.0,17870.0,19320.0,59900.0,21050.0,236000.0,25950.0,14825.0,18250.0
2023-02-24,91000.0,5250.0,35700.0,61300.0,9161.0,199800.0,14750.0,4365.0,12270.0,76200.0,15850.0,7338.0,16780.0,9659.0,12360.0,6490.0,36850.0,23500.0,30300.0,6687.0,38550.0,37700.0,39900.0,29050.0,3595.0,17850.0,18900.0,59300.0,20700.0,232000.0,24750.0,14700.0,18250.0
2023-02-27,90000.0,5150.0,35200.0,60500.0,8869.0,199400.0,14990.0,4235.0,11720.0,75800.0,16050.0,7280.0,16330.0,9326.0,12450.0,6220.0,36700.0,22950.0,29750.0,6532.0,37950.0,36800.0,39150.0,28600.0,3515.0,17860.0,19300.0,58900.0,20700.0,229000.0,23850.0,15150.0,18500.0
2023-02-28,89400.0,5180.0,35650.0,60600.0,8898.0,204500.0,14970.0,4270.0,11720.0,76400.0,15960.0,7280.0,16340.0,9403.0,12560.0,6330.0,34750.0,23400.0,29600.0,6582.0,38500.0,37550.0,40150.0,28750.0,3555.0,17790.0,19280.0,60200.0,21000.0,234000.0,25400.0,15150.0,18525.0
2023-03-02,88100.0,5060.0,34800.0,60800.0,8460.0,202500.0,14570.0,4170.0,11490.0,75200.0,15690.0,7099.0,16030.0,9027.0,12070.0,6250.0,34750.0,21100.0,28000.0,6552.0,37350.0,36350.0,40300.0,28100.0,3580.0,17670.0,18780.0,58700.0,21000.0,230000.0,23950.0,15675.0,18250.0
2023-03-03,87300.0,5060.0,35800.0,60500.0,8490.0,213000.0,14860.0,4165.0,11470.0,73500.0,15570.0,7013.0,16000.0,9027.0,11820.0,6240.0,33800.0,21150.0,27750.0,6542.0,37300.0,36000.0,41100.0,28100.0,3640.0,17570.0,18410.0,59300.0,20950.0,234000.0,23100.0,16425.0,18600.0
2023-03-06,89700.0,5160.0,37400.0,61500.0,8956.0,211000.0,16130.0,4265.0,11740.0,75300.0,15860.0,7089.0,16800.0,9523.0,11960.0,6410.0,34500.0,21550.0,27900.0,6647.0,38000.0,38250.0,48300.0,29500.0,3625.0,17530.0,18600.0,60400.0,22950.0,234500.0,24400.0,17225.0,17975.0
2023-03-07,88900.0,5170.0,35100.0,60700.0,8558.0,211000.0,15340.0,4195.0,11600.0,74000.0,16230.0,6984.0,16450.0,9241.0,11860.0,6330.0,33350.0,21250.0,27250.0,6792.0,37300.0,37650.0,47250.0,29100.0,3525.0,17420.0,18150.0,58700.0,22650.0,231500.0,23200.0,16775.0,16975.0
2023-03-08,86800.0,5060.0,33100.0,60300.0,8412.0,203000.0,15060.0,4080.0,11280.0,72100.0,16170.0,6735.0,16210.0,8924.0,11700.0,6210.0,33000.0,20750.0,26600.0,6967.0,36100.0,37250.0,47200.0,27850.0,3520.0,17400.0,17300.0,59700.0,21600.0,224500.0,23250.0,16550.0,16150.0
2023-03-09,85600.0,5070.0,31550.0,60100.0,9024.0,201500.0,14650.0,4125.0,11300.0,73400.0,15800.0,6840.0,16190.0,8967.0,11800.0,6180.0,33450.0,20800.0,26950.0,6712.0,37250.0,37050.0,47200.0,27550.0,3535.0,17420.0,16970.0,61500.0,21500.0,231500.0,23250.0,16625.0,16600.0
2023-03-10,83300.0,4900.0,31900.0,59500.0,8441.0,198700.0,13650.0,4000.0,10970.0,71400.0,15170.0,6582.0,15720.0,8625.0,11400.0,5930.0,33150.0,19940.0,26100.0,6527.0,35850.0,35600.0,45500.0,26650.0,3490.0,17130.0,16280.0,58500.0,21000.0,226500.0,21550.0,15675.0,15550.0
2023-03-13,84300.0,4790.0,31250.0,60000.0,8353.0,198600.0,13920.0,4020.0,11050.0,71800.0,15100.0,6773.0,15700.0,8864.0,11390.0,5900.0,33400.0,19960.0,25700.0,6447.0,35900.0,37300.0,45600.0,27650.0,3480.0,16920.0,16940.0,58500.0,20650.0,228500.0,21850.0,15525.0,14950.0
2023-03-14,81100.0,4635.0,29700.0,59000.0,7789.0,196000.0,13070.0,3855.0,10450.0,68300.0,14320.0,6343.0,15050.0,8557.0,10750.0,5660.0,32150.0,19110.0,24550.0,6002.0,33700.0,35250.0,42650.0,26300.0,3365.0,16620.0,15790.0,56500.0,19630.0,213000.0,20550.0,14750.0,14350.0
2023-03-15,79100.0,4735.0,30150.0,59800.0,7896.0,195000.0,13950.0,3900.0,10410.0,70300.0,14230.0,6362.0,15250.0,8608.0,10770.0,5650.0,32450.0,19180.0,24650.0,6197.0,33800.0,34650.0,42850.0,26000.0,3330.0,16910.0,16320.0,56500.0,19600.0,218500.0,21650.0,16000.0,14625.0
2023-03-16,79000.0,4795.0,31200.0,59900.0,8373.0,199500.0,14240.0,4565.0,10880.0,73000.0,14770.0,6592.0,15240.0,9053.0,11000.0,5700.0,33200.0,19490.0,25350.0,6327.0,34800.0,36100.0,45200.0,26000.0,3380.0,17080.0,16920.0,57000.0,19850.0,215000.0,22500.0,16220.0,15575.0
2023-03-17,84000.0,5170.0,31400.0,61300.0,8849.0,199800.0,14430.0,4875.0,11610.0,76300.0,16010.0,7089.0,16400.0,10890.0,11470.0,6150.0,34600.0,20300.0,27150.0,6537.0,36850.0,38950.0,46550.0,28000.0,3445.0,18150.0,17450.0,60000.0,21050.0,225500.0,23100.0,18580.0,15875.0
2023-03-20,83700.0,5150.0,31250.0,60200.0,8635.0,200000.0,14670.0,4855.0,11560.0,77000.0,16070.0,6974.0,16200.0,11284.0,11650.0,6190.0,34550.0,20000.0,26400.0,6767.0,37000.0,39300.0,45200.0,27750.0,3430.0,18550.0,17430.0,58800.0,21000.0,216000.0,23050.0,23200.0,15750.0
2023-03-21,83600.0,5020.0,31000.0,60300.0,8684.0,199100.0,14960.0,4665.0,11870.0,75200.0,15760.0,6946.0,16200.0,11198.0,11770.0,6180.0,34600.0,19780.0,25900.0,6867.0,36650.0,38800.0,46850.0,27250.0,3370.0,18070.0,17100.0,58000.0,20750.0,209500.0,24100.0,21400.0,16275.0
2023-03-22,86900.0,5010.0,31150.0,61100.0,8684.0,196700.0,15000.0,4795.0,11950.0,75900.0,16170.0,7051.0,16340.0,11856.0,11810.0,6500.0,34700.0,19960.0,26000.0,6847.0,37550.0,39950.0,48000.0,27650.0,3385.0,18420.0,17360.0,58400.0,21600.0,210000.0,23600.0,23050.0,16700.0
2023-03-23,88500.0,4990.0,30600.0,62300.0,8869.0,192900.0,15070.0,4720.0,12780.0,75900.0,16360.0,7013.0,16180.0,11728.0,11890.0,6590.0,34800.0,19940.0,26450.0,6822.0,36850.0,39650.0,47050.0,27150.0,3310.0,18770.0,17380.0,58000.0,21700.0,207000.0,23650.0,24150.0,16350.0
2023-03-24,87300.0,5810.0,32100.0,63000.0,8947.0,195700.0,15190.0,5010.0,15240.0,81500.0,19940.0,7443.0,17590.0,12463.0,12610.0,6980.0,37000.0,21100.0,27900.0,7298.0,39000.0,42000.0,49200.0,29250.0,3440.0,19950.0,18500.0,61000.0,23700.0,212500.0,24000.0,26300.0,18625.0
2023-03-27,85500.0,5650.0,32150.0,62100.0,8966.0,195500.0,15850.0,5030.0,15640.0,80900.0,20650.0,7434.0,17370.0,11933.0,12650.0,7050.0,37050.0,20800.0,27300.0,7478.0,40650.0,40550.0,48800.0,28950.0,3410.0,19640.0,18200.0,60800.0,23900.0,210500.0,24100.0,26650.0,19250.0
2023-03-28,88400.0,5750.0,33050.0,62900.0,10318.0,199700.0,15650.0,5080.0,15800.0,84800.0,21100.0,7874.0,18200.0,12652.0,12960.0,7450.0,38200.0,21500.0,28100.0,8178.0,42300.0,41050.0,48650.0,29450.0,3480.0,19570.0,18590.0,61400.0,24350.0,216000.0,22700.0,27100.0,19250.0
2023-03-29,86900.0,5830.0,33200.0,62700.0,10026.0,211000.0,15240.0,5380.0,15980.0,84900.0,21050.0,8304.0,18610.0,14276.0,13560.0,7550.0,38050.0,22300.0,28100.0,8198.0,43150.0,42450.0,49000.0,30400.0,3460.0,19570.0,18650.0,62500.0,24250.0,217500.0,21800.0,26650.0,18900.0
2023-03-30,88800.0,6120.0,34200.0,63200.0,10094.0,235000.0,15580.0,5830.0,16360.0,88900.0,21300.0,8792.0,20800.0,13917.0,13930.0,7660.0,40500.0,22600.0,28950.0,8113.0,44800.0,43900.0,52700.0,32650.0,3600.0,20700.0,19530.0,65200.0,24600.0,236000.0,21650.0,26050.0,20250.0
2023-03-31,88600.0,6030.0,33000.0,64000.0,9627.0,239500.0,15100.0,5660.0,16100.0,89100.0,20700.0,8524.0,20950.0,13934.0,14080.0,7660.0,40000.0,21900.0,28500.0,7703.0,43600.0,42300.0,52800.0,31750.0,3560.0,20700.0,19140.0,66500.0,23700.0,235000.0,19560.0,25050.0,20275.0
2023-04-03,87200.0,6030.0,33150.0,63100.0,9725.0,231500.0,15160.0,5950.0,15700.0,87500.0,20700.0,8333.0,20650.0,13592.0,13370.0,7530.0,39750.0,21850.0,28700.0,7693.0,43500.0,41850.0,53300.0,31000.0,3495.0,20150.0,18850.0,65300.0,23700.0,231500.0,20550.0,25650.0,19750.0
2023-04-04,84500.0,5850.0,30950.0,63600.0,9948.0,223000.0,15070.0,5620.0,15330.0,89900.0,19080.0,8161.0,20050.0,13293.0,13370.0,7320.0,38300.0,21450.0,27900.0,7548.0,41600.0,40750.0,51100.0,30000.0,3470.0,19890.0,18400.0,63900.0,23350.0,225000.0,19990.0,24100.0,19925.0
2023-04-05,84600.0,5940.0,31400.0,63900.0,10386.0,224500.0,15130.0,5700.0,15360.0,87100.0,19480.0,8199.0,20800.0,14301.0,13280.0,7280.0,38050.0,21800.0,27800.0,7268.0,41950.0,41300.0,50000.0,30600.0,3455.0,20350.0,18350.0,64800.0,23450.0,228000.0,21000.0,24750.0,19600.0
2023-04-06,83800.0,5710.0,30900.0,62300.0,9958.0,217500.0,14520.0,5500.0,14810.0,85600.0,19630.0,7969.0,20600.0,14036.0,12970.0,7290.0,37400.0,21100.0,27300.0,7153.0,40050.0,40200.0,49800.0,29600.0,3355.0,20000.0,17650.0,63400.0,22850.0,220000.0,21000.0,23250.0,19175.0
2023-04-07,89100.0,6240.0,32500.0,65000.0,10260.0,247000.0,16380.0,5820.0,15900.0,87500.0,20450.0,8208.0,20550.0,15284.0,13790.0,7420.0,40300.0,23000.0,28400.0,7533.0,44600.0,46900.0,52100.0,32050.0,3430.0,20500.0,18700.0,64900.0,24450.0,234000.0,20650.0,24450.0,20550.0
2023-04-10,90700.0,7020.0,32150.0,65700.0,10289.0,245500.0,16170.0,5710.0,17130.0,86900.0,19990.0,8180.0,19930.0,14883.0,13300.0,7330.0,40250.0,22550.0,28100.0,7283.0,43300.0,46300.0,52800.0,31250.0,3375.0,20200.0,18780.0,63300.0,23800.0,234000.0,19240.0,23250.0,19925.0
2023-04-11,91800.0,7900.0,33000.0,65900.0,10036.0,250000.0,16380.0,5860.0,19100.0,89600.0,21250.0,8534.0,22200.0,14943.0,13930.0,7600.0,40950.0,23400.0,28850.0,7853.0,43900.0,47450.0,53100.0,32050.0,3440.0,20600.0,19050.0,65600.0,24200.0,235000.0,18900.0,22250.0,22500.0
2023-04-12,90300.0,7700.0,32350.0,66000.0,9744.0,243000.0,17270.0,5730.0,18260.0,87100.0,20350.0,8170.0,21800.0,14515.0,13510.0,7300.0,40000.0,23250.0,28250.0,7633.0,43300.0,46350.0,51600.0,31200.0,3400.0,20050.0,19050.0,66100.0,24400.0,234500.0,18300.0,22200.0,21875.0
2023-04-13,88700.0,7800.0,32250.0,66100.0,9608.0,238000.0,15940.0,5760.0,18020.0,85600.0,20300.0,8113.0,21650.0,14618.0,13520.0,7180.0,39750.0,23000.0,28050.0,7353.0,42550.0,45500.0,51700.0,30450.0,3375.0,19820.0,18750.0,66500.0,24400.0,231000.0,18390.0,23000.0,22975.0
2023-04-14,89300.0,7930.0,32150.0,65100.0,9423.0,236500.0,16000.0,5680.0,17630.0,86200.0,19880.0,8151.0,22000.0,14284.0,13430.0,6900.0,39400.0,22950.0,27900.0,7218.0,42750.0,44400.0,50200.0,30650.0,3395.0,19750.0,18200.0,66700.0,23900.0,230000.0,17850.0,21900.0,21900.0
2023-04-17,88500.0,7900.0,32100.0,65300.0,9307.0,236500.0,15520.0,5790.0,17350.0,85700.0,20100.0,7998.0,21650.0,14224.0,13350.0,6790.0,39450.0,22800.0,27900.0,7213.0,41800.0,44550.0,49450.0,29850.0,3490.0,19790.0,18150.0,66900.0,23250.0,231500.0,17860.0,21600.0,21250.0
2023-04-18,87600.0,8030.0,31400.0,65600.0,8927.0,233500.0,15680.0,5600.0,16570.0,83000.0,20000.0,7759.0,21500.0,13857.0,12930.0,6670.0,38500.0,22250.0,27350.0,6917.0,40800.0,43400.0,48000.0,29150.0,3420.0,19200.0,18370.0,67500.0,22800.0,227500.0,17130.0,20900.0,20650.0
2023-04-19,88200.0,8380.0,31450.0,65500.0,8937.0,229500.0,16500.0,5590.0,16720.0,83100.0,20350.0,7864.0,21650.0,13848.0,12940.0,6910.0,39000.0,22850.0,27450.0,6952.0,41000.0,42900.0,48050.0,29050.0,3420.0,19230.0,18800.0,69100.0,22800.0,225000.0,16650.0,20750.0,20725.0
2023-04-20,87700.0,8190.0,30700.0,65300.0,8762.0,223000.0,15490.0,5440.0,16580.0,81500.0,21150.0,7721.0,21200.0,13404.0,12600.0,6850.0,37600.0,21850.0,26850.0,6792.0,39500.0,43200.0,47200.0,28350.0,3345.0,19000.0,17960.0,66100.0,22200.0,221500.0,16100.0,20150.0,21150.0
2023-04-21,89100.0,8510.0,30450.0,65700.0,8947.0,224000.0,15420.0,5460.0,17030.0,88200.0,21600.0,7721.0,21500.0,13643.0,12600.0,6850.0,38400.0,21700.0,27000.0,6822.0,39700.0,45350.0,47050.0,28400.0,3350.0,19190.0,17710.0,65700.0,22350.0,220000.0,16490.0,22050.0,21300.0
2023-04-24,87200.0,8090.0,30100.0,65200.0,8801.0,220500.0,14550.0,5390.0,16310.0,84200.0,20300.0,7539.0,20300.0,13182.0,12290.0,6680.0,37450.0,21300.0,26200.0,7002.0,38350.0,43000.0,45700.0,27600.0,3290.0,19310.0,16850.0,63900.0,21500.0,216500.0,16990.0,20850.0,20725.0
2023-04-25,85500.0,7350.0,29700.0,63600.0,8460.0,211000.0,14100.0,5310.0,16260.0,84100.0,20450.0,7500.0,19720.0,13250.0,12190.0,6650.0,37550.0,21000.0,26200.0,6767.0,37900.0,42000.0,46250.0,27550.0,3180.0,19280.0,16270.0,63600.0,21150.0,214000.0,18210.0,20600.0,19900.0
2023-04-26,87400.0,7170.0,29500.0,64100.0,9200.0,211000.0,13730.0,5370.0,16190.0,88200.0,21550.0,7529.0,20550.0,13438.0,12180.0,6760.0,38650.0,20900.0,25950.0,6637.0,38100.0,42350.0,48500.0,28350.0,3170.0,18760.0,16240.0,64000.0,21450.0,210500.0,18620.0,21150.0,20475.0
2023-04-27,88800.0,7030.0,30100.0,64600.0,9073.0,212000.0,14000.0,5390.0,16160.0,86800.0,21500.0,7701.0,20500.0,13293.0,12210.0,6810.0,39300.0,21050.0,25800.0,6417.0,39000.0,41900.0,47850.0,28400.0,3175.0,18850.0,16580.0,64500.0,21350.0,218500.0,17410.0,22000.0,20675.0
2023-04-28,89500.0,6750.0,29450.0,65500.0,9044.0,222000.0,13510.0,5290.0,15650.0,87000.0,20550.0,7577.0,19980.0,13028.0,12140.0,6830.0,39300.0,20600.0,26400.0,6222.0,38050.0,42550.0,46650.0,28650.0,3150.0,18740.0,16100.0,64500.0,21550.0,219000.0,17350.0,21500.0,20425.0
2023-05-02,90200.0,6870.0,29650.0,65700.0,9268.0,218500.0,13610.0,5290.0,15890.0,87100.0,21350.0,7500.0,20100.0,13113.0,12820.0,6890.0,39000.0,20900.0,26250.0,6467.0,38200.0,42750.0,46400.0,28650.0,3170.0,18700.0,16140.0,66600.0,22000.0,218000.0,18310.0,22250.0,20450.0
2023-05-03,89800.0,7090.0,29600.0,65400.0,9550.0,222000.0,13700.0,5290.0,15990.0,89100.0,23200.0,7367.0,19500.0,12993.0,13520.0,6800.0,40050.0,20950.0,26400.0,6292.0,38300.0,43250.0,47400.0,29300.0,3210.0,18680.0,16130.0,66800.0,22600.0,218500.0,16950.0,22850.0,19750.0
2023-05-04,88700.0,6870.0,29400.0,65100.0,9063.0,221500.0,13350.0,5200.0,15280.0,87000.0,21700.0,7271.0,19010.0,12575.0,13040.0,6880.0,39300.0,20750.0,26650.0,6252.0,37250.0,42050.0,46750.0,27650.0,3200.0,18660.0,16050.0,63600.0,20900.0,219500.0,16930.0,22700.0,18900.0
2023-05-08,88700.0,6930.0,31600.0,65900.0,9375.0,223000.0,13750.0,5340.0,16050.0,89100.0,21500.0,7500.0,19070.0,12908.0,13300.0,7080.0,38700.0,21150.0,27250.0,6302.0,37850.0,42800.0,46350.0,27800.0,3195.0,18720.0,16360.0,64400.0,20850.0,225000.0,16510.0,21750.0,19700.0
2023-05-09,87300.0,6880.0,30100.0,65300.0,9083.0,217500.0,14000.0,5200.0,15570.0,86100.0,21450.0,7319.0,18600.0,12592.0,13060.0,6920.0,37850.0,20550.0,26650.0,6212.0,36400.0,41600.0,46250.0,27550.0,3140.0,18470.0,16180.0,62300.0,20300.0,220000.0,16060.0,22650.0,19400.0
2023-05-10,86900.0,6830.0,30850.0,64600.0,8801.0,214000.0,13780.0,5170.0,15270.0,84600.0,21000.0,7233.0,18490.0,12746.0,13370.0,6840.0,37200.0,20600.0,26200.0,6182.0,36200.0,41250.0,45450.0,27350.0,3135.0,18200.0,16010.0,61500.0,20150.0,213500.0,15720.0,22800.0,20300.0
2023-05-11,86300.0,6730.0,30350.0,64200.0,8869.0,209000.0,13780.0,5180.0,15190.0,84400.0,20450.0,7242.0,18490.0,12626.0,13030.0,6770.0,36300.0,20650.0,26200.0,6092.0,36400.0,41150.0,45000.0,27350.0,3120.0,18120.0,16030.0,59900.0,20250.0,211500.0,16700.0,22750.0,19450.0
2023-05-12,87200.0,6800.0,30350.0,64100.0,8879.0,209500.0,13680.0,5120.0,15210.0,85100.0,20350.0,7194.0,18310.0,12754.0,13050.0,6800.0,36350.0,20500.0,26150.0,6097.0,36350.0,41800.0,44500.0,27100.0,3110.0,18300.0,16050.0,59900.0,20050.0,213500.0,17920.0,23750.0,19050.0
2023-05-15,86400.0,6780.0,30250.0,64500.0,8791.0,206500.0,13280.0,5130.0,15160.0,83200.0,19600.0,7118.0,18320.0,12438.0,12770.0,6700.0,36650.0,20600.0,25750.0,5982.0,35250.0,39900.0,44350.0,26950.0,2970.0,18180.0,15470.0,60000.0,20200.0,213500.0,16840.0,23150.0,18025.0
2023-05-16,90400.0,6460.0,29950.0,65400.0,9093.0,214500.0,12780.0,5080.0,15090.0,80900.0,19810.0,6984.0,17670.0,13019.0,13020.0,6730.0,37800.0,19940.0,26000.0,5802.0,34100.0,40050.0,44400.0,26400.0,2940.0,18050.0,15000.0,58900.0,19980.0,212500.0,16790.0,22500.0,18650.0
2023-05-17,91900.0,6570.0,30550.0,65000.0,9229.0,208000.0,12980.0,5090.0,15310.0,79400.0,20250.0,7032.0,18080.0,12985.0,13220.0,6870.0,38950.0,20050.0,26150.0,5907.0,35550.0,39900.0,45200.0,26850.0,2970.0,18210.0,15000.0,60700.0,20200.0,209500.0,17470.0,23450.0,18750.0
2023-05-18,93600.0,6720.0,30800.0,66200.0,9569.0,215500.0,13400.0,5490.0,15870.0,80600.0,21350.0,7223.0,19000.0,14250.0,13640.0,7070.0,41550.0,20400.0,26650.0,6072.0,37150.0,41600.0,47000.0,27650.0,3035.0,18550.0,16050.0,61600.0,20850.0,213500.0,19150.0,23750.0,18850.0
2023-05-19,97300.0,7140.0,35200.0,68400.0,10055.0,227000.0,13930.0,5860.0,17160.0,88000.0,25950.0,7567.0,19700.0,15114.0,14550.0,7360.0,47250.0,21350.0,28000.0,6272.0,39450.0,47950.0,50000.0,29850.0,3155.0,19640.0,17100.0,66600.0,23750.0,229500.0,19950.0,24500.0,20300.0
2023-05-22,98200.0,7200.0,36900.0,68500.0,10785.0,227500.0,13810.0,5810.0,17170.0,88800.0,26150.0,7740.0,19500.0,15353.0,14570.0,7260.0,46650.0,21600.0,27700.0,6202.0,40650.0,46950.0,50200.0,30350.0,3150.0,19440.0,16930.0,65800.0,23600.0,233500.0,20550.0,24450.0,22125.0
2023-05-23,97900.0,7130.0,36850.0,68400.0,10794.0,227500.0,13830.0,5760.0,16930.0,88100.0,26600.0,7701.0,19000.0,14806.0,14300.0,7260.0,45900.0,21750.0,27550.0,6192.0,41000.0,46900.0,50000.0,30400.0,3120.0,19340.0,17000.0,65800.0,23350.0,235000.0,20400.0,24050.0,21675.0
2023-05-24,97700.0,6990.0,36800.0,68500.0,10405.0,231500.0,13760.0,5750.0,16820.0,87300.0,26550.0,7701.0,19150.0,14720.0,14230.0,7150.0,47100.0,21900.0,27350.0,5932.0,40750.0,46950.0,49950.0,30050.0,3075.0,19320.0,16610.0,64900.0,22950.0,234500.0,19750.0,23750.0,21450.0
2023-05-25,103500.0,6900.0,35650.0,68800.0,12185.0,227000.0,13800.0,5700.0,16480.0,93000.0,27300.0,7567.0,19760.0,14515.0,14240.0,7100.0,50200.0,21700.0,27200.0,5867.0,41000.0,46900.0,49550.0,30750.0,3080.0,19110.0,17300.0,66000.0,23450.0,235500.0,20050.0,24150.0,20625.0
2023-05-26,109200.0,6870.0,38700.0,70300.0,13304.0,223500.0,14120.0,5750.0,16650.0,90500.0,27150.0,7692.0,20100.0,14635.0,14280.0,7200.0,50800.0,22500.0,27500.0,5827.0,42700.0,46500.0,49250.0,30500.0,3150.0,19280.0,17450.0,67100.0,23750.0,234000.0,20050.0,25900.0,21900.0
2023-05-30,110300.0,7050.0,39050.0,72300.0,13936.0,236000.0,14110.0,5770.0,17030.0,93300.0,27200.0,8008.0,20850.0,14635.0,15130.0,7410.0,50300.0,22850.0,28100.0,6082.0,42800.0,47350.0,51300.0,31200.0,3275.0,19690.0,17510.0,73500.0,24800.0,237500.0,23000.0,26150.0,24050.0
2023-05-31,108600.0,7070.0,38350.0,71400.0,14227.0,231500.0,13930.0,5690.0,16740.0,92500.0,26550.0,7912.0,20050.0,14489.0,14640.0,7220.0,51000.0,22550.0,27450.0,5917.0,43250.0,46100.0,50700.0,31250.0,3220.0,19690.0,17390.0,75000.0,25400.0,230500.0,22150.0,27300.0,24050.0
2023-06-01,110300.0,7090.0,38650.0,70900.0,14325.0,230000.0,13930.0,5740.0,16820.0,92600.0,26350.0,7979.0,20250.0,14669.0,14590.0,7310.0,50700.0,22800.0,27450.0,5867.0,43500.0,46100.0,51200.0,30850.0,3200.0,19910.0,17610.0,75200.0,25850.0,235500.0,21900.0,28950.0,25300.0
2023-06-02,110300.0,7100.0,37700.0,72200.0,14412.0,237500.0,13910.0,5670.0,16760.0,92100.0,25700.0,7883.0,19650.0,14395.0,14360.0,7110.0,50600.0,22750.0,27300.0,5852.0,43400.0,45650.0,50700.0,30900.0,3185.0,19780.0,17440.0,75400.0,26100.0,235000.0,20350.0,27800.0,25300.0
2023-06-05,108700.0,7080.0,37850.0,71700.0,14753.0,234500.0,13840.0,5630.0,16760.0,91400.0,25150.0,7845.0,19660.0,14524.0,14460.0,7140.0,50700.0,22650.0,27500.0,5927.0,42600.0,45550.0,49850.0,30350.0,3185.0,19730.0,17200.0,73700.0,25450.0,232000.0,19990.0,27250.0,24200.0
2023-06-07,108000.0,7120.0,37450.0,71000.0,14753.0,232500.0,14000.0,5680.0,16840.0,92000.0,25000.0,7845.0,19840.0,14618.0,14500.0,7100.0,51200.0,22450.0,27250.0,5877.0,42650.0,45800.0,49700.0,30450.0,3185.0,19570.0,16890.0,74200.0,25550.0,232000.0,20300.0,27200.0,24300.0
2023-06-08,109700.0,6990.0,37450.0,70900.0,14004.0,234500.0,13640.0,5920.0,17180.0,93700.0,25650.0,7874.0,19840.0,16481.0,14430.0,7100.0,51600.0,23300.0,27450.0,5822.0,42650.0,47750.0,49500.0,30350.0,3180.0,19450.0,17030.0,74400.0,24850.0,232500.0,19420.0,27050.0,25000.0
2023-06-09,115400.0,7120.0,37900.0,72000.0,17301.0,231500.0,14100.0,5830.0,17190.0,99800.0,26600.0,8046.0,20350.0,17080.0,14730.0,7180.0,52500.0,23850.0,27400.0,6022.0,42350.0,50600.0,49950.0,31350.0,3375.0,19500.0,16950.0,76100.0,25650.0,228000.0,19570.0,28800.0,26700.0
2023-06-12,114800.0,7110.0,36950.0,71000.0,18030.0,232500.0,14120.0,5860.0,17490.0,97500.0,26500.0,7816.0,20500.0,17182.0,14520.0,7180.0,52500.0,23800.0,27950.0,6252.0,42400.0,50400.0,50500.0,31350.0,3335.0,19550.0,17070.0,75600.0,25850.0,231000.0,19060.0,27750.0,28000.0
2023-06-13,119500.0,7200.0,37350.0,72000.0,17583.0,235500.0,14310.0,5870.0,17490.0,101000.0,26600.0,7807.0,24500.0,17439.0,14780.0,7280.0,56000.0,23950.0,27800.0,6307.0,43900.0,49850.0,51200.0,31600.0,3390.0,19730.0,17670.0,77500.0,26500.0,238000.0,20500.0,29100.0,28600.0
2023-06-14,118800.0,7060.0,36650.0,71900.0,18118.0,232000.0,14070.0,5730.0,17240.0,99100.0,26350.0,7749.0,25600.0,17225.0,14230.0,7120.0,52300.0,23350.0,27200.0,6197.0,41950.0,49250.0,50100.0,30950.0,3300.0,19470.0,17080.0,77400.0,26700.0,234000.0,19830.0,28750.0,27950.0
2023-06-15,119000.0,7510.0,38600.0,71500.0,18983.0,231000.0,15100.0,5830.0,17770.0,102700.0,29150.0,7912.0,26900.0,17567.0,14690.0,7450.0,52900.0,24000.0,27750.0,6327.0,48600.0,51400.0,54100.0,34450.0,3480.0,19690.0,17440.0,79600.0,29000.0,240500.0,20350.0,30800.0,29450.0
2023-06-16,118900.0,7440.0,37500.0,71800.0,21589.0,228500.0,15020.0,5810.0,17540.0,101700.0,29100.0,7864.0,27000.0,17738.0,14810.0,8000.0,52500.0,24050.0,27900.0,6187.0,49150.0,51200.0,55700.0,34750.0,3495.0,19650.0,17510.0,79000.0,29700.0,235000.0,20400.0,31450.0,28850.0
2023-06-19,114800.0,7370.0,38400.0,71200.0,21833.0,227500.0,15300.0,5800.0,17270.0,104100.0,29300.0,7921.0,26150.0,17952.0,14990.0,7730.0,53200.0,23900.0,27800.0,6007.0,52000.0,50400.0,56900.0,34400.0,3475.0,19380.0,17780.0,78100.0,30850.0,234500.0,19850.0,30500.0,29050.0
2023-06-20,116100.0,7360.0,38550.0,71400.0,22854.0,233500.0,15490.0,5770.0,18590.0,104500.0,30900.0,7883.0,26100.0,18123.0,15610.0,7790.0,53200.0,24000.0,28050.0,6252.0,56600.0,51900.0,57500.0,33800.0,3520.0,21400.0,18080.0,79000.0,30850.0,233500.0,20050.0,30300.0,30050.0
2023-06-21,115100.0,7440.0,36900.0,70500.0,21395.0,227500.0,15030.0,5630.0,17760.0,103500.0,29200.0,7740.0,25050.0,17695.0,14650.0,7620.0,52000.0,23600.0,31250.0,6412.0,54800.0,50600.0,55600.0,32600.0,3470.0,20700.0,18390.0,77000.0,30200.0,232500.0,19640.0,28900.0,28950.0
2023-06-22,114000.0,7520.0,36150.0,71300.0,22270.0,227500.0,15280.0,5570.0,17500.0,103100.0,29050.0,7644.0,24950.0,17610.0,14340.0,7470.0,51500.0,23550.0,31100.0,6252.0,54100.0,50200.0,54300.0,32600.0,3445.0,20800.0,17970.0,77200.0,29900.0,250500.0,19360.0,29000.0,28600.0
2023-06-23,113600.0,7510.0,36150.0,71600.0,22513.0,228500.0,15250.0,5590.0,17780.0,104700.0,30350.0,7797.0,25350.0,17738.0,14600.0,8240.0,51000.0,25100.0,31050.0,6797.0,53600.0,50000.0,55500.0,33100.0,3460.0,20600.0,18210.0,77500.0,30150.0,250000.0,19440.0,29750.0,28200.0
2023-06-26,113500.0,7520.0,39150.0,72400.0,24215.0,229000.0,15510.0,5770.0,18180.0,105600.0,30650.0,8304.0,25350.0,18550.0,14830.0,8340.0,52300.0,25300.0,31100.0,6797.0,54400.0,50600.0,56300.0,33550.0,3470.0,21300.0,21200.0,77600.0,30450.0,251500.0,19200.0,29600.0,27850.0
2023-06-27,113000.0,7500.0,38750.0,72600.0,24750.0,232000.0,15390.0,5830.0,17950.0,104800.0,30100.0,8208.0,24700.0,18764.0,14690.0,8230.0,52000.0,25050.0,31500.0,6727.0,54800.0,50900.0,59400.0,33150.0,3380.0,21200.0,25150.0,76000.0,31200.0,251000.0,19110.0,29900.0,28300.0
2023-06-28,114300.0,7550.0,37750.0,72700.0,24702.0,230500.0,15260.0,5850.0,18220.0,107500.0,29800.0,8122.0,25400.0,18678.0,14810.0,8230.0,52600.0,25000.0,31000.0,6727.0,54500.0,51400.0,58600.0,33350.0,3430.0,21250.0,25100.0,76700.0,31150.0,250500.0,19060.0,29100.0,28100.0
2023-06-29,116200.0,7550.0,39000.0,72400.0,27959.0,232000.0,15580.0,5890.0,19380.0,112200.0,30200.0,8151.0,29000.0,19106.0,15040.0,8430.0,54200.0,26800.0,31600.0,6772.0,55100.0,52800.0,59800.0,34300.0,3435.0,21400.0,25500.0,77000.0,32300.0,250000.0,19100.0,28850.0,28750.0
2023-06-30,115200.0,7570.0,42100.0,72200.0,27425.0,240000.0,15660.0,5420.0,19000.0,111900.0,30150.0,7988.0,30500.0,18678.0,15000.0,8340.0,55200.0,26700.0,31350.0,6832.0,55200.0,52600.0,60600.0,34100.0,3405.0,21250.0,25200.0,76200.0,32250.0,251000.0,19190.0,28500.0,29200.0
2023-07-03,117600.0,7710.0,41550.0,73000.0,30537.0,241000.0,15540.0,5440.0,19210.0,115000.0,31200.0,8122.0,33600.0,18849.0,15110.0,8680.0,59800.0,26600.0,31350.0,6772.0,55500.0,51400.0,61900.0,35000.0,3560.0,22200.0,28800.0,76700.0,31850.0,258500.0,20950.0,28900.0,28300.0
2023-07-04,117900.0,7810.0,41750.0,73000.0,31704.0,240000.0,15360.0,5370.0,19360.0,116000.0,31500.0,8218.0,33500.0,18935.0,15260.0,8820.0,62300.0,26550.0,33150.0,6852.0,57600.0,51600.0,66300.0,35400.0,3875.0,22150.0,28650.0,78000.0,32200.0,254500.0,21200.0,28950.0,26300.0
2023-07-05,116700.0,7920.0,41300.0,72000.0,29953.0,236000.0,15110.0,5270.0,18900.0,111400.0,30750.0,8122.0,34500.0,18336.0,15090.0,8770.0,61900.0,26100.0,31900.0,6682.0,54800.0,51000.0,66100.0,34500.0,3940.0,22450.0,28650.0,77100.0,32950.0,254000.0,21300.0,27800.0,25900.0
2023-07-06,113800.0,7760.0,39400.0,71600.0,28640.0,217000.0,14320.0,5130.0,18150.0,110000.0,29250.0,7797.0,31850.0,17524.0,14270.0,8160.0,58800.0,25300.0,30400.0,6317.0,51700.0,49000.0,63000.0,33550.0,3820.0,21450.0,23550.0,71800.0,31200.0,245500.0,18980.0,27250.0,25050.0
2023-07-07,111800.0,7610.0,39950.0,69900.0,28592.0,206500.0,13960.0,5000.0,17750.0,108100.0,29350.0,7539.0,32200.0,17396.0,14170.0,8140.0,57300.0,24850.0,29500.0,6437.0,49800.0,48100.0,62700.0,32700.0,3920.0,21450.0,23400.0,71500.0,30750.0,240000.0,19290.0,27350.0,24525.0
2023-07-10,110300.0,7270.0,36850.0,69500.0,27230.0,209500.0,13950.0,5010.0,17290.0,106400.0,28900.0,7347.0,31450.0,17063.0,13750.0,7860.0,49500.0,23750.0,29550.0,6177.0,47700.0,47100.0,59600.0,31800.0,4185.0,20600.0,22800.0,70400.0,29500.0,237000.0,18500.0,26950.0,24775.0
2023-07-11,113400.0,7440.0,37900.0,71500.0,27570.0,211500.0,14320.0,5290.0,17990.0,110300.0,30500.0,7596.0,33500.0,17652.0,14300.0,8170.0,51000.0,24700.0,29450.0,6352.0,49200.0,48150.0,61800.0,32550.0,4200.0,20900.0,23700.0,71500.0,30000.0,250000.0,18970.0,27200.0,26450.0
2023-07-12,115400.0,7530.0,39600.0,71900.0,30002.0,219500.0,14340.0,5590.0,18230.0,110100.0,31700.0,7960.0,36000.0,18037.0,14520.0,8300.0,62700.0,25400.0,30150.0,6597.0,51600.0,48550.0,62900.0,33350.0,4100.0,20950.0,24100.0,72400.0,30650.0,264500.0,19880.0,28150.0,26550.0
2023-07-13,114100.0,7700.0,40250.0,71900.0,31461.0,217500.0,14740.0,5660.0,19000.0,117100.0,41200.0,8046.0,37700.0,18294.0,14580.0,8630.0,69800.0,25500.0,30600.0,6767.0,51100.0,47850.0,63200.0,34350.0,4115.0,22200.0,26950.0,72200.0,33900.0,274000.0,21950.0,30250.0,26050.0
2023-07-14,118000.0,8000.0,40550.0,73400.0,37101.0,214500.0,15400.0,5710.0,18980.0,125400.0,46800.0,8103.0,41350.0,17524.0,14500.0,8400.0,87100.0,25600.0,30550.0,6872.0,55200.0,48350.0,68200.0,36400.0,5340.0,22650.0,26100.0,75500.0,37550.0,258000.0,22050.0,35300.0,25600.0
2023-07-17,117200.0,8300.0,40150.0,73300.0,37150.0,216000.0,16350.0,5800.0,21450.0,126800.0,49500.0,8352.0,43350.0,17439.0,14580.0,8750.0,87200.0,25550.0,31100.0,6987.0,54700.0,50100.0,65800.0,36500.0,6060.0,23600.0,25750.0,76500.0,38100.0,275500.0,23400.0,35650.0,25700.0
2023-07-18,117800.0,8290.0,39950.0,72000.0,36664.0,216000.0,15920.0,5900.0,21350.0,128400.0,49550.0,8218.0,43700.0,19961.0,14710.0,8770.0,87200.0,26300.0,30700.0,7002.0,52900.0,50700.0,71400.0,36400.0,5860.0,23650.0,24800.0,75400.0,38400.0,272500.0,23800.0,35500.0,26450.0
2023-07-19,117500.0,8060.0,40050.0,71700.0,33795.0,212500.0,15380.0,5780.0,21550.0,126400.0,43500.0,8161.0,41000.0,18379.0,14510.0,8570.0,87800.0,25550.0,30250.0,6802.0,51100.0,49950.0,69300.0,35750.0,5630.0,22950.0,22850.0,75500.0,36350.0,273000.0,22050.0,35500.0,25250.0
2023-07-20,116900.0,7900.0,39600.0,71000.0,36129.0,212500.0,15530.0,5860.0,22200.0,128300.0,45950.0,8256.0,46000.0,18080.0,14820.0,8810.0,89800.0,24900.0,30150.0,7068.0,53000.0,48950.0,72300.0,36350.0,5670.0,22750.0,24150.0,76600.0,36800.0,274000.0,23300.0,36150.0,25900.0
2023-07-21,115100.0,7790.0,38300.0,70300.0,35497.0,205500.0,14890.0,5670.0,21800.0,124700.0,45000.0,7960.0,43650.0,17481.0,13920.0,8510.0,82500.0,24300.0,29800.0,6807.0,51300.0,46650.0,69400.0,35250.0,5210.0,22000.0,23400.0,74000.0,35200.0,269000.0,23300.0,34250.0,25300.0
2023-07-24,114000.0,7610.0,39050.0,70400.0,40700.0,208000.0,14800.0,5610.0,23450.0,124700.0,47200.0,7941.0,44350.0,17481.0,13810.0,8410.0,91500.0,24300.0,29150.0,6777.0,50900.0,46650.0,69100.0,35000.0,5010.0,21600.0,23050.0,73500.0,36750.0,269000.0,22400.0,34550.0,26150.0
2023-07-25,113400.0,7670.0,39500.0,70000.0,38949.0,204500.0,14250.0,5560.0,24400.0,125200.0,46300.0,7874.0,42600.0,17567.0,13500.0,8150.0,95200.0,23950.0,29000.0,6802.0,51000.0,46500.0,69100.0,34800.0,4830.0,21900.0,23050.0,77700.0,35550.0,271500.0,22100.0,34350.0,25800.0
2023-07-26,113000.0,7330.0,38400.0,69800.0,35691.0,197200.0,13530.0,5360.0,23750.0,122800.0,43800.0,7539.0,41700.0,16592.0,13040.0,8180.0,91900.0,23400.0,27750.0,6822.0,48750.0,45100.0,69000.0,34800.0,4550.0,21400.0,22200.0,73800.0,34200.0,266500.0,19850.0,33650.0,24325.0
2023-07-27,124000.0,7680.0,39500.0,71700.0,36323.0,196500.0,14620.0,5650.0,26600.0,156100.0,45900.0,7902.0,45600.0,18294.0,13450.0,8670.0,107300.0,23550.0,28650.0,7002.0,51600.0,47650.0,74900.0,37000.0,5060.0,22350.0,23550.0,84300.0,36300.0,269500.0,20500.0,35000.0,24875.0
2023-07-28,128000.0,8000.0,41100.0,70600.0,38900.0,193300.0,15120.0,5860.0,28850.0,161100.0,47150.0,7931.0,46350.0,18721.0,13890.0,8700.0,104700.0,24050.0,29300.0,7078.0,52400.0,48700.0,76600.0,37300.0,4500.0,23800.0,24050.0,87800.0,36400.0,280500.0,20750.0,35900.0,26000.0
2023-07-31,123400.0,7820.0,42350.0,69800.0,37393.0,196000.0,15350.0,6130.0,27800.0,160000.0,48500.0,7883.0,44800.0,18336.0,13920.0,8600.0,102900.0,24150.0,28750.0,6892.0,52800.0,48150.0,77000.0,36800.0,4555.0,23500.0,24850.0,85600.0,36250.0,272500.0,22000.0,37250.0,26200.0
2023-08-01,125100.0,7880.0,40850.0,71100.0,38803.0,203500.0,15400.0,6040.0,29750.0,158700.0,53400.0,8180.0,44950.0,18636.0,13980.0,8540.0,105300.0,23600.0,28850.0,6897.0,51700.0,47950.0,76600.0,36550.0,4650.0,23000.0,26450.0,90200.0,36250.0,275500.0,22900.0,37950.0,25100.0
2023-08-02,119500.0,7860.0,39050.0,69900.0,34816.0,199900.0,14870.0,5640.0,25900.0,153900.0,49250.0,7768.0,41700.0,17140.0,14990.0,8270.0,91700.0,22750.0,28450.0,6592.0,48250.0,46100.0,72000.0,34150.0,4700.0,22000.0,24050.0,83800.0,33400.0,273000.0,21050.0,34300.0,21850.0
2023-08-03,120000.0,7860.0,38600.0,68800.0,32141.0,196800.0,14570.0,5520.0,27350.0,171900.0,49300.0,7740.0,40200.0,17182.0,13980.0,8140.0,94500.0,22500.0,28800.0,6597.0,47750.0,45600.0,71500.0,34400.0,4450.0,21950.0,23450.0,84800.0,32600.0,273500.0,20400.0,36300.0,22250.0
2023-08-04,120100.0,7880.0,37800.0,68300.0,30731.0,192000.0,14300.0,5400.0,27550.0,165200.0,46950.0,7577.0,39200.0,16789.0,13380.0,7970.0,92700.0,22200.0,28100.0,6602.0,47100.0,44950.0,71500.0,35550.0,4270.0,21800.0,22550.0,83400.0,31850.0,269000.0,21150.0,36700.0,21500.0
2023-08-07,121900.0,7880.0,37850.0,68500.0,29905.0,188300.0,14290.0,5290.0,26450.0,153900.0,47200.0,7099.0,37700.0,16498.0,13470.0,7970.0,90900.0,21900.0,28350.0,6567.0,46600.0,46100.0,69900.0,36900.0,4255.0,20900.0,22150.0,83200.0,31150.0,260500.0,20050.0,36150.0,21425.0
2023-08-08,118600.0,7590.0,36450.0,67600.0,30926.0,187800.0,14250.0,5140.0,26450.0,152700.0,47700.0,6917.0,37900.0,16225.0,13140.0,7780.0,90600.0,21900.0,27700.0,6457.0,45800.0,45000.0,67800.0,35850.0,4240.0,21650.0,21300.0,81800.0,30850.0,255500.0,19820.0,36100.0,21775.0
2023-08-09,118500.0,7740.0,37050.0,68900.0,30342.0,188800.0,14220.0,5220.0,25950.0,152700.0,46750.0,6993.0,36900.0,16242.0,13700.0,7880.0,90800.0,22150.0,28300.0,6502.0,45550.0,45100.0,66300.0,36100.0,4295.0,22300.0,21450.0,82900.0,30750.0,260000.0,20250.0,35300.0,21325.0
2023-08-10,118500.0,7540.0,36200.0,68000.0,29905.0,183200.0,13920.0,5150.0,24750.0,150200.0,46800.0,6917.0,35400.0,15866.0,13700.0,7750.0,90800.0,21900.0,27550.0,6252.0,44250.0,43750.0,64200.0,34850.0,4140.0,21100.0,20550.0,80700.0,29350.0,259000.0,19050.0,32100.0,20475.0
2023-08-11,115300.0,7560.0,36250.0,67500.0,31217.0,183000.0,13950.0,5160.0,24500.0,155200.0,47850.0,6869.0,35200.0,15815.0,13510.0,7600.0,96000.0,22150.0,28000.0,6252.0,44300.0,43300.0,63400.0,34900.0,4130.0,20950.0,21700.0,82400.0,28900.0,256000.0,19210.0,31850.0,20500.0
2023-08-14,114900.0,7280.0,35900.0,67300.0,29127.0,184500.0,13700.0,5050.0,24050.0,149600.0,45600.0,6745.0,35100.0,15558.0,13500.0,7590.0,88000.0,21350.0,27250.0,6122.0,43300.0,43400.0,61800.0,33800.0,4180.0,20700.0,21750.0,77300.0,28250.0,255500.0,19140.0,31600.0,20300.0
2023-08-16,115800.0,7150.0,35450.0,67000.0,29175.0,178000.0,13790.0,4960.0,24050.0,157500.0,48150.0,6735.0,34850.0,15370.0,14330.0,7320.0,95100.0,21100.0,27200.0,5947.0,43400.0,42600.0,61800.0,33700.0,4000.0,20650.0,21200.0,79100.0,27700.0,240000.0,19010.0,31350.0,19250.0
2023-08-17,114800.0,7030.0,36300.0,66700.0,31412.0,178900.0,14230.0,4955.0,25250.0,163100.0,48750.0,6783.0,36100.0,15558.0,14060.0,7470.0,100200.0,21250.0,26850.0,5992.0,43250.0,43050.0,62600.0,34400.0,4000.0,20950.0,22250.0,80300.0,27850.0,241000.0,18200.0,31550.0,19875.0
2023-08-18,117200.0,7400.0,36100.0,66300.0,34524.0,176900.0,14660.0,4950.0,25300.0,165700.0,57800.0,6850.0,38900.0,16122.0,13710.0,7590.0,102900.0,21450.0,27000.0,6197.0,43750.0,43750.0,63900.0,35500.0,4035.0,21200.0,22550.0,80200.0,29150.0,237500.0,18360.0,33150.0,19575.0
2023-08-21,116400.0,7330.0,36250.0,66600.0,34816.0,175000.0,14890.0,4945.0,25150.0,168000.0,59700.0,6754.0,38900.0,16003.0,13970.0,7360.0,100100.0,20850.0,26650.0,6117.0,42250.0,42900.0,62100.0,34900.0,4000.0,21400.0,22800.0,81000.0,27650.0,238000.0,19150.0,34500.0,18725.0
2023-08-22,116500.0,7200.0,35350.0,66600.0,34962.0,173400.0,14650.0,4820.0,24500.0,164500.0,55800.0,6611.0,36750.0,16045.0,13930.0,7190.0,97700.0,20500.0,26450.0,5952.0,41350.0,42650.0,62500.0,35850.0,3820.0,21500.0,21900.0,79100.0,27700.0,236000.0,18950.0,32300.0,18750.0
2023-08-23,116000.0,7040.0,34050.0,67100.0,35010.0,169500.0,14880.0,4810.0,24600.0,162300.0,57000.0,6525.0,37050.0,16268.0,13950.0,7380.0,96200.0,20250.0,26400.0,5967.0,41950.0,43050.0,66300.0,36350.0,3860.0,21650.0,21800.0,80100.0,27750.0,232500.0,18620.0,31650.0,18550.0
2023-08-24,120900.0,7200.0,34850.0,68200.0,33746.0,168300.0,15030.0,4985.0,27150.0,167800.0,55500.0,6697.0,37300.0,16704.0,13880.0,7560.0,102200.0,21050.0,26550.0,6222.0,41950.0,43100.0,65800.0,36550.0,3960.0,21700.0,22550.0,81200.0,29150.0,235500.0,19040.0,32550.0,19300.0
2023-08-25,116500.0,7610.0,33600.0,67100.0,30974.0,167500.0,14860.0,4805.0,25800.0,155000.0,54400.0,6601.0,34950.0,16644.0,13370.0,7500.0,92300.0,20800.0,25900.0,6072.0,40200.0,42100.0,63700.0,35450.0,4160.0,21200.0,21000.0,78500.0,27250.0,232000.0,18220.0,31700.0,19675.0
2023-08-28,115900.0,7820.0,33550.0,66800.0,30342.0,168600.0,14950.0,4810.0,24800.0,154500.0,55000.0,6601.0,35300.0,16362.0,13330.0,7400.0,91400.0,20850.0,26100.0,6052.0,40900.0,42900.0,64200.0,36000.0,4275.0,21150.0,22500.0,78400.0,27600.0,226500.0,18130.0,31900.0,20100.0
2023-08-29,118600.0,7780.0,33950.0,66800.0,30828.0,168600.0,15130.0,4940.0,25300.0,158200.0,55300.0,6687.0,34850.0,16934.0,13490.0,7400.0,95300.0,20950.0,26400.0,6147.0,41550.0,43600.0,66800.0,35600.0,4320.0,21250.0,21650.0,78400.0,27800.0,231000.0,18590.0,31850.0,19900.0
2023-08-30,119400.0,7790.0,34100.0,67100.0,32919.0,168100.0,15060.0,4995.0,26900.0,168700.0,57100.0,6697.0,38150.0,17738.0,13730.0,7530.0,99600.0,21000.0,26250.0,6367.0,42600.0,43950.0,67900.0,36150.0,4425.0,21550.0,22450.0,80100.0,28850.0,231000.0,18550.0,32650.0,20575.0
2023-08-31,121800.0,7750.0,34100.0,66900.0,33406.0,161500.0,15100.0,5000.0,27400.0,169400.0,59800.0,6697.0,40150.0,18165.0,13900.0,7550.0,99900.0,21250.0,26050.0,6342.0,42150.0,44400.0,68600.0,36250.0,4395.0,21850.0,23200.0,81500.0,28900.0,227500.0,18590.0,32700.0,20925.0
2023-09-01,120000.0,8000.0,35350.0,71000.0,32384.0,166400.0,15670.0,5330.0,28050.0,181000.0,58500.0,6936.0,40600.0,23594.0,14250.0,7870.0,97200.0,21950.0,26700.0,6607.0,46400.0,49850.0,71700.0,38700.0,4625.0,23100.0,24100.0,83300.0,31050.0,241500.0,19600.0,34550.0,21425.0
2023-09-04,119200.0,8010.0,35300.0,71200.0,31266.0,170600.0,15150.0,5640.0,27400.0,169900.0,58200.0,6898.0,38950.0,25218.0,14240.0,7760.0,93200.0,22000.0,26200.0,6452.0,45450.0,48750.0,71100.0,38300.0,4415.0,22850.0,24100.0,83100.0,29950.0,238000.0,20050.0,36400.0,21300.0
2023-09-05,119400.0,7960.0,35350.0,70700.0,32773.0,170900.0,15140.0,5660.0,27950.0,168200.0,58800.0,6831.0,38900.0,25346.0,14200.0,7680.0,95800.0,22050.0,25950.0,6322.0,45300.0,46600.0,72900.0,38500.0,4335.0,22850.0,23800.0,83200.0,30050.0,236500.0,19720.0,35350.0,21650.0
2023-09-06,118200.0,7570.0,34500.0,70000.0,31752.0,168600.0,14850.0,5700.0,26800.0,167600.0,57500.0,6649.0,37600.0,25560.0,13910.0,7350.0,93900.0,21300.0,25500.0,6147.0,44000.0,45700.0,71200.0,37400.0,4295.0,22100.0,23300.0,82500.0,29400.0,232000.0,20150.0,34100.0,21550.0
2023-09-07,118500.0,7590.0,34600.0,70400.0,31363.0,169400.0,15150.0,5800.0,26900.0,163900.0,57300.0,6611.0,38100.0,26500.0,13970.0,7260.0,92900.0,21150.0,25400.0,6172.0,47600.0,46500.0,74100.0,37500.0,4575.0,22050.0,23300.0,84500.0,29450.0,228000.0,19640.0,34400.0,21150.0
2023-09-08,113700.0,7450.0,34200.0,70300.0,29418.0,168400.0,14710.0,5710.0,27250.0,157100.0,54200.0,6592.0,35700.0,24962.0,14030.0,7140.0,88000.0,21050.0,25700.0,6102.0,47600.0,46900.0,71000.0,36350.0,4400.0,22150.0,22000.0,80800.0,28450.0,226500.0,19560.0,33900.0,20625.0
2023-09-11,115900.0,7410.0,33800.0,70800.0,29321.0,165500.0,14250.0,5660.0,26700.0,155400.0,53300.0,6372.0,36600.0,24534.0,13550.0,7210.0,87800.0,20850.0,25500.0,6117.0,46300.0,46350.0,68200.0,35750.0,4360.0,21500.0,22200.0,81200.0,28550.0,221500.0,19880.0,32800.0,20025.0
2023-09-12,116700.0,7280.0,34100.0,70500.0,28883.0,165000.0,14200.0,5570.0,26550.0,157500.0,52800.0,6429.0,39000.0,24491.0,13540.0,7130.0,90100.0,20800.0,25800.0,6077.0,46500.0,46500.0,67900.0,36100.0,4310.0,21550.0,21800.0,78500.0,28750.0,223500.0,19530.0,33700.0,20125.0
2023-09-13,118500.0,7200.0,33600.0,70900.0,27814.0,163100.0,13960.0,5540.0,26750.0,152900.0,53100.0,6534.0,36300.0,23466.0,13450.0,7000.0,83800.0,20650.0,25500.0,5967.0,46750.0,47450.0,65200.0,36500.0,4085.0,21650.0,21500.0,73800.0,28300.0,220000.0,19120.0,31400.0,19525.0
2023-09-14,122200.0,7720.0,36000.0,71700.0,28105.0,180000.0,14540.0,5680.0,31700.0,152500.0,53800.0,6639.0,39300.0,26201.0,13900.0,7200.0,87300.0,21150.0,26500.0,6132.0,48250.0,51900.0,67800.0,37800.0,4385.0,22650.0,22450.0,75500.0,29300.0,236500.0,21750.0,32700.0,22125.0
2023-09-15,122400.0,8900.0,35800.0,72000.0,28105.0,181800.0,14410.0,5570.0,31450.0,152400.0,54100.0,6620.0,37800.0,24662.0,13430.0,7390.0,85100.0,20850.0,27250.0,6097.0,48050.0,51600.0,66400.0,38250.0,4260.0,22800.0,22300.0,74600.0,28650.0,238000.0,20100.0,33700.0,21700.0
2023-09-18,119000.0,8230.0,34950.0,70200.0,27959.0,175600.0,14080.0,5450.0,29550.0,145300.0,50300.0,6467.0,34500.0,23893.0,12990.0,7160.0,78900.0,20700.0,26650.0,5937.0,42750.0,51300.0,62800.0,36900.0,4135.0,22450.0,20100.0,66000.0,27750.0,234000.0,19210.0,31650.0,21025.0
2023-09-19,119200.0,7460.0,34800.0,69800.0,27376.0,177400.0,13890.0,5410.0,28300.0,143000.0,49550.0,6352.0,32650.0,23936.0,12730.0,7040.0,77500.0,20800.0,27300.0,6002.0,42900.0,51600.0,63000.0,38250.0,3995.0,21500.0,19590.0,65200.0,28000.0,236500.0,19220.0,30300.0,20050.0
2023-09-20,118000.0,7410.0,33850.0,69600.0,27279.0,175000.0,13900.0,5360.0,28850.0,140900.0,49700.0,6266.0,32300.0,23637.0,12800.0,6870.0,77000.0,20650.0,27200.0,5802.0,43600.0,50400.0,61700.0,38100.0,4000.0,21550.0,19250.0,65500.0,27850.0,230500.0,18620.0,30550.0,19600.0
2023-09-21,116500.0,7350.0,32500.0,68900.0,25820.0,167300.0,13400.0,5150.0,27000.0,133500.0,48450.0,6027.0,30200.0,22311.0,12340.0,6660.0,74100.0,20100.0,26150.0,5532.0,41750.0,48600.0,58600.0,36800.0,3855.0,20900.0,18430.0,62900.0,25900.0,225000.0,18010.0,29900.0,19150.0
2023-09-22,117300.0,7810.0,32600.0,68800.0,26452.0,166800.0,13200.0,5140.0,27700.0,136500.0,49800.0,6075.0,30100.0,22012.0,12100.0,6700.0,74400.0,20200.0,26250.0,5272.0,41900.0,49700.0,58700.0,37900.0,3805.0,21350.0,18380.0,64400.0,26500.0,227000.0,18030.0,30600.0,19000.0
2023-09-25,117000.0,7290.0,33400.0,69400.0,25869.0,168200.0,12690.0,5160.0,27900.0,136400.0,49800.0,5970.0,30700.0,21670.0,12120.0,6800.0,74300.0,19910.0,26350.0,5142.0,41700.0,50100.0,57200.0,38200.0,3820.0,21350.0,17940.0,64000.0,25900.0,228500.0,17730.0,31600.0,18800.0
2023-09-26,115000.0,7210.0,33300.0,68600.0,25382.0,167400.0,12140.0,5020.0,27650.0,136300.0,50400.0,5884.0,31300.0,21286.0,11980.0,6690.0,75000.0,19790.0,25700.0,4997.0,41500.0,49500.0,55500.0,37350.0,3780.0,21250.0,17740.0,62600.0,25850.0,226000.0,17740.0,30750.0,18900.0
2023-09-27,114700.0,7250.0,33600.0,68400.0,27133.0,167800.0,12210.0,5050.0,26900.0,140100.0,52700.0,5931.0,31750.0,21457.0,11960.0,6740.0,78800.0,19690.0,26050.0,5072.0,42700.0,49700.0,56200.0,38350.0,3910.0,21750.0,17890.0,62600.0,26200.0,229500.0,18170.0,30150.0,19625.0
2023-10-04,115400.0,6890.0,33250.0,67500.0,27911.0,164500.0,11450.0,4930.0,26550.0,138300.0,54200.0,5769.0,30650.0,20730.0,11500.0,6540.0,76800.0,19100.0,25950.0,4857.0,41900.0,48650.0,54300.0,37900.0,3685.0,21100.0,16890.0,60000.0,25300.0,228500.0,17250.0,31500.0,18825.0
2023-10-05,120200.0,6800.0,32750.0,66700.0,27716.0,167100.0,11300.0,4905.0,27200.0,136900.0,53100.0,5769.0,30550.0,21072.0,11440.0,6570.0,76600.0,18730.0,25550.0,4842.0,41000.0,51500.0,53800.0,38550.0,3680.0,21450.0,16520.0,60900.0,25200.0,229500.0,16820.0,31300.0,18025.0
2023-10-06,120400.0,7070.0,33100.0,66000.0,27327.0,165500.0,11680.0,4985.0,27450.0,138800.0,53100.0,5769.0,30950.0,21628.0,11640.0,6760.0,75600.0,18860.0,25600.0,4977.0,41250.0,52300.0,53800.0,39050.0,3780.0,21700.0,17100.0,60400.0,24850.0,229000.0,16940.0,31800.0,18475.0
2023-10-10,119500.0,6750.0,32200.0,66400.0,25966.0,164200.0,11390.0,4970.0,27000.0,137800.0,49750.0,5788.0,29000.0,21157.0,11300.0,6690.0,74500.0,18790.0,25250.0,4887.0,40700.0,49450.0,52800.0,39200.0,3680.0,21550.0,17280.0,59500.0,24550.0,223000.0,15820.0,30650.0,18075.0
2023-10-11,119200.0,7010.0,33450.0,68200.0,27619.0,171500.0,11990.0,5100.0,28650.0,147000.0,51500.0,6018.0,30300.0,22397.0,11660.0,6790.0,77100.0,19450.0,26150.0,5052.0,42050.0,50700.0,55600.0,39300.0,3880.0,22450.0,17840.0,59800.0,25000.0,239500.0,16020.0,31850.0,19025.0
2023-10-12,124200.0,7500.0,33800.0,68900.0,28640.0,171600.0,12230.0,5170.0,29450.0,153800.0,55700.0,6027.0,31550.0,22525.0,11830.0,6950.0,85500.0,20200.0,26350.0,5272.0,43350.0,51600.0,55800.0,38900.0,3965.0,22350.0,18270.0,61200.0,25350.0,239500.0,17270.0,32850.0,19900.0
2023-10-13,124700.0,7500.0,33700.0,68000.0,28300.0,168700.0,12280.0,5120.0,29000.0,161100.0,57300.0,5951.0,32500.0,22739.0,11790.0,7450.0,85500.0,20300.0,26000.0,5072.0,43450.0,51200.0,56800.0,38850.0,3900.0,21950.0,18430.0,60900.0,25350.0,236500.0,17050.0,35200.0,19325.0
2023-10-16,124100.0,7280.0,32450.0,67300.0,27522.0,164000.0,11950.0,5060.0,28500.0,155600.0,58400.0,5912.0,31150.0,22012.0,11700.0,7380.0,84600.0,20200.0,26000.0,4942.0,42200.0,51200.0,52900.0,37350.0,3805.0,21700.0,17500.0,60000.0,24150.0,239000.0,16400.0,34100.0,18575.0
2023-10-17,130000.0,7480.0,33750.0,69400.0,27862.0,168500.0,12360.0,5170.0,29300.0,159800.0,58900.0,6046.0,31850.0,22653.0,11900.0,8050.0,84700.0,20150.0,26400.0,5187.0,44350.0,51800.0,53200.0,38800.0,4150.0,22450.0,20300.0,61100.0,25350.0,256500.0,16990.0,35300.0,19000.0
2023-10-18,130000.0,7550.0,33800.0,70500.0,25091.0,167600.0,12230.0,5130.0,29100.0,157900.0,58500.0,6008.0,31600.0,22440.0,12060.0,7880.0,80700.0,19980.0,26300.0,5182.0,44400.0,50800.0,54600.0,39800.0,4075.0,22700.0,19880.0,60200.0,25500.0,248500.0,17530.0,35050.0,18875.0
2023-10-19,125700.0,7100.0,32650.0,69500.0,23632.0,162000.0,11590.0,4870.0,27800.0,152200.0,58700.0,5788.0,28850.0,21200.0,11420.0,7630.0,73600.0,20000.0,25550.0,4957.0,43000.0,47450.0,51000.0,38250.0,3800.0,21850.0,18910.0,57800.0,24350.0,251000.0,16650.0,33250.0,17975.0
2023-10-20,126200.0,6730.0,32200.0,68800.0,22951.0,152500.0,11220.0,4845.0,27350.0,153400.0,58500.0,5817.0,27850.0,21670.0,11290.0,8230.0,73700.0,19600.0,25600.0,4671.0,42300.0,47400.0,48350.0,37750.0,3675.0,21400.0,18590.0,56900.0,23550.0,251500.0,15400.0,33350.0,17375.0
2023-10-23,124000.0,6800.0,32000.0,68400.0,22270.0,152700.0,11080.0,4795.0,26000.0,148400.0,55400.0,5788.0,27850.0,20815.0,11350.0,8140.0,73300.0,19480.0,25550.0,4561.0,41950.0,47600.0,48150.0,37000.0,3630.0,21500.0,18000.0,56900.0,23250.0,250000.0,15030.0,33450.0,16650.0
2023-10-24,126800.0,7030.0,33250.0,68500.0,24167.0,156200.0,11730.0,5040.0,27750.0,156500.0,58600.0,6084.0,29500.0,23978.0,11650.0,8560.0,79700.0,19600.0,26600.0,4742.0,44050.0,49700.0,49950.0,38600.0,3800.0,21550.0,19000.0,59200.0,24100.0,252000.0,15770.0,35250.0,17150.0
2023-10-25,127500.0,7000.0,32400.0,68000.0,23389.0,154600.0,11740.0,5060.0,28150.0,157400.0,59500.0,6037.0,29800.0,24021.0,11580.0,8740.0,76700.0,19500.0,26650.0,4581.0,43350.0,49450.0,49050.0,38700.0,3825.0,21300.0,18650.0,58000.0,22850.0,245500.0,15430.0,37400.0,16875.0
2023-10-26,120000.0,6520.0,30400.0,66700.0,21978.0,148200.0,11080.0,4940.0,27300.0,152100.0,58100.0,5855.0,28700.0,23765.0,11290.0,8680.0,75900.0,18930.0,26300.0,4206.0,40150.0,49150.0,47500.0,37200.0,3645.0,20650.0,17630.0,56500.0,21750.0,237000.0,14500.0,32550.0,15700.0
2023-10-27,119100.0,6560.0,31000.0,67300.0,21881.0,148900.0,11030.0,4890.0,25900.0,147200.0,57200.0,5941.0,28150.0,22311.0,11210.0,8400.0,73100.0,18830.0,26450.0,4266.0,40400.0,48550.0,46700.0,35050.0,3665.0,20450.0,17090.0,56500.0,21400.0,239500.0,14320.0,34100.0,15600.0
2023-10-30,119100.0,6570.0,30950.0,67300.0,21978.0,151600.0,11070.0,4935.0,25200.0,146200.0,57000.0,5836.0,27750.0,21927.0,11210.0,8580.0,73700.0,18750.0,26300.0,4316.0,40100.0,48550.0,46200.0,33850.0,3635.0,20400.0,17040.0,56300.0,21000.0,241500.0,14740.0,34050.0,16300.0
2023-10-31,116300.0,6400.0,29950.0,66900.0,21055.0,150200.0,10780.0,4715.0,24550.0,139300.0,52500.0,5635.0,26900.0,20815.0,10930.0,8650.0,69200.0,18740.0,26100.0,4181.0,35450.0,47350.0,44200.0,32900.0,3500.0,18960.0,16180.0,53400.0,19970.0,232000.0,14270.0,31150.0,15400.0
2023-11-01,120300.0,6540.0,30450.0,68600.0,20957.0,151000.0,10760.0,4745.0,25150.0,143200.0,52700.0,5730.0,27150.0,21585.0,10780.0,8780.0,68700.0,18850.0,26400.0,4211.0,35550.0,48750.0,43650.0,33000.0,3510.0,18650.0,16420.0,54800.0,19980.0,241500.0,14310.0,32750.0,15825.0
2023-11-02,125300.0,6760.0,32150.0,69700.0,23243.0,158500.0,11500.0,5280.0,27800.0,157000.0,57400.0,5989.0,31000.0,25218.0,11320.0,9080.0,79800.0,19540.0,26650.0,4531.0,38650.0,51000.0,46100.0,35350.0,3825.0,19900.0,17850.0,58300.0,21700.0,249500.0,15740.0,35300.0,16925.0
2023-11-03,125800.0,6820.0,32700.0,69600.0,23048.0,160100.0,11660.0,5290.0,27850.0,157800.0,56500.0,6075.0,30950.0,25090.0,11450.0,9000.0,80100.0,19820.0,26800.0,4536.0,40750.0,50200.0,48400.0,36050.0,3900.0,20150.0,17940.0,58500.0,22150.0,239000.0,16420.0,35700.0,17000.0
2023-11-06,133000.0,6850.0,34400.0,70900.0,25091.0,170100.0,12100.0,5520.0,31650.0,168800.0,58500.0,6314.0,32150.0,26714.0,12000.0,9180.0,88200.0,20250.0,27300.0,4671.0,41300.0,52100.0,49550.0,35050.0,3990.0,20600.0,18500.0,62400.0,23450.0,251500.0,16740.0,38400.0,16950.0
2023-11-07,130400.0,6680.0,34100.0,70900.0,26014.0,167700.0,12070.0,5510.0,32250.0,164000.0,62600.0,6209.0,32100.0,28381.0,11650.0,9220.0,89000.0,20400.0,27150.0,4626.0,41100.0,51400.0,49050.0,35350.0,4005.0,21000.0,18390.0,60000.0,23050.0,247000.0,16720.0,37000.0,16450.0
2023-11-08,127600.0,6630.0,34650.0,69900.0,25771.0,165500.0,11900.0,5520.0,32500.0,164100.0,60800.0,6218.0,32100.0,27441.0,11670.0,9160.0,86000.0,20500.0,26800.0,4651.0,41150.0,51800.0,48800.0,34850.0,3965.0,21200.0,18800.0,59300.0,22600.0,244500.0,16650.0,36400.0,16275.0
2023-11-09,128000.0,6640.0,35050.0,70300.0,25285.0,167300.0,11720.0,5420.0,31500.0,162400.0,61500.0,6266.0,31550.0,26970.0,11630.0,8850.0,84000.0,20250.0,26600.0,4516.0,40450.0,50700.0,49950.0,33800.0,3950.0,20500.0,18290.0,59900.0,22400.0,248000.0,16900.0,37300.0,16000.0
2023-11-10,130500.0,6360.0,35700.0,70500.0,26403.0,168800.0,11730.0,5490.0,32700.0,166700.0,66300.0,6247.0,33300.0,28381.0,11530.0,9200.0,87400.0,20050.0,27100.0,4386.0,40350.0,51100.0,50200.0,34050.0,3995.0,20700.0,19140.0,60000.0,22750.0,250000.0,16610.0,38200.0,15875.0
2023-11-13,131800.0,5660.0,36250.0,70400.0,24458.0,176700.0,11730.0,5140.0,33300.0,159100.0,57800.0,6161.0,32050.0,26757.0,11240.0,9080.0,75800.0,20750.0,27250.0,4376.0,39750.0,50400.0,48850.0,33550.0,3800.0,20500.0,18620.0,58600.0,22850.0,258500.0,15930.0,35800.0,15575.0
2023-11-14,130000.0,5750.0,36850.0,70800.0,26160.0,180400.0,12060.0,5060.0,34300.0,158400.0,59500.0,6295.0,32950.0,27099.0,11400.0,9080.0,85500.0,21050.0,27300.0,4551.0,40300.0,49550.0,49300.0,34800.0,3885.0,20550.0,19730.0,60000.0,23200.0,263500.0,16340.0,36100.0,15775.0
2023-11-15,134100.0,6080.0,36600.0,72200.0,30439.0,180600.0,12330.0,5070.0,36850.0,162000.0,62300.0,6218.0,34700.0,27911.0,12040.0,9130.0,88100.0,21500.0,26950.0,4742.0,44850.0,49600.0,50700.0,35050.0,4025.0,22900.0,21550.0,63100.0,24000.0,270500.0,17160.0,37600.0,16400.0
2023-11-16,132300.0,6070.0,37000.0,72800.0,30877.0,181700.0,12320.0,5170.0,35550.0,160000.0,62400.0,6247.0,34600.0,26586.0,12440.0,9760.0,91600.0,22900.0,27550.0,4837.0,50300.0,49350.0,51400.0,35400.0,4070.0,24350.0,21600.0,62300.0,24500.0,271000.0,17520.0,37450.0,17500.0
2023-11-17,129900.0,5960.0,36600.0,72500.0,30099.0,182600.0,12100.0,5080.0,35550.0,157600.0,62800.0,6477.0,34650.0,25859.0,12200.0,9660.0,91200.0,22900.0,27200.0,4681.0,51400.0,49450.0,52400.0,35950.0,4090.0,24600.0,21150.0,64200.0,24650.0,270000.0,16940.0,37050.0,17475.0
2023-11-20,131400.0,6140.0,36900.0,72700.0,30294.0,180100.0,12280.0,5140.0,35450.0,160100.0,62000.0,6477.0,34700.0,25816.0,12200.0,9790.0,88600.0,22550.0,27200.0,4777.0,50000.0,48000.0,51700.0,35950.0,4090.0,23950.0,20500.0,64400.0,25450.0,273000.0,17750.0,37200.0,17500.0
2023-11-21,132000.0,6160.0,37500.0,72800.0,31412.0,183400.0,12190.0,5190.0,34400.0,160700.0,61500.0,6419.0,34950.0,25133.0,12270.0,9730.0,89700.0,23100.0,27650.0,4807.0,50000.0,47600.0,52100.0,35700.0,4005.0,24350.0,21000.0,65700.0,26000.0,279000.0,18200.0,36600.0,17525.0
2023-11-22,131300.0,6190.0,37650.0,72800.0,30926.0,186900.0,12270.0,5160.0,34800.0,169300.0,61700.0,6400.0,34700.0,25346.0,12370.0,9750.0,88000.0,23900.0,27600.0,4812.0,49350.0,46000.0,53000.0,36050.0,4055.0,24600.0,21400.0,67800.0,26200.0,279500.0,21050.0,36650.0,17875.0
2023-11-23,130100.0,6070.0,36850.0,72400.0,28640.0,183900.0,11970.0,5120.0,33000.0,159600.0,59700.0,6295.0,33700.0,24577.0,12290.0,9360.0,81600.0,23950.0,27200.0,4772.0,49000.0,45600.0,51000.0,34400.0,3955.0,23850.0,20850.0,68100.0,24600.0,268500.0,20550.0,35750.0,18875.0
2023-11-24,128000.0,6080.0,37050.0,71700.0,28640.0,184300.0,11940.0,5080.0,33600.0,159200.0,60800.0,6438.0,32750.0,24876.0,12290.0,9450.0,81700.0,23750.0,26750.0,4842.0,48900.0,46450.0,51400.0,34650.0,3955.0,26400.0,22150.0,68900.0,25100.0,267500.0,20950.0,36000.0,18450.0
2023-11-27,130700.0,6130.0,37000.0,71300.0,28494.0,181300.0,12140.0,5340.0,33250.0,158200.0,59700.0,6745.0,33700.0,24833.0,12320.0,9900.0,80000.0,24400.0,27500.0,4832.0,50300.0,47150.0,52800.0,39400.0,3990.0,26600.0,22200.0,68800.0,27050.0,269000.0,22400.0,37850.0,18575.0
2023-11-28,131400.0,6030.0,37550.0,72700.0,29516.0,182600.0,12120.0,5400.0,35150.0,162300.0,61600.0,7424.0,35350.0,25389.0,12380.0,9850.0,81500.0,24450.0,27100.0,4907.0,50800.0,47200.0,55800.0,39950.0,4100.0,26050.0,22100.0,69100.0,27500.0,271500.0,21800.0,41150.0,18700.0
2023-11-29,130400.0,5910.0,37350.0,72700.0,28981.0,187100.0,11980.0,5270.0,34250.0,158600.0,61100.0,7223.0,35900.0,24705.0,12260.0,9750.0,84000.0,24350.0,26800.0,4887.0,49650.0,46300.0,56100.0,38400.0,4125.0,26300.0,21450.0,68000.0,27000.0,272000.0,21200.0,42900.0,18800.0
2023-11-30,133900.0,5970.0,38450.0,72800.0,29516.0,201000.0,12080.0,5310.0,35250.0,157800.0,63600.0,7347.0,34950.0,25603.0,12430.0,9560.0,88100.0,24950.0,27050.0,5007.0,50700.0,45900.0,57600.0,38800.0,4105.0,26500.0,22100.0,69900.0,26650.0,277000.0,21950.0,46400.0,19850.0
2023-12-01,132600.0,5780.0,38900.0,72000.0,28154.0,202000.0,11930.0,5230.0,36500.0,149500.0,62000.0,7424.0,33500.0,25175.0,12430.0,9900.0,87300.0,24600.0,27250.0,4917.0,49600.0,45050.0,55500.0,37950.0,4065.0,27100.0,21800.0,69700.0,26700.0,289000.0,21250.0,47350.0,20500.0
2023-12-04,131100.0,5810.0,38200.0,72600.0,27230.0,204000.0,11710.0,5120.0,33600.0,145900.0,59800.0,7146.0,31050.0,23679.0,11920.0,9860.0,84200.0,24400.0,27100.0,4897.0,48450.0,44650.0,55800.0,37550.0,3930.0,26800.0,21850.0,69900.0,26500.0,288500.0,20300.0,46350.0,20050.0
2023-12-05,125900.0,5600.0,37700.0,71200.0,25820.0,201000.0,11370.0,5000.0,31850.0,135700.0,57800.0,6850.0,29600.0,22910.0,11560.0,9350.0,78600.0,23950.0,27100.0,4727.0,47000.0,46150.0,53100.0,36000.0,3850.0,25550.0,21300.0,66800.0,25650.0,286500.0,19410.0,43900.0,18725.0
2023-12-06,125600.0,5660.0,38850.0,71700.0,26014.0,209000.0,11510.0,5090.0,32050.0,139700.0,57900.0,6850.0,29800.0,23081.0,11610.0,9110.0,84000.0,24000.0,27700.0,4817.0,47800.0,48650.0,52800.0,36450.0,3920.0,25950.0,21550.0,67500.0,25950.0,298500.0,20250.0,46650.0,20550.0
2023-12-07,125600.0,5610.0,38200.0,71500.0,26160.0,207500.0,11470.0,5040.0,32250.0,138300.0,58900.0,6936.0,29250.0,22867.0,11520.0,9030.0,82400.0,23850.0,28700.0,4777.0,47100.0,49450.0,53000.0,35650.0,3920.0,25350.0,20600.0,66300.0,25750.0,296000.0,19150.0,45100.0,20875.0
2023-12-08,127500.0,5650.0,39250.0,72600.0,28203.0,208500.0,11590.0,5150.0,32550.0,140900.0,60300.0,7089.0,30950.0,23679.0,11850.0,9330.0,86400.0,24100.0,29500.0,4937.0,48700.0,49000.0,53000.0,37000.0,4075.0,26950.0,23150.0,68100.0,25900.0,300000.0,21850.0,45100.0,21650.0
2023-12-11,128900.0,5690.0,38400.0,73000.0,28397.0,212500.0,11500.0,5250.0,32050.0,142300.0,58900.0,6984.0,30800.0,23551.0,12030.0,9110.0,84700.0,24000.0,28950.0,4847.0,47600.0,48900.0,54200.0,37500.0,4060.0,26600.0,22500.0,67800.0,25850.0,293000.0,21950.0,44000.0,21900.0
2023-12-12,131000.0,5900.0,38250.0,73500.0,28300.0,209000.0,11960.0,6590.0,33600.0,142300.0,58900.0,7252.0,30700.0,23893.0,12200.0,9510.0,87300.0,24200.0,28900.0,5152.0,47850.0,48600.0,54100.0,37700.0,4715.0,26300.0,23900.0,68600.0,25750.0,292500.0,22200.0,44600.0,21450.0
2023-12-13,131200.0,6190.0,38250.0,72800.0,29078.0,210000.0,12200.0,6620.0,33450.0,143700.0,58600.0,7242.0,31850.0,23936.0,12550.0,10760.0,85800.0,24700.0,29050.0,5082.0,48300.0,49000.0,54700.0,38150.0,6120.0,26050.0,28050.0,69600.0,27000.0,293000.0,23200.0,43800.0,21500.0
2023-12-14,136700.0,6390.0,39250.0,73100.0,29370.0,212500.0,12190.0,6450.0,34000.0,146300.0,59200.0,7367.0,31950.0,24107.0,12730.0,10250.0,87500.0,24800.0,29200.0,5387.0,48400.0,50300.0,55500.0,37800.0,7030.0,26850.0,27050.0,70100.0,27400.0,293000.0,22750.0,48650.0,22325.0
2023-12-15,140000.0,6100.0,38150.0,73300.0,29127.0,213500.0,12200.0,5950.0,33700.0,146600.0,58300.0,7070.0,30600.0,23679.0,12370.0,10100.0,86200.0,23900.0,28750.0,5067.0,47400.0,48900.0,55400.0,37050.0,6330.0,26600.0,26600.0,68900.0,26750.0,291000.0,21650.0,46050.0,23325.0
2023-12-18,140000.0,6310.0,38600.0,72900.0,30488.0,216000.0,12390.0,6010.0,34000.0,148000.0,58300.0,7156.0,30950.0,25517.0,12510.0,10300.0,89200.0,24650.0,30100.0,5387.0,48000.0,50800.0,56100.0,37300.0,7120.0,26350.0,28300.0,69000.0,26950.0,291000.0,23700.0,46050.0,22675.0
2023-12-19,138200.0,6270.0,38500.0,73400.0,30926.0,217000.0,12400.0,6080.0,33600.0,145600.0,58900.0,7204.0,30500.0,25090.0,12690.0,10640.0,87300.0,24650.0,30600.0,5337.0,47900.0,50200.0,55900.0,36700.0,7180.0,26000.0,28550.0,68100.0,27100.0,289500.0,24200.0,45550.0,24050.0
2023-12-20,140500.0,6270.0,37800.0,74800.0,30683.0,220000.0,12240.0,6150.0,33800.0,148000.0,58700.0,7156.0,30000.0,25133.0,12830.0,10700.0,87000.0,24050.0,30550.0,5412.0,48150.0,51000.0,54900.0,37250.0,7500.0,25900.0,27800.0,71200.0,27650.0,292000.0,23250.0,47000.0,23900.0
2023-12-21,140500.0,6350.0,37550.0,75000.0,30196.0,224000.0,12150.0,6110.0,33550.0,149500.0,59200.0,7032.0,30100.0,25090.0,12970.0,11000.0,87600.0,24350.0,29950.0,5412.0,47250.0,50700.0,53800.0,36950.0,7210.0,25200.0,27950.0,70800.0,26950.0,294500.0,24250.0,48950.0,23400.0
2023-12-22,140600.0,6400.0,37700.0,75900.0,28592.0,223500.0,12300.0,5980.0,32900.0,149300.0,58600.0,6974.0,29900.0,24449.0,13060.0,10750.0,86000.0,24700.0,29800.0,5767.0,49100.0,49650.0,54100.0,37450.0,7000.0,25700.0,28100.0,70100.0,27100.0,297500.0,26050.0,47600.0,25000.0
2023-12-26,140900.0,6210.0,37450.0,76600.0,27814.0,220500.0,12010.0,5990.0,32500.0,148500.0,57600.0,6955.0,29250.0,24449.0,13170.0,11090.0,83200.0,24900.0,30150.0,5617.0,47650.0,49650.0,53200.0,38700.0,7200.0,25900.0,29250.0,68800.0,27000.0,307000.0,25500.0,46900.0,25450.0
2023-12-27,140400.0,6360.0,38650.0,78000.0,28640.0,228000.0,12340.0,6070.0,34850.0,155000.0,61500.0,7347.0,30550.0,25304.0,13350.0,11400.0,83800.0,24900.0,29850.0,5702.0,49450.0,49900.0,54900.0,38500.0,7390.0,27100.0,29300.0,69500.0,27250.0,303000.0,26200.0,46400.0,26500.0
2023-12-28,141500.0,6300.0,38700.0,78500.0,28640.0,227000.0,12230.0,6030.0,34200.0,152900.0,61700.0,7395.0,30250.0,24919.0,13390.0,11450.0,80300.0,24700.0,30050.0,5712.0,49450.0,50200.0,55400.0,38500.0,7850.0,26800.0,29250.0,69400.0,27050.0,304000.0,25650.0,43850.0,25800.0
2024-01-02,142400.0,6710.0,41450.0,79600.0,28981.0,231500.0,12770.0,6230.0,33400.0,152600.0,60800.0,7548.0,30950.0,25560.0,13670.0,11630.0,83000.0,27050.0,31900.0,5882.0,51400.0,55400.0,61500.0,42200.0,9300.0,28900.0,30250.0,72000.0,28450.0,309000.0,27000.0,42900.0,25100.0
2024-01-03,136800.0,6570.0,41750.0,77000.0,27522.0,219500.0,12870.0,6340.0,32150.0,146600.0,59500.0,7367.0,30100.0,24962.0,13710.0,11520.0,79400.0,26600.0,31150.0,5807.0,50900.0,55800.0,60000.0,42250.0,10200.0,31100.0,31150.0,74500.0,28350.0,301000.0,27000.0,42800.0,23900.0
2024-01-04,136400.0,6510.0,42100.0,76600.0,27765.0,215500.0,12640.0,6830.0,32350.0,147500.0,59000.0,7376.0,30600.0,24406.0,13670.0,11760.0,78900.0,28100.0,31500.0,5762.0,49800.0,55400.0,60400.0,40950.0,9540.0,31550.0,30900.0,76000.0,28600.0,304000.0,24450.0,43150.0,23100.0
2024-01-05,137500.0,6420.0,41250.0,76600.0,27765.0,213500.0,12470.0,6670.0,32400.0,156300.0,58800.0,7462.0,30900.0,23850.0,14390.0,11580.0,79700.0,28050.0,31350.0,5722.0,49950.0,54800.0,59100.0,41100.0,10980.0,30700.0,29600.0,75500.0,28500.0,306500.0,24900.0,42100.0,22650.0
2024-01-08,136000.0,6420.0,41550.0,76500.0,27765.0,214000.0,12700.0,6550.0,32000.0,157500.0,58100.0,7338.0,30800.0,23978.0,14070.0,11300.0,78100.0,28200.0,31050.0,5732.0,49700.0,55500.0,58900.0,41400.0,11540.0,30500.0,29000.0,75500.0,28150.0,302500.0,23950.0,42100.0,22800.0
2024-01-09,137400.0,6510.0,40450.0,74700.0,28640.0,215000.0,12580.0,6520.0,33150.0,154100.0,58700.0,7156.0,30800.0,23978.0,14310.0,11340.0,81600.0,27150.0,30550.0,5697.0,49650.0,54300.0,57600.0,40550.0,11620.0,32150.0,29000.0,75500.0,28300.0,293500.0,22800.0,42200.0,22900.0
2024-01-10,133500.0,6440.0,39650.0,73600.0,28008.0,211000.0,12420.0,6330.0,33400.0,157000.0,58400.0,6993.0,30200.0,23209.0,14150.0,11380.0,80300.0,26750.0,29450.0,5592.0,48200.0,54200.0,57100.0,39200.0,11130.0,30550.0,28450.0,72300.0,27700.0,298000.0,22250.0,41900.0,22450.0
2024-01-11,136000.0,6350.0,42050.0,73200.0,28057.0,211500.0,12440.0,6360.0,34200.0,161200.0,59000.0,6965.0,30200.0,23594.0,14130.0,11300.0,81100.0,27000.0,29500.0,5632.0,46800.0,54100.0,57900.0,38800.0,9810.0,30250.0,27800.0,71700.0,27950.0,293500.0,22200.0,42400.0,23100.0
2024-01-12,134100.0,6210.0,41800.0,73100.0,27716.0,212000.0,12070.0,6170.0,32500.0,157400.0,57100.0,6869.0,29400.0,22953.0,13900.0,11220.0,80300.0,26250.0,28950.0,5647.0,46100.0,53100.0,56700.0,38100.0,10300.0,29700.0,27600.0,69800.0,27550.0,297000.0,22350.0,41800.0,22800.0
2024-01-15,134100.0,6130.0,41000.0,73900.0,27279.0,215500.0,11850.0,6200.0,30400.0,153900.0,56200.0,6831.0,28100.0,22311.0,14140.0,11700.0,81300.0,26500.0,29800.0,5357.0,45450.0,52000.0,54900.0,38050.0,12110.0,28900.0,27700.0,68400.0,26800.0,294500.0,23550.0,41200.0,21500.0
2024-01-16,132100.0,6020.0,40650.0,72600.0,26403.0,214000.0,11730.0,6000.0,29500.0,148900.0,52700.0,6697.0,27200.0,21841.0,13620.0,12470.0,76600.0,25700.0,29050.0,5262.0,44550.0,50900.0,54000.0,37450.0,11580.0,28400.0,27050.0,67200.0,26600.0,292000.0,22950.0,41750.0,20950.0
2024-01-17,131000.0,5910.0,39900.0,71000.0,26452.0,211500.0,11340.0,5970.0,29750.0,156500.0,52400.0,6668.0,26550.0,21756.0,13350.0,12230.0,77400.0,25400.0,29000.0,5107.0,43800.0,50900.0,53500.0,36600.0,10640.0,28500.0,26950.0,67100.0,26100.0,288000.0,22000.0,41800.0,20600.0
2024-01-18,136200.0,5930.0,40700.0,71700.0,26744.0,209000.0,11340.0,5920.0,31300.0,162000.0,56200.0,6697.0,27050.0,23166.0,13790.0,12820.0,81100.0,25200.0,28850.0,5132.0,44300.0,51800.0,55200.0,37000.0,10230.0,29900.0,28050.0,67300.0,26800.0,295000.0,22450.0,44050.0,20900.0
2024-01-19,141300.0,6200.0,42000.0,74700.0,27133.0,217000.0,11830.0,6130.0,33550.0,183900.0,57700.0,6917.0,29700.0,23722.0,14060.0,14600.0,84100.0,26150.0,29400.0,5512.0,45750.0,53000.0,56300.0,37550.0,11080.0,31650.0,28650.0,68300.0,27500.0,301000.0,23600.0,47800.0,21000.0
2024-01-22,142600.0,6440.0,42200.0,75100.0,33065.0,213000.0,12050.0,6470.0,33950.0,195900.0,57700.0,7166.0,30350.0,24021.0,14100.0,16000.0,89200.0,26850.0,29400.0,5692.0,45850.0,53000.0,54200.0,38800.0,14270.0,32500.0,29850.0,72000.0,27950.0,304500.0,24450.0,47900.0,21650.0
2024-01-23,140800.0,6390.0,41400.0,75200.0,29905.0,207000.0,11870.0,6900.0,33600.0,191200.0,57700.0,7089.0,29100.0,23807.0,14270.0,15200.0,83400.0,26700.0,29350.0,5602.0,45200.0,51700.0,54000.0,39150.0,13150.0,31550.0,29650.0,71300.0,27350.0,300500.0,25050.0,51000.0,20800.0
2024-01-24,141500.0,6500.0,42500.0,74000.0,31120.0,204000.0,12160.0,7480.0,34250.0,193500.0,59200.0,7204.0,30550.0,24962.0,14840.0,16270.0,86800.0,26650.0,29000.0,5637.0,47550.0,52200.0,53200.0,38650.0,13800.0,31600.0,34650.0,75200.0,27150.0,301000.0,23700.0,49250.0,21800.0
2024-01-25,137400.0,6510.0,42200.0,74100.0,29613.0,212500.0,13620.0,7380.0,35100.0,190600.0,57700.0,8773.0,29450.0,24577.0,15200.0,16030.0,87300.0,26750.0,29250.0,5897.0,46900.0,51700.0,52000.0,37000.0,12750.0,31700.0,34450.0,75400.0,26250.0,303500.0,23400.0,48300.0,22000.0
2024-01-26,136000.0,6460.0,41700.0,73400.0,28786.0,211000.0,13380.0,7390.0,32850.0,180000.0,58700.0,8304.0,28100.0,24149.0,14700.0,15780.0,82500.0,26450.0,29350.0,5707.0,46400.0,50900.0,51000.0,35700.0,12260.0,31450.0,33600.0,73300.0,25650.0,283500.0,23500.0,47750.0,22000.0
2024-01-29,135000.0,6340.0,40600.0,74400.0,27911.0,207000.0,13270.0,7090.0,33050.0,175000.0,59800.0,7969.0,27900.0,23124.0,14450.0,16040.0,81500.0,24900.0,29300.0,6612.0,43850.0,49800.0,52100.0,35900.0,12110.0,30050.0,30750.0,72200.0,25650.0,272500.0,21600.0,46650.0,20450.0
2024-01-30,136900.0,6230.0,40050.0,74300.0,28786.0,211000.0,13000.0,6760.0,33600.0,184000.0,59500.0,7721.0,28600.0,22995.0,14250.0,16480.0,81000.0,24750.0,29500.0,6652.0,44050.0,49050.0,50600.0,35300.0,11290.0,29650.0,30300.0,73600.0,25000.0,274000.0,21150.0,46600.0,19230.0
2024-01-31,134700.0,6000.0,38650.0,72700.0,26744.0,200000.0,12430.0,6370.0,33050.0,171900.0,58700.0,7434.0,29200.0,21884.0,13710.0,15930.0,77000.0,23350.0,28550.0,6672.0,42050.0,47300.0,50300.0,33800.0,10510.0,28700.0,28500.0,72100.0,24250.0,270500.0,20100.0,44950.0,18620.0
2024-02-01,132700.0,5980.0,38300.0,73600.0,26258.0,190600.0,12630.0,6220.0,31150.0,165500.0,57400.0,7213.0,27850.0,21029.0,13440.0,15290.0,71600.0,23000.0,28150.0,6027.0,43500.0,45500.0,49400.0,33950.0,10180.0,27600.0,27200.0,68800.0,24000.0,270000.0,19520.0,44900.0,18810.0
2024-02-02,134900.0,6050.0,39750.0,75200.0,28105.0,191500.0,12660.0,6490.0,31500.0,176000.0,59400.0,7414.0,28650.0,22141.0,13780.0,15350.0,75000.0,24150.0,29400.0,6337.0,47000.0,45950.0,50400.0,34600.0,9990.0,27900.0,29200.0,70300.0,24500.0,276000.0,19980.0,46850.0,18900.0
2024-02-05,132300.0,6000.0,38350.0,74300.0,27522.0,188000.0,12340.0,6250.0,30100.0,168100.0,58800.0,7213.0,29850.0,21371.0,13430.0,15440.0,74600.0,23100.0,29450.0,5877.0,46800.0,45000.0,49200.0,33350.0,9480.0,28100.0,28050.0,69500.0,23700.0,266000.0,19570.0,46100.0,18520.0
2024-02-06,138000.0,6010.0,39250.0,74400.0,29029.0,188000.0,12240.0,6330.0,29300.0,179000.0,61000.0,7357.0,29750.0,21970.0,13510.0,15590.0,80100.0,23550.0,30500.0,6267.0,48700.0,47350.0,49850.0,33450.0,9510.0,31600.0,29200.0,69500.0,24050.0,276500.0,20950.0,46150.0,18580.0
2024-02-07,138000.0,5870.0,38200.0,75000.0,28494.0,187100.0,12040.0,6170.0,28750.0,176900.0,60400.0,7185.0,29400.0,21414.0,13390.0,15370.0,71900.0,23100.0,30300.0,5977.0,48500.0,46500.0,49000.0,32500.0,9200.0,30700.0,28550.0,70100.0,23900.0,272500.0,22500.0,44000.0,18010.0
2024-02-08,142800.0,6000.0,38250.0,74100.0,29613.0,186400.0,12940.0,6440.0,30550.0,181100.0,78500.0,7386.0,30350.0,22525.0,13550.0,17400.0,71100.0,23350.0,29750.0,5977.0,48600.0,47500.0,49450.0,32600.0,10600.0,31350.0,30050.0,71100.0,23350.0,271000.0,24650.0,48950.0,18290.0
2024-02-13,150000.0,6160.0,40000.0,75200.0,30391.0,183200.0,13350.0,6650.0,31950.0,182600.0,81000.0,7472.0,32300.0,22824.0,13620.0,18690.0,72800.0,23950.0,31050.0,6362.0,57000.0,47400.0,50300.0,33000.0,11010.0,33200.0,31200.0,73800.0,23850.0,274500.0,28300.0,59300.0,18360.0
2024-02-14,148700.0,6200.0,40300.0,74000.0,30634.0,184900.0,13600.0,6700.0,32000.0,188500.0,79000.0,7481.0,32300.0,22482.0,13840.0,18900.0,74500.0,24200.0,31200.0,6612.0,57800.0,48550.0,50800.0,32850.0,14250.0,35300.0,32700.0,73900.0,24000.0,288000.0,31900.0,61600.0,19910.0
2024-02-15,148700.0,6200.0,39900.0,73000.0,30974.0,182100.0,13290.0,6560.0,31750.0,186100.0,75500.0,7424.0,32800.0,22055.0,13830.0,18710.0,76400.0,23400.0,31600.0,6682.0,54500.0,47600.0,50400.0,33100.0,14160.0,35300.0,32250.0,72600.0,24100.0,287500.0,31950.0,63100.0,19710.0
2024-02-16,146800.0,6240.0,38750.0,72800.0,29175.0,178400.0,13190.0,6430.0,31200.0,178000.0,75400.0,7347.0,32250.0,21670.0,13640.0,18200.0,75000.0,22950.0,31300.0,6422.0,53500.0,47600.0,51000.0,32800.0,14480.0,34200.0,30500.0,71200.0,23450.0,285500.0,30000.0,58500.0,19310.0
2024-02-19,151300.0,7160.0,38600.0,73800.0,29516.0,177900.0,13090.0,6490.0,30900.0,170300.0,74500.0,7405.0,31400.0,21414.0,13640.0,21550.0,74900.0,23700.0,32100.0,6332.0,52700.0,47400.0,50100.0,32000.0,14150.0,34250.0,30050.0,70600.0,23200.0,275000.0,30150.0,56100.0,18980.0
2024-02-20,149600.0,7940.0,38350.0,73300.0,29175.0,176500.0,13180.0,6380.0,31500.0,172400.0,74500.0,7367.0,35750.0,22141.0,13570.0,20350.0,74500.0,23150.0,32300.0,6672.0,54600.0,47950.0,49950.0,30600.0,14010.0,33750.0,33750.0,70700.0,22850.0,276500.0,29950.0,56400.0,19050.0
2024-02-21,149000.0,7900.0,38200.0,73000.0,28154.0,175400.0,13320.0,6310.0,31150.0,172700.0,71600.0,7816.0,36500.0,21927.0,13710.0,20500.0,73200.0,23350.0,32000.0,6767.0,54900.0,49000.0,48000.0,30050.0,13280.0,33400.0,33300.0,69600.0,22650.0,277500.0,32350.0,56300.0,18700.0
2024-02-22,156500.0,8590.0,38200.0,73100.0,30002.0,176700.0,13500.0,6600.0,31900.0,175900.0,76400.0,7778.0,36100.0,22482.0,14020.0,22300.0,75000.0,23100.0,31150.0,6697.0,61300.0,49150.0,48200.0,30150.0,13790.0,32650.0,35100.0,72000.0,23100.0,278000.0,35000.0,57700.0,19070.0
2024-02-23,161400.0,8770.0,36750.0,72900.0,29564.0,177000.0,13330.0,6300.0,32450.0,175000.0,73800.0,7682.0,37300.0,21713.0,13940.0,21200.0,73300.0,22750.0,30900.0,7883.0,59200.0,48050.0,47800.0,29250.0,13460.0,32550.0,34400.0,71100.0,22800.0,273500.0,33300.0,55300.0,20350.0
2024-02-26,161800.0,8490.0,36150.0,72800.0,29175.0,173000.0,13810.0,6140.0,33800.0,182800.0,77700.0,7309.0,37800.0,21286.0,13720.0,20750.0,72900.0,22200.0,31200.0,7548.0,57100.0,46850.0,46500.0,29100.0,12590.0,36100.0,35450.0,70200.0,22600.0,267500.0,33200.0,54400.0,19300.0
2024-02-27,153800.0,8350.0,35200.0,72900.0,28348.0,169300.0,13630.0,6030.0,35100.0,180100.0,82700.0,6840.0,37700.0,20602.0,13310.0,21350.0,69900.0,21450.0,30850.0,7518.0,55000.0,46000.0,45100.0,28450.0,12650.0,39200.0,37200.0,69000.0,22200.0,263000.0,34550.0,53100.0,18050.0
2024-02-28,158000.0,8450.0,36800.0,73200.0,29759.0,169400.0,14010.0,6040.0,40000.0,202000.0,90100.0,6792.0,36650.0,21286.0,13430.0,20750.0,70400.0,21900.0,31350.0,7078.0,54800.0,46300.0,46400.0,29000.0,13400.0,39300.0,38150.0,74800.0,22400.0,267500.0,32900.0,52400.0,18160.0
2024-02-29,156200.0,8720.0,37200.0,73400.0,29710.0,170300.0,13530.0,5980.0,36750.0,204500.0,84800.0,6687.0,37300.0,22141.0,13190.0,20550.0,71900.0,22200.0,31000.0,6762.0,56400.0,47550.0,46150.0,28500.0,13220.0,37550.0,37550.0,76200.0,22250.0,272000.0,32650.0,51400.0,17650.0
2024-03-04,166500.0,9040.0,38350.0,74900.0,35691.0,179100.0,13890.0,6220.0,38050.0,205500.0,95400.0,7108.0,40200.0,23337.0,13540.0,21700.0,75000.0,23500.0,32200.0,7233.0,59200.0,49600.0,48000.0,30100.0,13640.0,40400.0,37000.0,76200.0,23900.0,276000.0,33250.0,56000.0,17890.0
2024-03-05,165800.0,11740.0,37950.0,73700.0,37442.0,187000.0,13570.0,6100.0,37450.0,204500.0,94800.0,6831.0,39850.0,23466.0,13900.0,21950.0,76000.0,23500.0,31850.0,7188.0,56900.0,48800.0,47200.0,29600.0,13840.0,38850.0,36650.0,75900.0,23550.0,277500.0,31800.0,55700.0,17570.0
2024-03-06,162900.0,12070.0,41500.0,72900.0,38122.0,190700.0,13570.0,6070.0,37350.0,206000.0,101400.0,6802.0,40450.0,23124.0,14050.0,23500.0,79000.0,24500.0,34500.0,7283.0,57500.0,48400.0,49400.0,29950.0,14950.0,47600.0,36950.0,74400.0,24100.0,286000.0,33900.0,58000.0,17250.0
2024-03-07,164900.0,12390.0,40250.0,72200.0,37053.0,189800.0,13540.0,6000.0,36650.0,197100.0,98700.0,6840.0,37500.0,22739.0,14130.0,23950.0,80200.0,23600.0,35400.0,7083.0,58100.0,48600.0,48600.0,29650.0,15390.0,46750.0,36800.0,74400.0,23550.0,278500.0,32850.0,56900.0,17450.0
2024-03-08,171900.0,11790.0,40150.0,73300.0,38122.0,187900.0,13870.0,6070.0,36750.0,198100.0,100100.0,6821.0,38150.0,24107.0,15420.0,24000.0,95000.0,24250.0,34700.0,6972.0,59900.0,50000.0,49650.0,29650.0,14740.0,50500.0,36400.0,74400.0,23500.0,278000.0,33450.0,54800.0,19350.0
2024-03-11,166600.0,10400.0,40100.0,72400.0,36226.0,181700.0,13380.0,6030.0,35900.0,185000.0,97400.0,6965.0,36700.0,23209.0,15730.0,23900.0,93700.0,23900.0,34000.0,7443.0,60800.0,48400.0,48800.0,29200.0,14340.0,46400.0,35350.0,74200.0,23350.0,279500.0,31100.0,53900.0,19780.0
2024-03-12,165700.0,10800.0,40500.0,73300.0,36469.0,186000.0,14060.0,6130.0,36100.0,185200.0,98100.0,7060.0,36250.0,24534.0,17650.0,26850.0,97300.0,23750.0,34300.0,7603.0,61600.0,48150.0,48750.0,28750.0,15800.0,44300.0,35450.0,74000.0,23550.0,284500.0,31900.0,55500.0,21750.0
2024-03-13,163600.0,11000.0,39750.0,74100.0,34524.0,191500.0,13920.0,6030.0,35700.0,182900.0,100100.0,7003.0,36500.0,24320.0,17280.0,28150.0,90800.0,23450.0,34950.0,7918.0,59100.0,47350.0,47650.0,29250.0,14970.0,42200.0,33750.0,73300.0,23350.0,288000.0,33000.0,54000.0,20850.0
2024-03-14,161900.0,10470.0,38700.0,74300.0,32287.0,188700.0,13460.0,5980.0,34050.0,174400.0,98900.0,6993.0,34300.0,24149.0,17860.0,29000.0,88200.0,22750.0,33700.0,7853.0,58200.0,46300.0,47700.0,28400.0,15370.0,40750.0,32850.0,70700.0,22750.0,295000.0,30700.0,52100.0,19920.0
2024-03-15,161200.0,10380.0,38650.0,72300.0,32530.0,183700.0,13570.0,5890.0,34100.0,178500.0,96200.0,6869.0,34600.0,23679.0,17070.0,30300.0,90100.0,21900.0,32950.0,7453.0,58700.0,46500.0,47150.0,28650.0,16050.0,41450.0,32800.0,70800.0,22900.0,287500.0,31950.0,52200.0,18910.0
2024-03-18,164300.0,10470.0,39300.0,72800.0,36615.0,187900.0,13470.0,5850.0,34750.0,182300.0,98300.0,6974.0,36400.0,22824.0,16500.0,30300.0,91300.0,22800.0,32750.0,7798.0,61100.0,48950.0,47750.0,28850.0,16180.0,41800.0,34700.0,71400.0,22900.0,295000.0,33200.0,53000.0,18180.0
2024-03-19,160200.0,9790.0,39100.0,72800.0,35642.0,185100.0,13120.0,5730.0,33750.0,181200.0,93400.0,6812.0,35250.0,22953.0,16250.0,28700.0,90200.0,22350.0,32800.0,7563.0,60100.0,49000.0,46350.0,28200.0,15270.0,39700.0,35350.0,69900.0,22800.0,283500.0,31400.0,51800.0,17680.0
2024-03-20,156500.0,9850.0,41150.0,76900.0,35545.0,200000.0,13350.0,5860.0,34450.0,192100.0,93100.0,7300.0,35300.0,23209.0,16530.0,28700.0,89200.0,23950.0,35500.0,7468.0,60400.0,50400.0,49350.0,29250.0,15810.0,39750.0,35200.0,70600.0,23700.0,303500.0,30800.0,51400.0,18410.0
2024-03-21,170000.0,9810.0,47950.0,79300.0,36566.0,210500.0,13850.0,5920.0,35900.0,190500.0,93800.0,7300.0,37450.0,23295.0,16150.0,30600.0,87700.0,24950.0,35900.0,7418.0,60300.0,53600.0,49550.0,31150.0,15070.0,44100.0,34500.0,72100.0,24250.0,313500.0,30850.0,52600.0,19100.0
2024-03-22,169800.0,9600.0,44700.0,78900.0,36615.0,201000.0,13850.0,5820.0,35400.0,190700.0,93800.0,7854.0,36700.0,22055.0,15920.0,31300.0,87300.0,24900.0,34700.0,7078.0,59300.0,52200.0,49450.0,30800.0,14300.0,41650.0,33700.0,70800.0,24300.0,305000.0,29650.0,52700.0,18950.0
2024-03-25,169400.0,9440.0,44000.0,78200.0,36566.0,201500.0,13780.0,5750.0,34900.0,184900.0,97400.0,8524.0,35050.0,21970.0,15780.0,31000.0,88500.0,24400.0,34150.0,6817.0,56000.0,51900.0,47600.0,30750.0,13830.0,40750.0,33450.0,69800.0,23800.0,296500.0,28850.0,54100.0,18180.0
2024-03-26,176600.0,9580.0,43750.0,79900.0,38074.0,199000.0,13910.0,5750.0,36550.0,184500.0,112500.0,8486.0,34700.0,21799.0,16300.0,33000.0,94300.0,25450.0,33850.0,6952.0,55800.0,51200.0,48400.0,30500.0,14350.0,41200.0,32800.0,69500.0,23950.0,294500.0,28150.0,51900.0,18530.0
2024-03-27,181200.0,10560.0,44550.0,79800.0,42547.0,200500.0,13750.0,5760.0,37350.0,187600.0,114400.0,8228.0,35500.0,24064.0,16000.0,35200.0,97800.0,26300.0,34650.0,9038.0,59000.0,53000.0,49100.0,31200.0,13630.0,41150.0,35000.0,70400.0,24100.0,293500.0,28700.0,51500.0,19950.0
2024-03-28,178200.0,11320.0,46600.0,80800.0,43666.0,200500.0,14000.0,6060.0,37150.0,191900.0,134000.0,7854.0,37100.0,24748.0,16240.0,35350.0,99400.0,25900.0,35600.0,10054.0,62600.0,52900.0,51000.0,30800.0,13760.0,42400.0,36100.0,69900.0,23900.0,292500.0,29700.0,53500.0,21100.0
2024-03-29,183000.0,12750.0,48250.0,82400.0,41137.0,204500.0,13720.0,6030.0,36650.0,208500.0,133700.0,7912.0,37700.0,24491.0,16660.0,34600.0,98000.0,26500.0,36850.0,9308.0,61600.0,54900.0,52400.0,31850.0,13670.0,45350.0,35250.0,71500.0,24550.0,312500.0,28600.0,53100.0,20800.0
2024-04-01,185500.0,12210.0,50100.0,82000.0,40262.0,202500.0,14160.0,6140.0,35500.0,197100.0,142300.0,7835.0,36600.0,25047.0,16150.0,33200.0,95100.0,25900.0,38050.0,9559.0,60000.0,54400.0,52800.0,32950.0,13520.0,42150.0,35350.0,71700.0,27000.0,313500.0,29000.0,51500.0,21200.0
2024-04-02,186300.0,11710.0,48950.0,85000.0,39776.0,207000.0,13810.0,6100.0,36750.0,197600.0,145500.0,7682.0,36100.0,24449.0,16200.0,32000.0,97300.0,26050.0,37500.0,9879.0,59200.0,56600.0,52500.0,33000.0,14680.0,41800.0,35000.0,73100.0,26900.0,312000.0,28750.0,52200.0,21100.0
2024-04-03,179200.0,13700.0,47150.0,84100.0,38998.0,209500.0,13280.0,5880.0,35300.0,215500.0,144900.0,7453.0,35500.0,23508.0,15050.0,32850.0,94000.0,25350.0,37450.0,11329.0,59200.0,55400.0,52300.0,31700.0,13810.0,40600.0,34150.0,70500.0,26500.0,310000.0,27200.0,48900.0,21350.0
2024-04-04,188000.0,16140.0,48000.0,85300.0,40797.0,207500.0,13380.0,6180.0,37400.0,259000.0,137300.0,7874.0,36400.0,28467.0,15460.0,35050.0,98500.0,26000.0,37550.0,14706.0,67400.0,59400.0,54700.0,33100.0,13810.0,42600.0,35750.0,70200.0,27000.0,312000.0,28600.0,48150.0,21450.0
2024-04-05,182800.0,15400.0,48450.0,84500.0,39046.0,206500.0,12760.0,6190.0,38400.0,245500.0,135700.0,7682.0,35050.0,27612.0,15090.0,35100.0,100300.0,25550.0,37550.0,15431.0,62600.0,58900.0,54500.0,32600.0,12940.0,40000.0,33800.0,66300.0,26650.0,314500.0,27150.0,46700.0,21050.0
2024-04-08,181200.0,15040.0,46300.0,84500.0,39338.0,198500.0,12410.0,5970.0,36500.0,240000.0,132500.0,7300.0,35100.0,26201.0,15250.0,33250.0,94700.0,25000.0,36350.0,14531.0,58800.0,56800.0,51600.0,31250.0,11940.0,38700.0,33150.0,64600.0,25250.0,308500.0,26200.0,45650.0,19900.0
2024-04-09,182900.0,15700.0,46500.0,83600.0,38900.0,195800.0,12640.0,5900.0,35300.0,251500.0,132900.0,7233.0,35900.0,26073.0,15140.0,33800.0,92200.0,24600.0,36300.0,13155.0,60500.0,57400.0,51800.0,30600.0,11670.0,37500.0,32050.0,64300.0,24900.0,297000.0,26600.0,44350.0,21000.0
2024-04-11,188400.0,17580.0,47950.0,84100.0,41283.0,194300.0,12150.0,6050.0,36000.0,257000.0,141700.0,7233.0,36550.0,26928.0,15170.0,38700.0,96300.0,25600.0,36300.0,13555.0,62000.0,59500.0,53000.0,30600.0,11660.0,38100.0,33950.0,65100.0,25200.0,291000.0,26600.0,42550.0,21200.0
2024-04-12,187400.0,18940.0,46950.0,83700.0,40845.0,191500.0,12010.0,5910.0,36450.0,273000.0,145500.0,7175.0,36100.0,26500.0,15070.0,38600.0,96700.0,27050.0,36250.0,13880.0,63700.0,58500.0,52000.0,30400.0,12220.0,39550.0,34850.0,62600.0,24800.0,298500.0,29150.0,42950.0,21150.0
2024-04-15,188200.0,22650.0,48050.0,82200.0,39387.0,188000.0,11860.0,5870.0,36750.0,260000.0,146300.0,7300.0,35650.0,26244.0,15220.0,38500.0,97000.0,28150.0,35450.0,14406.0,63800.0,58800.0,51100.0,30550.0,11610.0,41500.0,34550.0,62700.0,24300.0,298500.0,28400.0,43600.0,21550.0
2024-04-16,179100.0,19070.0,46100.0,80000.0,36177.0,185100.0,11660.0,5710.0,34950.0,248000.0,140300.0,7127.0,34200.0,25133.0,14820.0,36100.0,92300.0,26350.0,35300.0,13530.0,59200.0,57100.0,48650.0,29400.0,10920.0,39400.0,31700.0,60500.0,23150.0,295000.0,27750.0,41000.0,20300.0
2024-04-17,178700.0,20250.0,46150.0,78900.0,35788.0,188000.0,11800.0,5720.0,34450.0,244000.0,136300.0,7252.0,34150.0,24705.0,15530.0,37200.0,91300.0,28100.0,35950.0,15431.0,60900.0,56700.0,48900.0,29600.0,10920.0,39600.0,32300.0,61000.0,23400.0,303000.0,28950.0,42400.0,21450.0
2024-04-18,182300.0,24300.0,46550.0,79600.0,37976.0,191000.0,11980.0,5880.0,34950.0,246000.0,142600.0,7319.0,34950.0,25090.0,16500.0,38750.0,92300.0,27800.0,35950.0,15606.0,62200.0,56400.0,49500.0,30300.0,12190.0,39100.0,32700.0,62800.0,24000.0,302000.0,29700.0,44000.0,22050.0
2024-04-19,173300.0,21100.0,44350.0,77600.0,37053.0,185700.0,11560.0,5650.0,33250.0,238000.0,136400.0,6917.0,32300.0,23209.0,15520.0,35400.0,85600.0,26200.0,35500.0,14656.0,57900.0,54900.0,47750.0,29500.0,11370.0,36800.0,30000.0,60000.0,22850.0,297500.0,27650.0,43950.0,21300.0
2024-04-22,171600.0,19030.0,43350.0,76100.0,34913.0,190300.0,11570.0,5600.0,32500.0,229500.0,127100.0,6907.0,29900.0,22867.0,14670.0,34100.0,81100.0,26650.0,34100.0,14005.0,54400.0,53400.0,47200.0,29200.0,10900.0,35500.0,27800.0,56700.0,22850.0,288000.0,26450.0,43750.0,19770.0
2024-04-23,171000.0,18830.0,43000.0,75500.0,34329.0,187100.0,11360.0,5550.0,32050.0,224000.0,131400.0,6792.0,29300.0,22611.0,13900.0,31700.0,78000.0,26150.0,33900.0,13755.0,53800.0,51700.0,46850.0,29100.0,10860.0,34100.0,27000.0,57900.0,22800.0,283000.0,26500.0,42100.0,18670.0
2024-04-24,179800.0,19310.0,43750.0,78600.0,36080.0,190800.0,11600.0,5670.0,33150.0,240000.0,142600.0,6955.0,30400.0,24192.0,14240.0,34200.0,79700.0,27550.0,34950.0,12555.0,64200.0,53700.0,49100.0,29650.0,11280.0,34700.0,27900.0,60000.0,23400.0,291500.0,27450.0,42350.0,19150.0
2024-04-25,170600.0,18930.0,42850.0,76300.0,35594.0,189500.0,11690.0,5550.0,34450.0,228000.0,136500.0,6917.0,30400.0,24021.0,14220.0,31600.0,78200.0,28050.0,35150.0,11855.0,67700.0,53500.0,50000.0,29850.0,11810.0,34400.0,27900.0,61400.0,23100.0,288500.0,27050.0,40300.0,18950.0
2024-04-26,177800.0,19400.0,44050.0,76700.0,37101.0,192300.0,11790.0,5630.0,35050.0,239500.0,137200.0,6946.0,30950.0,24021.0,14300.0,32100.0,80200.0,28350.0,35400.0,12055.0,79000.0,54900.0,50200.0,30000.0,11680.0,37200.0,27700.0,65600.0,23300.0,297000.0,26650.0,38700.0,19450.0
2024-04-29,175900.0,21050.0,44200.0,76700.0,37296.0,193900.0,11780.0,5700.0,34150.0,244000.0,137100.0,7051.0,30800.0,23765.0,14430.0,33400.0,81100.0,27600.0,35700.0,15656.0,78300.0,54400.0,51500.0,31200.0,11690.0,37050.0,29350.0,66600.0,23550.0,312000.0,26850.0,40200.0,19350.0
2024-04-30,174200.0,20000.0,43400.0,77500.0,38949.0,193800.0,11840.0,5640.0,34900.0,240500.0,135000.0,7070.0,30600.0,23466.0,14510.0,34750.0,74100.0,28050.0,36100.0,14531.0,83200.0,54200.0,50200.0,30700.0,11860.0,36850.0,28050.0,66000.0,23400.0,302000.0,26150.0,39550.0,19030.0
2024-05-02,173600.0,19250.0,44450.0,78000.0,39289.0,190500.0,11770.0,5650.0,35300.0,240000.0,133000.0,6984.0,29900.0,23807.0,14350.0,34100.0,73300.0,29100.0,35600.0,17007.0,80800.0,54800.0,51000.0,31150.0,11130.0,37450.0,27800.0,64200.0,23600.0,309500.0,26300.0,38700.0,19130.0
2024-05-03,173200.0,19750.0,45200.0,77600.0,37928.0,190000.0,11670.0,5650.0,34350.0,232000.0,130000.0,7089.0,29600.0,23508.0,14350.0,35750.0,78900.0,28850.0,35700.0,16131.0,80000.0,54900.0,50800.0,31050.0,11140.0,36400.0,27800.0,64200.0,22850.0,309000.0,26400.0,38250.0,19140.0
2024-05-07,179600.0,20200.0,46350.0,81300.0,39289.0,193400.0,11860.0,5850.0,34950.0,245000.0,136500.0,7252.0,30200.0,23850.0,14470.0,34900.0,80500.0,29550.0,36000.0,16507.0,79600.0,56700.0,50800.0,32450.0,11220.0,36800.0,28100.0,63900.0,23200.0,315000.0,27600.0,38500.0,19430.0
2024-05-08,178000.0,20100.0,47200.0,81300.0,40262.0,196000.0,11980.0,5860.0,34850.0,250500.0,140800.0,7242.0,29950.0,24021.0,14330.0,32950.0,81300.0,29300.0,36400.0,16156.0,79100.0,56900.0,51200.0,33100.0,11130.0,36250.0,28500.0,63900.0,23500.0,312500.0,27750.0,39300.0,19300.0
2024-05-09,175400.0,18650.0,47800.0,79700.0,41964.0,193700.0,11940.0,5870.0,33600.0,250500.0,141600.0,7108.0,29050.0,23850.0,13950.0,32950.0,80100.0,28750.0,35550.0,15406.0,82500.0,56400.0,49950.0,33350.0,10810.0,34900.0,27350.0,62900.0,23300.0,311000.0,26600.0,37250.0,18930.0
2024-05-10,179900.0,17300.0,46650.0,79200.0,39970.0,186500.0,11710.0,5740.0,32200.0,226500.0,139100.0,6850.0,28100.0,22782.0,13530.0,31000.0,77600.0,27400.0,36250.0,14956.0,75900.0,53100.0,48750.0,32150.0,10470.0,33950.0,26650.0,62000.0,23000.0,309000.0,26000.0,36050.0,18440.0
2024-05-13,183800.0,16880.0,44550.0,78400.0,40165.0,186000.0,11590.0,5840.0,32250.0,221000.0,139700.0,6831.0,28300.0,22739.0,13370.0,32200.0,77800.0,27400.0,36650.0,14281.0,73400.0,54100.0,48500.0,31450.0,10590.0,33350.0,27050.0,64200.0,23000.0,296000.0,25650.0,36800.0,18200.0
2024-05-14,185300.0,17540.0,44300.0,78300.0,41575.0,185000.0,11610.0,5930.0,32400.0,220000.0,141800.0,6850.0,28300.0,23209.0,13550.0,35050.0,77900.0,27500.0,37050.0,13755.0,71500.0,53400.0,49150.0,31750.0,10370.0,33350.0,28250.0,65400.0,23350.0,296500.0,25600.0,36850.0,18900.0
2024-05-16,193000.0,18670.0,44350.0,78200.0,49404.0,185100.0,11990.0,5900.0,33350.0,225500.0,144100.0,6936.0,29000.0,22739.0,14270.0,36950.0,79800.0,28300.0,35900.0,13955.0,72900.0,53500.0,50900.0,34000.0,10770.0,33650.0,31000.0,67000.0,24500.0,298000.0,26350.0,41200.0,19950.0
2024-05-17,189900.0,19590.0,43450.0,77400.0,47945.0,182700.0,11920.0,5810.0,32750.0,221000.0,139900.0,6859.0,26350.0,22611.0,14280.0,37200.0,77400.0,27000.0,36100.0,14281.0,69500.0,54100.0,50600.0,33450.0,10310.0,33050.0,29100.0,65700.0,24500.0,304000.0,25150.0,41250.0,19820.0
2024-05-20,190100.0,18900.0,43200.0,78900.0,49793.0,179300.0,12030.0,5790.0,32750.0,238500.0,141300.0,6840.0,26550.0,19533.0,14070.0,41000.0,80000.0,26700.0,34900.0,13205.0,69500.0,52800.0,49750.0,33800.0,10130.0,35600.0,27150.0,66500.0,24100.0,312500.0,24100.0,41800.0,19990.0
2024-05-21,192000.0,19950.0,44150.0,78400.0,51543.0,175700.0,12430.0,5830.0,32700.0,236500.0,140200.0,6831.0,26150.0,20516.0,16970.0,39450.0,80200.0,27700.0,34000.0,13555.0,69000.0,51900.0,49700.0,34450.0,10170.0,37200.0,26750.0,67000.0,24150.0,324500.0,24400.0,42400.0,19370.0
2024-05-22,197700.0,19790.0,44550.0,77700.0,50960.0,176000.0,12250.0,5810.0,33600.0,233000.0,147300.0,6706.0,26250.0,20046.0,17080.0,39700.0,80000.0,27000.0,33450.0,12805.0,73300.0,51100.0,49200.0,33850.0,10360.0,37800.0,25250.0,70800.0,23900.0,321500.0,24050.0,41600.0,18980.0
2024-05-23,200000.0,19800.0,43650.0,78300.0,50668.0,179000.0,12100.0,5820.0,33300.0,223500.0,146400.0,6706.0,26450.0,19961.0,17610.0,39700.0,79900.0,27000.0,33550.0,13030.0,71500.0,54200.0,49850.0,33750.0,10150.0,38150.0,25050.0,70800.0,24600.0,317500.0,24350.0,41750.0,18930.0
2024-05-24,198600.0,19170.0,41800.0,75900.0,48917.0,173900.0,12410.0,5590.0,33650.0,209500.0,147700.0,6505.0,25500.0,19362.0,16700.0,38950.0,76900.0,26450.0,33800.0,12905.0,62400.0,52400.0,48750.0,32700.0,9960.0,37150.0,24550.0,70300.0,23500.0,304000.0,24200.0,38800.0,18250.0
2024-05-27,201500.0,18970.0,42700.0,77200.0,49015.0,177300.0,12420.0,5640.0,33450.0,221000.0,152200.0,6601.0,26150.0,19277.0,18730.0,40900.0,76800.0,26650.0,34650.0,13855.0,63400.0,53200.0,48750.0,32600.0,9890.0,37650.0,24400.0,71400.0,23350.0,308500.0,24100.0,42300.0,18940.0
2024-05-28,202500.0,17860.0,44350.0,77600.0,48139.0,181800.0,12370.0,5720.0,33500.0,218000.0,163000.0,6601.0,25700.0,19405.0,18240.0,43500.0,75800.0,28700.0,35150.0,13880.0,61100.0,54400.0,48600.0,33350.0,9900.0,37950.0,24650.0,70200.0,23350.0,343500.0,24600.0,45200.0,20000.0
2024-05-29,202500.0,17330.0,43000.0,75200.0,47604.0,177100.0,12440.0,5610.0,33750.0,206500.0,169200.0,6496.0,25650.0,18807.0,17400.0,41750.0,76400.0,29800.0,35100.0,13180.0,58200.0,53000.0,47350.0,33450.0,9900.0,37600.0,24050.0,68900.0,23700.0,330500.0,25250.0,43550.0,20850.0
2024-05-30,195700.0,18130.0,42550.0,73500.0,47167.0,181100.0,12260.0,5500.0,32850.0,203000.0,165300.0,6525.0,24500.0,18379.0,16460.0,40400.0,73500.0,30850.0,34700.0,12380.0,57800.0,51000.0,46100.0,34600.0,9520.0,38000.0,23600.0,68400.0,23150.0,325500.0,24900.0,42250.0,18830.0
2024-05-31,189200.0,21000.0,41950.0,73500.0,46681.0,189500.0,11970.0,5400.0,32750.0,197200.0,161700.0,6467.0,24350.0,18080.0,15910.0,43300.0,76000.0,30150.0,35600.0,12630.0,57400.0,50300.0,46000.0,33650.0,9530.0,37450.0,23500.0,65800.0,23150.0,329500.0,23700.0,42550.0,19250.0
2024-06-03,194200.0,19810.0,42650.0,75700.0,46826.0,183000.0,11990.0,5450.0,32600.0,204500.0,146700.0,6467.0,24500.0,18208.0,15650.0,43350.0,75100.0,30100.0,34800.0,12355.0,60700.0,49400.0,47000.0,34150.0,9560.0,38900.0,23950.0,64800.0,23300.0,322500.0,24700.0,41400.0,18370.0
2024-06-04,193300.0,20800.0,42100.0,75300.0,46729.0,182200.0,11740.0,5330.0,31850.0,201500.0,148600.0,6534.0,23750.0,18123.0,15050.0,42550.0,72100.0,29400.0,34200.0,12080.0,59200.0,49750.0,46950.0,33100.0,9230.0,38450.0,23550.0,66100.0,23050.0,313500.0,24300.0,40350.0,17880.0
2024-06-05,193700.0,22200.0,42500.0,77400.0,47604.0,181100.0,11740.0,5450.0,33450.0,202000.0,155800.0,6630.0,24600.0,18294.0,14750.0,44400.0,72100.0,29400.0,33800.0,12055.0,58700.0,49000.0,46400.0,32650.0,11280.0,41150.0,24200.0,65500.0,22850.0,313000.0,24300.0,39850.0,17380.0
2024-06-07,207500.0,20300.0,43500.0,77300.0,46194.0,187900.0,11700.0,5460.0,35500.0,198200.0,156800.0,6544.0,24900.0,18892.0,14950.0,44200.0,72000.0,33100.0,35500.0,12030.0,58000.0,52300.0,46700.0,33050.0,11470.0,43800.0,24700.0,65700.0,22850.0,312500.0,24650.0,39800.0,17580.0
2024-06-10,208000.0,21250.0,43200.0,75700.0,47459.0,186800.0,11510.0,5420.0,34200.0,198200.0,160000.0,6419.0,24550.0,19362.0,14980.0,46450.0,72300.0,32900.0,35750.0,12355.0,57400.0,53600.0,45400.0,32450.0,11260.0,42850.0,24350.0,66300.0,22850.0,315000.0,24800.0,40200.0,17550.0
2024-06-11,212500.0,21800.0,42300.0,75200.0,46632.0,182200.0,11590.0,5320.0,33850.0,193100.0,159300.0,6381.0,24200.0,19362.0,14800.0,43750.0,70300.0,31950.0,35500.0,12205.0,56000.0,52900.0,45350.0,31900.0,10770.0,41500.0,23650.0,67200.0,22400.0,313000.0,23450.0,40000.0,17620.0
2024-06-12,215000.0,20850.0,42500.0,76500.0,47021.0,176000.0,11710.0,5370.0,36050.0,193000.0,173900.0,6343.0,24000.0,19148.0,14710.0,44050.0,71500.0,32100.0,36400.0,13630.0,55600.0,52900.0,46950.0,33900.0,10660.0,40600.0,23450.0,66800.0,22950.0,315000.0,23400.0,40250.0,17580.0
2024-06-13,222000.0,22150.0,42050.0,78600.0,49404.0,176000.0,11600.0,5360.0,36100.0,188500.0,189000.0,6352.0,24100.0,19148.0,14610.0,43900.0,70800.0,32200.0,36550.0,13555.0,56700.0,52100.0,46200.0,36000.0,11140.0,42800.0,25600.0,69400.0,23050.0,308000.0,23750.0,39200.0,17410.0
2024-06-14,221000.0,20950.0,41350.0,79600.0,49987.0,174500.0,11470.0,5290.0,34400.0,197700.0,179900.0,6171.0,23250.0,18721.0,14140.0,43500.0,71100.0,31650.0,36450.0,13080.0,56600.0,58800.0,44300.0,35850.0,10840.0,43600.0,26000.0,68600.0,22400.0,305000.0,21400.0,38050.0,17390.0
2024-06-17,223000.0,20650.0,40750.0,78100.0,50960.0,175700.0,11490.0,5340.0,34750.0,195600.0,180100.0,6142.0,23150.0,18892.0,14340.0,45700.0,68600.0,31250.0,35650.0,13430.0,56100.0,59200.0,45250.0,36100.0,10800.0,43300.0,24700.0,69000.0,22350.0,303000.0,21700.0,38950.0,17000.0
2024-06-18,234500.0,21800.0,42200.0,79800.0,54558.0,185800.0,11410.0,5390.0,35700.0,188300.0,179500.0,6123.0,22900.0,19961.0,14520.0,49700.0,68200.0,30900.0,35950.0,13405.0,56700.0,60900.0,44500.0,36150.0,10920.0,45100.0,24700.0,72600.0,21950.0,308500.0,21550.0,38450.0,16740.0
2024-06-19,233500.0,24200.0,42850.0,81200.0,53099.0,185900.0,11430.0,5780.0,36600.0,182900.0,177000.0,6018.0,22950.0,19874.0,14400.0,51600.0,68100.0,30900.0,34750.0,13505.0,55500.0,60600.0,44650.0,36900.0,11400.0,45400.0,24800.0,71600.0,22200.0,315500.0,23000.0,41150.0,16800.0
2024-06-20,237500.0,23500.0,41800.0,81600.0,52127.0,186600.0,11290.0,5910.0,35050.0,179700.0,179300.0,6075.0,22500.0,19656.0,14200.0,51900.0,66800.0,30150.0,34800.0,13005.0,53400.0,60600.0,46850.0,36000.0,10820.0,48150.0,23650.0,74600.0,22350.0,313000.0,22400.0,39650.0,16520.0
2024-06-21,234000.0,25900.0,40250.0,80000.0,51543.0,185900.0,11150.0,5750.0,34800.0,175600.0,180300.0,5874.0,21700.0,19221.0,14160.0,51200.0,65000.0,29150.0,34000.0,12105.0,54900.0,59400.0,45750.0,35200.0,10250.0,44800.0,22550.0,70300.0,21750.0,301000.0,21650.0,40300.0,16100.0
2024-06-24,223000.0,28700.0,39900.0,80600.0,50668.0,182700.0,10840.0,5480.0,33800.0,176300.0,175400.0,5826.0,21550.0,18395.0,13900.0,53600.0,64700.0,29050.0,32950.0,11504.0,55800.0,57900.0,44600.0,34650.0,10980.0,42650.0,22250.0,67600.0,21150.0,296000.0,20900.0,40150.0,15650.0
2024-06-25,225000.0,27050.0,39300.0,80800.0,50765.0,177100.0,10820.0,5420.0,33900.0,171800.0,172900.0,5903.0,21600.0,17873.0,13840.0,52400.0,65700.0,28550.0,32150.0,11179.0,54100.0,58800.0,44150.0,35000.0,11490.0,43700.0,22200.0,67200.0,21300.0,290000.0,20750.0,41450.0,15760.0
2024-06-26,237000.0,28650.0,40350.0,81300.0,52418.0,181200.0,10890.0,5530.0,34100.0,176700.0,179800.0,5893.0,21250.0,18047.0,14380.0,54500.0,65300.0,29200.0,33100.0,11029.0,59200.0,63900.0,45100.0,35350.0,12270.0,44900.0,22400.0,67000.0,21550.0,291000.0,20750.0,40400.0,16300.0
2024-06-27,236500.0,27650.0,40100.0,81600.0,50376.0,177500.0,10660.0,5400.0,34700.0,186000.0,173700.0,5817.0,21350.0,17612.0,14320.0,59100.0,63700.0,28750.0,32900.0,11254.0,57300.0,63600.0,44900.0,35000.0,11670.0,45800.0,23000.0,66300.0,21150.0,291500.0,20400.0,39150.0,16210.0
2024-06-28,236500.0,26600.0,40050.0,81500.0,57086.0,182700.0,10660.0,5450.0,37350.0,186900.0,172300.0,5912.0,27750.0,17830.0,14600.0,63800.0,65500.0,28700.0,33650.0,11704.0,60100.0,65400.0,45650.0,36000.0,13070.0,45350.0,22950.0,69500.0,21650.0,290500.0,20800.0,39150.0,16210.0
2024-07-01,235500.0,24800.0,40200.0,81800.0,55141.0,183700.0,11010.0,5470.0,38300.0,182600.0,170800.0,5912.0,25700.0,17917.0,14470.0,57700.0,64400.0,28400.0,33250.0,12080.0,59300.0,65700.0,46100.0,36100.0,14010.0,42450.0,23300.0,67300.0,22050.0,294500.0,21500.0,38900.0,16200.0
2024-07-02,232000.0,24300.0,38500.0,81800.0,56017.0,175000.0,10760.0,5280.0,37650.0,175600.0,168600.0,5807.0,24100.0,17299.0,14180.0,60700.0,62200.0,27450.0,32550.0,11504.0,52500.0,64900.0,44750.0,35500.0,14210.0,42800.0,22550.0,66100.0,21600.0,287500.0,20600.0,38350.0,15770.0
2024-07-03,236000.0,22900.0,38400.0,81800.0,56017.0,174000.0,10350.0,5140.0,37800.0,173900.0,166800.0,5750.0,22900.0,17003.0,14080.0,67300.0,60600.0,27050.0,31500.0,11805.0,52100.0,62400.0,43800.0,34250.0,14850.0,44700.0,22150.0,63200.0,21200.0,280500.0,20400.0,36550.0,15520.0
2024-07-04,230000.0,25500.0,40000.0,84600.0,54363.0,187900.0,10400.0,5400.0,37150.0,200000.0,160200.0,5960.0,22700.0,17656.0,14240.0,66800.0,61200.0,29150.0,33500.0,12105.0,57000.0,64000.0,45600.0,35100.0,15530.0,45600.0,26600.0,64400.0,21600.0,295500.0,21400.0,37350.0,16280.0
2024-07-05,236000.0,22950.0,40500.0,87100.0,55141.0,187900.0,10240.0,5330.0,35250.0,197300.0,165400.0,5874.0,22550.0,17317.0,14000.0,65500.0,60400.0,29650.0,34350.0,11279.0,54400.0,63600.0,44950.0,34900.0,15560.0,45700.0,26850.0,63300.0,22000.0,300000.0,21600.0,38700.0,16210.0
2024-07-08,233500.0,22650.0,40400.0,87400.0,53974.0,185900.0,10300.0,5340.0,35100.0,202500.0,162500.0,5951.0,22550.0,17395.0,14130.0,67200.0,60500.0,28850.0,34000.0,11254.0,52900.0,65200.0,46250.0,35000.0,14830.0,47000.0,26450.0,65100.0,21850.0,297000.0,21750.0,40250.0,16400.0
2024-07-09,238500.0,22600.0,39750.0,87800.0,54461.0,184100.0,10300.0,5370.0,35800.0,210000.0,164100.0,6084.0,23250.0,17395.0,14040.0,68400.0,63000.0,28800.0,33600.0,11729.0,53700.0,63300.0,45600.0,34750.0,14490.0,52400.0,26700.0,65400.0,22300.0,293500.0,22150.0,40200.0,16100.0
2024-07-10,239000.0,21900.0,38650.0,87800.0,54461.0,180000.0,10190.0,5230.0,35550.0,203500.0,162400.0,6037.0,22600.0,16934.0,13880.0,67300.0,62200.0,28400.0,33100.0,11504.0,51900.0,60000.0,44900.0,34800.0,14510.0,52800.0,25450.0,64000.0,24900.0,290000.0,21300.0,39800.0,15750.0
2024-07-11,241000.0,21950.0,38600.0,87600.0,54947.0,184600.0,10220.0,5260.0,36250.0,206000.0,161000.0,5941.0,22500.0,17308.0,13670.0,68700.0,62300.0,28750.0,33200.0,11154.0,51800.0,59000.0,44600.0,34350.0,13480.0,56500.0,26250.0,65100.0,24500.0,287000.0,20950.0,42850.0,15970.0
2024-07-12,233000.0,20150.0,38300.0,84400.0,51640.0,185500.0,10110.0,5130.0,35000.0,204500.0,160500.0,5874.0,21750.0,16899.0,13750.0,65700.0,60200.0,28250.0,32850.0,10629.0,50200.0,58000.0,44450.0,33750.0,13090.0,52700.0,26000.0,63800.0,24000.0,288000.0,20200.0,42350.0,15740.0
2024-07-15,230000.0,19990.0,38900.0,86700.0,51349.0,185300.0,10010.0,5190.0,34600.0,210000.0,157900.0,5884.0,21600.0,17317.0,13740.0,63600.0,59000.0,28400.0,32950.0,10754.0,49850.0,58000.0,45150.0,34850.0,13350.0,52000.0,25600.0,61500.0,24200.0,293000.0,21600.0,41300.0,15850.0
2024-07-16,233000.0,20150.0,38600.0,87700.0,52029.0,181900.0,9970.0,5180.0,34600.0,207500.0,168100.0,5884.0,21600.0,17743.0,13700.0,61800.0,59800.0,28100.0,32400.0,10579.0,48700.0,57900.0,45200.0,35050.0,13040.0,53400.0,26500.0,62600.0,23900.0,284500.0,20300.0,40550.0,15600.0
2024-07-17,220500.0,18550.0,37500.0,86700.0,48480.0,178300.0,9650.0,5030.0,33000.0,191600.0,159400.0,5788.0,20450.0,17525.0,13070.0,52700.0,56100.0,27400.0,31650.0,9949.0,48200.0,56300.0,44650.0,33400.0,12410.0,46550.0,24550.0,59600.0,22900.0,280500.0,20050.0,37200.0,14880.0
2024-07-18,212500.0,18620.0,37550.0,86900.0,47604.0,178200.0,9500.0,5120.0,31150.0,195000.0,153500.0,5683.0,20100.0,17438.0,13020.0,53500.0,56200.0,26550.0,31900.0,9469.0,47100.0,54000.0,42250.0,32400.0,13320.0,44150.0,26450.0,58600.0,22600.0,281000.0,19370.0,36950.0,14700.0
2024-07-19,209500.0,18350.0,37600.0,84400.0,47507.0,181000.0,9660.0,4945.0,31550.0,202000.0,151000.0,5520.0,20600.0,17743.0,12700.0,52500.0,55200.0,26750.0,31850.0,9664.0,48000.0,53700.0,40750.0,31750.0,14450.0,43100.0,25450.0,59300.0,22500.0,281000.0,19080.0,36300.0,14740.0
2024-07-22,205000.0,18640.0,36500.0,83000.0,45902.0,176100.0,9570.0,4850.0,30000.0,192800.0,145400.0,5319.0,19680.0,17003.0,12570.0,51500.0,53600.0,26100.0,30950.0,9589.0,46350.0,51200.0,40800.0,30500.0,13880.0,41000.0,23550.0,56900.0,21550.0,275000.0,17910.0,34750.0,14100.0
2024-07-23,205000.0,17700.0,35850.0,83900.0,45562.0,174900.0,9890.0,4810.0,30250.0,191000.0,145500.0,5310.0,19100.0,16838.0,12500.0,50100.0,52700.0,26350.0,31050.0,9454.0,44800.0,51600.0,40550.0,30100.0,13540.0,40400.0,23800.0,57300.0,21750.0,264500.0,18430.0,34100.0,13800.0
2024-07-24,208500.0,17740.0,36000.0,82000.0,46048.0,172400.0,9810.0,4770.0,30400.0,194600.0,143400.0,5281.0,19010.0,16777.0,12400.0,54500.0,52700.0,26150.0,31250.0,9328.0,45400.0,51400.0,40450.0,30900.0,13500.0,41200.0,23750.0,57100.0,22800.0,259500.0,18390.0,32800.0,14000.0
2024-07-25,190000.0,16620.0,35000.0,80400.0,41769.0,163700.0,9650.0,4700.0,27950.0,175200.0,135500.0,5176.0,18110.0,15986.0,12120.0,49250.0,50200.0,25850.0,30750.0,8993.0,42850.0,48350.0,39300.0,29900.0,12800.0,40100.0,22450.0,55600.0,21700.0,255000.0,18000.0,32550.0,13660.0
2024-07-26,191800.0,16550.0,35200.0,80900.0,42742.0,163200.0,9580.0,4715.0,28550.0,171200.0,137500.0,5176.0,18000.0,16255.0,11960.0,51600.0,50100.0,26200.0,30900.0,8878.0,50000.0,47400.0,38300.0,30250.0,12700.0,40700.0,23150.0,57000.0,22200.0,258000.0,17930.0,32000.0,13700.0
2024-07-29,195600.0,17600.0,35650.0,81200.0,42839.0,161400.0,9580.0,4770.0,28550.0,172200.0,137400.0,5176.0,18270.0,16621.0,12050.0,53500.0,49000.0,26300.0,31000.0,9338.0,48150.0,48450.0,36200.0,30600.0,13360.0,40750.0,22850.0,56000.0,22150.0,254000.0,18030.0,32700.0,13950.0
2024-07-30,188900.0,16400.0,34850.0,81000.0,42110.0,159000.0,9270.0,4665.0,27500.0,163500.0,128700.0,5166.0,18060.0,16142.0,11780.0,53000.0,48900.0,25850.0,30500.0,8828.0,47600.0,46500.0,35300.0,29500.0,12610.0,40800.0,21850.0,55400.0,21600.0,251500.0,17610.0,32000.0,13380.0
2024-07-31,194600.0,18290.0,36150.0,83900.0,43909.0,162700.0,9340.0,4750.0,28550.0,175700.0,131200.0,5262.0,19490.0,16786.0,12090.0,54500.0,49300.0,27100.0,31750.0,9303.0,50800.0,50300.0,36250.0,30300.0,13230.0,43400.0,23300.0,56000.0,22100.0,263500.0,18020.0,32450.0,13750.0
2024-08-01,193300.0,18110.0,36050.0,83100.0,42888.0,164500.0,9380.0,4760.0,29650.0,174600.0,127300.0,5338.0,19910.0,17569.0,12010.0,51400.0,51400.0,27050.0,31650.0,9399.0,49900.0,50300.0,35400.0,30250.0,12950.0,41200.0,22700.0,57500.0,22300.0,262500.0,18340.0,31650.0,13850.0
2024-08-02,173200.0,15950.0,34200.0,79600.0,37539.0,153700.0,8870.0,4455.0,26550.0,159900.0,115400.0,5022.0,18440.0,16690.0,11450.0,43850.0,49050.0,24700.0,29650.0,8518.0,46950.0,43850.0,33300.0,28300.0,11640.0,38100.0,20600.0,54500.0,21050.0,251500.0,16970.0,29350.0,12910.0
2024-08-05,156100.0,13530.0,29650.0,71400.0,32336.0,138900.0,7470.0,3700.0,23200.0,136400.0,102600.0,4090.0,15150.0,13872.0,9400.0,39150.0,42550.0,21800.0,26950.0,7113.0,38800.0,41000.0,28050.0,23800.0,9620.0,33150.0,16860.0,45000.0,18580.0,222500.0,13810.0,23450.0,10270.0
2024-08-06,163700.0,14750.0,31600.0,72500.0,34816.0,152000.0,7810.0,3985.0,25100.0,149000.0,107600.0,4468.0,16270.0,14890.0,9600.0,40650.0,47750.0,22500.0,27050.0,7513.0,41600.0,41600.0,28500.0,24600.0,10060.0,34750.0,17770.0,48500.0,19450.0,237500.0,15070.0,25900.0,10800.0
2024-08-07,169300.0,15130.0,32250.0,74700.0,36275.0,151300.0,7960.0,4030.0,25850.0,156200.0,107900.0,4425.0,16320.0,15160.0,9710.0,42950.0,49550.0,22200.0,26500.0,7598.0,42700.0,40300.0,28250.0,22550.0,10520.0,37550.0,18770.0,48950.0,20300.0,238000.0,14920.0,26150.0,11440.0
2024-08-08,163400.0,14750.0,31300.0,73400.0,36955.0,146000.0,7810.0,4070.0,26900.0,151800.0,104900.0,4425.0,16110.0,14420.0,9930.0,40150.0,53700.0,22100.0,28000.0,7518.0,42050.0,38050.0,27450.0,21550.0,10040.0,38700.0,18490.0,47000.0,20600.0,234000.0,14670.0,26050.0,11420.0
2024-08-09,171500.0,15020.0,32550.0,74700.0,38025.0,152000.0,8000.0,4095.0,27500.0,157300.0,108500.0,4515.0,16400.0,15000.0,10210.0,41500.0,55200.0,23200.0,30400.0,7738.0,44750.0,40200.0,28250.0,22100.0,10330.0,37650.0,19330.0,48100.0,21250.0,242500.0,14900.0,26400.0,11280.0
2024-08-12,177000.0,15520.0,32600.0,75500.0,39289.0,156500.0,8240.0,4200.0,27900.0,158400.0,114200.0,4649.0,16650.0,14930.0,10440.0,42800.0,55200.0,23500.0,30200.0,7908.0,45700.0,40500.0,29550.0,22650.0,10500.0,38900.0,19370.0,50300.0,21350.0,245500.0,15100.0,27100.0,11830.0
2024-08-13,181900.0,15310.0,32450.0,76100.0,38220.0,157400.0,8160.0,4060.0,27400.0,160500.0,113200.0,4654.0,16400.0,14690.0,10410.0,41950.0,53100.0,23700.0,29500.0,7838.0,45000.0,40100.0,29500.0,22250.0,10150.0,36750.0,19300.0,51100.0,21150.0,243000.0,15040.0,26600.0,11650.0
2024-08-14,186700.0,15820.0,33150.0,77200.0,39143.0,151800.0,8440.0,4150.0,28150.0,162800.0,118500.0,4822.0,16700.0,15350.0,10670.0,43050.0,56900.0,26050.0,29800.0,8208.0,48900.0,41250.0,29950.0,22750.0,10500.0,36350.0,19700.0,52800.0,21200.0,249500.0,15270.0,28450.0,12000.0
2024-08-16,199700.0,16630.0,33600.0,80200.0,43763.0,149400.0,8510.0,4175.0,29450.0,174800.0,127700.0,4927.0,16830.0,15180.0,10780.0,48900.0,57700.0,27400.0,29450.0,8288.0,50100.0,41450.0,30400.0,23500.0,10440.0,39450.0,19980.0,51800.0,21850.0,256500.0,15820.0,29400.0,11890.0
2024-08-19,193900.0,16490.0,33050.0,78300.0,42207.0,146900.0,8400.0,4100.0,28300.0,173700.0,124900.0,4812.0,15420.0,14200.0,10540.0,47500.0,57600.0,27450.0,29350.0,8008.0,50400.0,40400.0,29500.0,22800.0,10110.0,39000.0,19330.0,51800.0,21250.0,254000.0,15360.0,28600.0,11530.0
2024-08-20,199700.0,16450.0,33800.0,78900.0,44395.0,151700.0,9190.0,4200.0,29800.0,180700.0,125500.0,4975.0,16490.0,14820.0,10800.0,46800.0,59000.0,27700.0,29750.0,8253.0,53100.0,39450.0,29900.0,23400.0,10450.0,40550.0,20100.0,51800.0,21350.0,256000.0,16500.0,30650.0,11880.0
2024-08-21,192600.0,16450.0,33750.0,78300.0,42888.0,149800.0,8990.0,4150.0,29050.0,183400.0,124800.0,4975.0,17270.0,14420.0,10680.0,46600.0,57100.0,27700.0,29000.0,8178.0,52100.0,39150.0,30100.0,23000.0,10230.0,40250.0,20400.0,51400.0,21300.0,253500.0,16000.0,30850.0,11820.0
2024-08-22,191100.0,15820.0,33100.0,78300.0,41672.0,147400.0,8750.0,4145.0,28250.0,178000.0,120700.0,4869.0,17200.0,14030.0,10540.0,45200.0,56300.0,27250.0,28900.0,8163.0,50500.0,37850.0,30100.0,22800.0,10050.0,39100.0,20600.0,50500.0,20850.0,246500.0,15740.0,30250.0,11480.0
2024-08-23,185500.0,15960.0,32450.0,77700.0,43471.0,147600.0,8700.0,4075.0,28100.0,178000.0,117800.0,4802.0,17560.0,13670.0,10410.0,45900.0,55700.0,27000.0,28750.0,8253.0,49600.0,37950.0,29700.0,22450.0,10050.0,38650.0,20250.0,50400.0,20500.0,244500.0,15520.0,30000.0,11470.0
2024-08-26,179600.0,14890.0,31750.0,76100.0,41867.0,145000.0,8490.0,4020.0,27750.0,169200.0,115400.0,4616.0,16890.0,13300.0,10150.0,42750.0,54100.0,26900.0,28400.0,8148.0,47950.0,36900.0,29500.0,22000.0,9780.0,37800.0,21000.0,49800.0,19800.0,236000.0,15000.0,29350.0,11280.0
2024-08-27,175000.0,14780.0,31600.0,75800.0,41867.0,142100.0,8440.0,4015.0,27300.0,165200.0,115100.0,4616.0,16550.0,12980.0,10170.0,41900.0,52700.0,26750.0,28300.0,8353.0,48800.0,36450.0,29500.0,21650.0,9760.0,36900.0,20800.0,48900.0,19910.0,232000.0,14870.0,29000.0,11520.0
2024-08-28,179300.0,14830.0,31700.0,76400.0,44395.0,141800.0,8470.0,4065.0,28050.0,172500.0,122800.0,4625.0,16390.0,13120.0,10240.0,43950.0,55300.0,27150.0,28100.0,7908.0,50900.0,36800.0,29350.0,21750.0,9890.0,37200.0,20850.0,49450.0,20250.0,236000.0,14930.0,29850.0,11510.0
2024-08-29,169700.0,13520.0,30800.0,74000.0,39824.0,139500.0,8220.0,3960.0,26900.0,167700.0,111200.0,4511.0,15680.0,12570.0,10150.0,40000.0,54900.0,26800.0,27950.0,7498.0,49500.0,34550.0,28850.0,21050.0,9310.0,33750.0,20000.0,48200.0,19500.0,227000.0,14420.0,28800.0,11120.0
2024-08-30,173700.0,13610.0,31300.0,74300.0,40262.0,144200.0,8300.0,3970.0,26900.0,171900.0,114500.0,4573.0,15820.0,12680.0,10250.0,40950.0,54200.0,26800.0,28700.0,7673.0,48700.0,34450.0,29450.0,21250.0,9290.0,35450.0,19550.0,48200.0,20000.0,237000.0,14440.0,29650.0,11170.0
2024-09-02,174000.0,12900.0,30750.0,74400.0,39095.0,141000.0,8280.0,3930.0,26000.0,163900.0,111400.0,4381.0,15160.0,12230.0,10020.0,38600.0,54300.0,25800.0,28700.0,7418.0,48550.0,33150.0,29550.0,21100.0,9000.0,34050.0,18680.0,46950.0,19890.0,234000.0,14090.0,29000.0,10710.0
2024-09-03,168300.0,12710.0,30050.0,72500.0,37490.0,139300.0,8070.0,3830.0,25250.0,161000.0,108600.0,4353.0,14960.0,12670.0,9720.0,36700.0,53100.0,25100.0,27700.0,7468.0,46450.0,33400.0,29300.0,20400.0,8630.0,33800.0,18170.0,46800.0,19250.0,229500.0,13820.0,27900.0,10580.0
2024-09-04,154800.0,11770.0,28500.0,70000.0,34573.0,135600.0,7680.0,3595.0,23750.0,149200.0,101000.0,4128.0,13960.0,11960.0,9230.0,33400.0,49350.0,24150.0,26900.0,7153.0,43300.0,31600.0,27350.0,19180.0,8120.0,32650.0,17150.0,43600.0,18270.0,221000.0,12750.0,25700.0,10110.0
2024-09-05,159400.0,11920.0,28200.0,69000.0,33308.0,131000.0,7630.0,3560.0,23350.0,147300.0,99800.0,4080.0,13830.0,11430.0,9150.0,33200.0,48700.0,24000.0,26800.0,6877.0,42950.0,30450.0,26950.0,18290.0,7920.0,30900.0,16330.0,42850.0,18030.0,216500.0,12750.0,25300.0,9770.0
2024-09-06,156400.0,11320.0,27550.0,68900.0,32239.0,128900.0,7430.0,3445.0,22800.0,140100.0,96500.0,3917.0,13390.0,11140.0,8800.0,31700.0,46800.0,23200.0,26150.0,6377.0,41500.0,29850.0,26350.0,17580.0,7720.0,30450.0,15640.0,41650.0,17520.0,215500.0,12130.0,24550.0,9680.0
2024-09-09,157000.0,12530.0,28350.0,67500.0,32871.0,125500.0,7560.0,3490.0,22700.0,138600.0,97600.0,3951.0,13410.0,11220.0,8650.0,33100.0,47750.0,23100.0,26050.0,6637.0,41400.0,29650.0,26750.0,17990.0,8160.0,30600.0,15730.0,42000.0,17970.0,219000.0,12500.0,24450.0,9800.0
2024-09-10,155500.0,13010.0,27350.0,66200.0,32871.0,122500.0,7480.0,3460.0,22300.0,139200.0,96400.0,3903.0,13290.0,10810.0,8480.0,33650.0,48000.0,22700.0,25300.0,7328.0,40850.0,28650.0,26200.0,17900.0,8200.0,31700.0,15590.0,41950.0,17750.0,216500.0,12280.0,24050.0,9450.0
2024-09-11,157200.0,12940.0,27200.0,64900.0,33211.0,121900.0,7430.0,3560.0,22250.0,139300.0,96300.0,3884.0,13390.0,10900.0,8380.0,34250.0,48500.0,22700.0,25300.0,8878.0,40550.0,28700.0,26100.0,17570.0,8120.0,31800.0,15520.0,43100.0,17780.0,218500.0,12340.0,24100.0,9390.0
2024-09-12,168800.0,14410.0,28500.0,66300.0,35740.0,124800.0,7780.0,3695.0,24400.0,148800.0,101400.0,3956.0,13680.0,11800.0,8850.0,37050.0,50900.0,23950.0,26250.0,8903.0,44150.0,30250.0,27350.0,18470.0,9250.0,33700.0,16970.0,45000.0,18880.0,221000.0,13030.0,26050.0,9460.0
2024-09-13,162800.0,14160.0,28050.0,64400.0,35740.0,122500.0,7700.0,3625.0,24850.0,150700.0,99500.0,3913.0,13360.0,11450.0,8780.0,35550.0,50700.0,23100.0,25650.0,8428.0,42750.0,29850.0,27000.0,18140.0,8800.0,32350.0,16260.0,44500.0,19380.0,212500.0,12840.0,27150.0,9410.0
2024-09-19,152800.0,13940.0,27250.0,63100.0,34767.0,119100.0,7580.0,3660.0,24100.0,152100.0,96200.0,3793.0,12900.0,11060.0,8650.0,34700.0,52100.0,22250.0,24250.0,8808.0,41450.0,29050.0,27800.0,17920.0,8630.0,32050.0,15750.0,44200.0,19110.0,216500.0,12580.0,27700.0,9080.0
2024-09-20,157100.0,14180.0,27050.0,63000.0,36518.0,116300.0,7600.0,3605.0,24750.0,149400.0,100300.0,3803.0,13110.0,11020.0,8420.0,35200.0,54100.0,22000.0,25000.0,8513.0,42250.0,28600.0,26700.0,18060.0,8400.0,31400.0,16300.0,43150.0,18890.0,210000.0,12590.0,28450.0,9140.0
2024-09-23,162000.0,14230.0,27450.0,62600.0,38171.0,121700.0,7720.0,3600.0,24950.0,150200.0,101400.0,3932.0,13210.0,11130.0,9020.0,36550.0,55900.0,22250.0,25500.0,8753.0,47900.0,29300.0,27350.0,18070.0,8430.0,32400.0,16920.0,45750.0,19450.0,214500.0,12640.0,30500.0,9180.0
2024-09-24,163500.0,14780.0,28250.0,63200.0,38414.0,124300.0,7900.0,3625.0,25450.0,154300.0,105600.0,4008.0,13690.0,11450.0,9220.0,37050.0,57000.0,22600.0,25800.0,9013.0,47800.0,30850.0,28000.0,18590.0,8560.0,33100.0,17830.0,47400.0,19450.0,220000.0,12860.0,30600.0,9320.0
2024-09-25,165300.0,14400.0,28150.0,62200.0,36372.0,126700.0,7910.0,3610.0,25650.0,152400.0,106600.0,4023.0,13760.0,11730.0,9250.0,35900.0,55300.0,22750.0,26050.0,8858.0,47900.0,32100.0,28100.0,18730.0,8620.0,32750.0,17950.0,49350.0,19450.0,224500.0,12860.0,30900.0,9390.0
2024-09-26,180900.0,15270.0,29700.0,64700.0,38609.0,135500.0,8200.0,3780.0,26850.0,160300.0,114200.0,4190.0,14490.0,12130.0,9600.0,39350.0,57500.0,23200.0,26800.0,9414.0,51300.0,33350.0,29350.0,19590.0,11200.0,35500.0,18500.0,51300.0,19840.0,230500.0,13730.0,32050.0,10240.0
2024-09-27,183800.0,15300.0,29700.0,64200.0,36858.0,135800.0,8190.0,3780.0,27050.0,157400.0,113000.0,4204.0,14530.0,12090.0,9590.0,35850.0,58800.0,22950.0,26700.0,9804.0,50000.0,32800.0,29100.0,19620.0,11380.0,35750.0,18120.0,51300.0,19450.0,226000.0,13620.0,31650.0,10240.0
2024-09-30,174600.0,14820.0,29000.0,61500.0,35545.0,134400.0,8000.0,3725.0,26800.0,153200.0,108300.0,4085.0,14110.0,11740.0,9360.0,37250.0,57900.0,22400.0,26550.0,9208.0,49500.0,32100.0,29400.0,19200.0,11550.0,35650.0,17590.0,52500.0,18810.0,222000.0,13240.0,31100.0,9940.0
2024-10-02,169100.0,14700.0,29900.0,61300.0,34621.0,133500.0,7890.0,3660.0,27050.0,153300.0,107900.0,3965.0,13890.0,11600.0,9660.0,36500.0,57100.0,21650.0,26150.0,9278.0,50200.0,31200.0,29450.0,19000.0,11210.0,34750.0,17440.0,52600.0,18490.0,226500.0,12930.0,31750.0,9620.0
2024-10-04,174100.0,15590.0,29600.0,60600.0,35156.0,134100.0,7910.0,3660.0,27050.0,160500.0,107400.0,3965.0,14010.0,11400.0,9600.0,37700.0,58700.0,21000.0,25300.0,9058.0,49800.0,31250.0,29500.0,18810.0,11280.0,34250.0,17420.0,52900.0,18300.0,223500.0,13000.0,31850.0,9730.0
2024-10-07,184900.0,16110.0,29800.0,61000.0,36518.0,136400.0,8130.0,3730.0,27600.0,175800.0,110800.0,4075.0,14750.0,11870.0,9740.0,40300.0,60800.0,21500.0,25450.0,9414.0,50600.0,32250.0,30350.0,19150.0,11550.0,35300.0,18040.0,53900.0,18590.0,224000.0,13470.0,32250.0,10140.0
2024-10-08,178000.0,15840.0,28850.0,60300.0,35934.0,132700.0,7950.0,3730.0,27150.0,172800.0,107400.0,3975.0,14670.0,11550.0,9570.0,39200.0,61200.0,20700.0,24350.0,9233.0,49050.0,31350.0,30100.0,18610.0,11330.0,34850.0,17810.0,55600.0,18130.0,215000.0,13160.0,31100.0,9940.0
2024-10-10,186700.0,15730.0,28500.0,58900.0,36518.0,131900.0,7770.0,3655.0,27150.0,166900.0,110700.0,3884.0,14480.0,11160.0,9350.0,39300.0,61400.0,20600.0,23950.0,8808.0,49800.0,30650.0,29750.0,18050.0,11530.0,37700.0,17310.0,55500.0,18070.0,212500.0,12750.0,30650.0,9810.0
2024-10-11,186000.0,16960.0,28800.0,59300.0,35302.0,129300.0,7820.0,3685.0,27150.0,178300.0,109500.0,3889.0,14240.0,12110.0,9700.0,36300.0,60000.0,20600.0,23400.0,9033.0,51200.0,30950.0,28850.0,18000.0,11710.0,38250.0,17600.0,55600.0,18030.0,216000.0,12890.0,33200.0,9690.0
2024-10-14,187500.0,17800.0,29200.0,60800.0,38268.0,127900.0,7970.0,3715.0,27550.0,179500.0,113500.0,3956.0,14830.0,12190.0,9720.0,38500.0,59000.0,20900.0,23850.0,9634.0,53300.0,31800.0,29250.0,18310.0,12080.0,38250.0,17600.0,56000.0,18090.0,216500.0,13220.0,33150.0,9800.0
2024-10-15,192900.0,19540.0,28600.0,61000.0,41575.0,125800.0,7960.0,3710.0,28450.0,178100.0,112000.0,3937.0,14730.0,11940.0,9720.0,37500.0,60000.0,20250.0,23650.0,9454.0,53300.0,31800.0,29750.0,18310.0,11830.0,38950.0,17720.0,56100.0,18590.0,214000.0,13290.0,33450.0,9880.0
2024-10-16,188700.0,19370.0,27350.0,59500.0,42110.0,121500.0,7830.0,3600.0,27750.0,173000.0,108700.0,3831.0,14110.0,11550.0,9520.0,35300.0,59700.0,19110.0,22550.0,9444.0,53300.0,30400.0,28900.0,17460.0,11440.0,38450.0,17040.0,57600.0,17950.0,202000.0,12750.0,31650.0,9440.0
2024-10-17,196000.0,19490.0,27550.0,59700.0,44346.0,125800.0,7810.0,3630.0,28300.0,173900.0,116300.0,3788.0,15080.0,11630.0,9430.0,34750.0,61200.0,18960.0,22000.0,9484.0,52500.0,30500.0,28550.0,17440.0,11400.0,38200.0,17530.0,62800.0,18010.0,205500.0,13280.0,32950.0,9800.0
2024-10-18,187300.0,18270.0,26600.0,59200.0,42207.0,126600.0,7580.0,3520.0,27600.0,168500.0,104200.0,3712.0,13940.0,10900.0,9150.0,35800.0,58600.0,18320.0,21700.0,8828.0,50000.0,29400.0,28000.0,17080.0,10500.0,36200.0,16900.0,63100.0,17100.0,203000.0,12350.0,30500.0,9230.0
2024-10-21,190900.0,18350.0,27250.0,59000.0,42304.0,129100.0,8460.0,3630.0,27400.0,168000.0,101500.0,4535.0,13660.0,11090.0,9130.0,37650.0,58400.0,18280.0,22100.0,8753.0,52000.0,29400.0,28700.0,17200.0,10480.0,35900.0,16780.0,63900.0,17220.0,205500.0,12370.0,30300.0,9290.0
2024-10-22,187800.0,18010.0,26300.0,57700.0,42304.0,126400.0,8140.0,3510.0,27000.0,159400.0,98800.0,4381.0,13070.0,10480.0,9450.0,38300.0,57900.0,17500.0,21500.0,8478.0,50900.0,28750.0,28350.0,16400.0,10110.0,34900.0,16280.0,64600.0,16710.0,196600.0,11590.0,29200.0,8770.0
2024-10-23,196000.0,18370.0,27350.0,59100.0,44444.0,128100.0,8600.0,3605.0,28500.0,172300.0,101500.0,4401.0,13550.0,10850.0,10110.0,40950.0,61800.0,17870.0,21950.0,8513.0,54700.0,29850.0,28450.0,16900.0,11300.0,35800.0,16380.0,66300.0,16870.0,199600.0,12120.0,31500.0,9280.0
2024-10-24,198200.0,17680.0,26700.0,56600.0,43666.0,124400.0,8470.0,3530.0,27050.0,167300.0,98200.0,4228.0,13060.0,10470.0,10000.0,41900.0,60900.0,17080.0,21050.0,8088.0,55100.0,29050.0,27700.0,16240.0,11150.0,34750.0,15850.0,67700.0,16170.0,195200.0,11770.0,30600.0,8940.0
2024-10-25,201000.0,20300.0,26750.0,55900.0,42596.0,119300.0,8290.0,3495.0,26950.0,168600.0,97800.0,4185.0,12920.0,10390.0,10160.0,42400.0,63900.0,16380.0,21300.0,8388.0,53400.0,28650.0,26750.0,15880.0,11100.0,35150.0,15750.0,67500.0,15820.0,195000.0,11700.0,30450.0,8700.0
2024-10-28,196000.0,20500.0,27200.0,58100.0,42401.0,125000.0,8250.0,3590.0,27050.0,171900.0,95500.0,4276.0,12940.0,10780.0,9840.0,41350.0,64800.0,16610.0,21750.0,8538.0,53100.0,29450.0,26400.0,16340.0,11790.0,34850.0,16670.0,67200.0,16580.0,199900.0,11860.0,30700.0,8920.0
2024-10-29,190300.0,20050.0,27150.0,59600.0,41137.0,122800.0,8040.0,3620.0,31050.0,172400.0,92600.0,4233.0,12640.0,10970.0,10150.0,41450.0,63200.0,16440.0,21750.0,8153.0,53600.0,28900.0,26100.0,16380.0,11760.0,33850.0,16300.0,66700.0,16370.0,197000.0,11690.0,30450.0,8940.0
2024-10-30,195000.0,18990.0,26600.0,59100.0,39241.0,122500.0,7840.0,3595.0,29850.0,167500.0,96300.0,4200.0,12530.0,10810.0,9880.0,41600.0,64200.0,16230.0,21750.0,7948.0,52100.0,28500.0,26250.0,16160.0,11410.0,33900.0,16310.0,63700.0,16410.0,195000.0,11510.0,29350.0,8870.0
2024-10-31,186300.0,18410.0,27050.0,59200.0,35399.0,126500.0,7900.0,3680.0,31000.0,171100.0,92000.0,4276.0,12820.0,11370.0,10280.0,44600.0,65300.0,16230.0,21750.0,7988.0,50800.0,29800.0,26800.0,16580.0,11400.0,36200.0,16960.0,64800.0,17230.0,204000.0,11790.0,30750.0,9250.0
2024-11-01,182200.0,17050.0,26650.0,58300.0,34038.0,122400.0,7950.0,3600.0,32700.0,159600.0,92800.0,4094.0,12640.0,11050.0,10280.0,45250.0,64300.0,15590.0,20750.0,7678.0,50300.0,29100.0,26650.0,16100.0,11130.0,36400.0,16640.0,66000.0,16600.0,196200.0,11370.0,33100.0,9130.0
2024-11-04,194000.0,17480.0,27250.0,58700.0,33551.0,125700.0,8020.0,3670.0,32400.0,168800.0,95600.0,4056.0,12990.0,11300.0,10520.0,46800.0,65000.0,16520.0,21000.0,8013.0,51400.0,30150.0,26800.0,16370.0,11480.0,36300.0,17050.0,67600.0,16600.0,202000.0,11950.0,33350.0,9260.0
2024-11-05,193200.0,16700.0,26950.0,57600.0,30974.0,126500.0,8060.0,3670.0,32150.0,158500.0,95500.0,4032.0,13000.0,11220.0,10780.0,45050.0,57600.0,16580.0,21000.0,8008.0,49400.0,29700.0,27350.0,16400.0,11360.0,36050.0,17070.0,66300.0,17950.0,203000.0,11850.0,33900.0,9350.0
2024-11-06,195800.0,16220.0,29050.0,57300.0,30099.0,124100.0,7850.0,3635.0,30750.0,156500.0,93100.0,3932.0,12860.0,11100.0,10410.0,43650.0,54700.0,16450.0,20900.0,7578.0,50400.0,29350.0,26450.0,15970.0,10570.0,35200.0,16660.0,66700.0,17650.0,204500.0,11730.0,35800.0,9450.0
2024-11-07,197400.0,16180.0,27600.0,57500.0,32773.0,119400.0,7750.0,3600.0,30600.0,154900.0,92500.0,3903.0,12470.0,11190.0,10710.0,44300.0,53800.0,16200.0,20550.0,7398.0,47300.0,28700.0,25800.0,14500.0,10690.0,34700.0,16300.0,66000.0,18190.0,199600.0,11470.0,35300.0,9590.0
2024-11-08,200500.0,16350.0,26250.0,57000.0,30877.0,121000.0,7710.0,3550.0,30700.0,151100.0,94200.0,3884.0,12550.0,10970.0,10900.0,44200.0,52100.0,16050.0,20400.0,7378.0,47350.0,28350.0,25950.0,14690.0,10620.0,35300.0,16320.0,66000.0,18250.0,198300.0,11550.0,35600.0,8430.0
2024-11-11,192600.0,15180.0,24500.0,55000.0,23875.0,114900.0,7310.0,3345.0,29700.0,148000.0,88100.0,3645.0,11690.0,10200.0,10670.0,41350.0,50800.0,15120.0,19120.0,7093.0,43250.0,26200.0,24000.0,13600.0,10060.0,32050.0,15500.0,62700.0,17110.0,191200.0,10540.0,33400.0,8060.0
2024-11-12,185800.0,14500.0,23850.0,53000.0,23972.0,111500.0,6840.0,3195.0,27550.0,141000.0,84700.0,3482.0,10890.0,9750.0,9940.0,39300.0,48950.0,14470.0,18430.0,6822.0,41050.0,25750.0,22950.0,13060.0,9740.0,30850.0,13910.0,61800.0,16200.0,188800.0,10180.0,33450.0,7890.0
2024-11-13,182900.0,13830.0,23100.0,50600.0,23875.0,110300.0,6760.0,3155.0,28650.0,136500.0,82100.0,3367.0,10410.0,9480.0,9840.0,37050.0,47950.0,14730.0,17950.0,6507.0,41700.0,25150.0,22100.0,12650.0,9370.0,30350.0,13910.0,59600.0,16000.0,187800.0,9990.0,33250.0,7700.0
2024-11-14,173000.0,13420.0,22550.0,49900.0,22902.0,104300.0,6570.0,3030.0,27550.0,136500.0,81100.0,3190.0,10100.0,9240.0,9710.0,35900.0,46550.0,15820.0,17650.0,6337.0,42250.0,24350.0,20500.0,12100.0,9420.0,29500.0,13400.0,59600.0,15130.0,187100.0,9820.0,32650.0,7640.0
2024-11-15,178200.0,13660.0,23800.0,53500.0,21784.0,102100.0,6780.0,3150.0,28600.0,135700.0,81700.0,3286.0,10340.0,9700.0,9920.0,38850.0,45850.0,16490.0,18130.0,6532.0,42900.0,25150.0,22050.0,12440.0,9650.0,31850.0,13810.0,61600.0,15340.0,191300.0,10060.0,34450.0,7930.0
2024-11-18,171700.0,13070.0,23500.0,56700.0,20666.0,106500.0,6940.0,3190.0,27700.0,118800.0,80600.0,3305.0,10080.0,9760.0,9740.0,34200.0,45550.0,16020.0,18200.0,6477.0,38900.0,24850.0,23250.0,12230.0,9540.0,30850.0,13820.0,56900.0,15390.0,186600.0,10090.0,32850.0,7940.0
2024-11-19,170600.0,13230.0,24150.0,56300.0,21881.0,107100.0,6960.0,3190.0,27650.0,122000.0,80800.0,3243.0,10030.0,9810.0,9750.0,33600.0,46650.0,16030.0,17850.0,6422.0,39900.0,24450.0,22500.0,12070.0,9500.0,31050.0,14500.0,57600.0,15400.0,187700.0,10020.0,30900.0,7930.0
2024-11-20,170600.0,13290.0,24400.0,55300.0,22173.0,107500.0,6960.0,3165.0,28150.0,125900.0,81700.0,3257.0,9990.0,9770.0,9570.0,35600.0,45450.0,16550.0,17550.0,6382.0,39550.0,24150.0,22150.0,11910.0,9390.0,30950.0,14010.0,56300.0,15320.0,189500.0,10050.0,30500.0,7710.0
2024-11-21,168800.0,13360.0,24150.0,56400.0,22076.0,103500.0,6910.0,3200.0,28550.0,122600.0,80700.0,3219.0,9590.0,9750.0,9430.0,37550.0,50000.0,16420.0,17370.0,6322.0,40600.0,24250.0,22350.0,11960.0,9630.0,31150.0,14300.0,55300.0,15330.0,190800.0,10000.0,28800.0,7720.0
2024-11-22,176700.0,13060.0,24550.0,56000.0,22367.0,105900.0,7000.0,3220.0,29200.0,125500.0,83400.0,3267.0,9220.0,9940.0,9430.0,38800.0,52900.0,16430.0,17730.0,6562.0,39400.0,23850.0,23400.0,11960.0,10150.0,31000.0,14860.0,56200.0,15320.0,193500.0,10160.0,28000.0,7820.0
2024-11-25,177000.0,12560.0,24850.0,57900.0,22756.0,106500.0,7130.0,3325.0,29700.0,134900.0,84200.0,3348.0,9740.0,10240.0,9400.0,39700.0,55400.0,16880.0,18160.0,7002.0,39150.0,24550.0,22250.0,11880.0,10350.0,32050.0,15250.0,55900.0,15850.0,197200.0,10680.0,28550.0,8000.0
2024-11-26,177100.0,12300.0,23700.0,58300.0,21978.0,106300.0,7070.0,3365.0,30250.0,129400.0,80700.0,3501.0,9760.0,10360.0,9330.0,38700.0,55000.0,16870.0,18190.0,7022.0,39400.0,24350.0,23000.0,12070.0,10250.0,33250.0,14970.0,57900.0,15930.0,193800.0,11120.0,28750.0,8160.0
2024-11-27,168300.0,11680.0,22800.0,56300.0,21006.0,102500.0,6870.0,3295.0,28650.0,122700.0,76600.0,3391.0,9490.0,9900.0,8970.0,36050.0,50500.0,16190.0,17600.0,6762.0,37050.0,23850.0,22250.0,11640.0,10240.0,32700.0,14680.0,55600.0,15260.0,191500.0,10920.0,26400.0,7950.0
2024-11-28,161100.0,11650.0,22550.0,55500.0,21492.0,101500.0,6870.0,3285.0,28950.0,119600.0,76900.0,3382.0,9490.0,9840.0,9070.0,36100.0,52300.0,16070.0,17460.0,6827.0,38050.0,23800.0,22200.0,11460.0,10220.0,33200.0,14380.0,55000.0,15010.0,185600.0,11490.0,26450.0,8000.0
2024-11-29,159900.0,11230.0,21850.0,54200.0,21687.0,99900.0,6630.0,3215.0,27900.0,116200.0,74600.0,3300.0,9280.0,9630.0,8830.0,35100.0,51200.0,15910.0,16880.0,6377.0,37050.0,23000.0,21650.0,10960.0,9890.0,31000.0,14140.0,55300.0,14310.0,179500.0,11250.0,26500.0,7650.0
2024-12-02,158800.0,11010.0,21350.0,53600.0,20520.0,97400.0,6250.0,3180.0,26000.0,114900.0,72300.0,3214.0,8860.0,9140.0,8340.0,34200.0,50200.0,15750.0,16900.0,6442.0,36600.0,22850.0,21000.0,10660.0,9900.0,27400.0,13610.0,56900.0,14050.0,174000.0,10550.0,25400.0,7400.0
2024-12-03,164900.0,11220.0,21800.0,53600.0,26014.0,101000.0,6430.0,3185.0,28000.0,125100.0,74900.0,3329.0,9330.0,9290.0,8760.0,34800.0,51100.0,16240.0,17540.0,6497.0,36600.0,23150.0,21800.0,11100.0,9670.0,26350.0,13910.0,58000.0,14720.0,172400.0,10800.0,26000.0,7550.0
2024-12-04,168000.0,10830.0,21700.0,53100.0,25528.0,100300.0,6200.0,3120.0,27900.0,124400.0,74100.0,3305.0,9150.0,9070.0,8420.0,35200.0,50700.0,15650.0,17210.0,6277.0,35450.0,22450.0,21350.0,10760.0,9400.0,26400.0,13490.0,56200.0,14340.0,168500.0,10290.0,26100.0,7370.0
2024-12-05,173000.0,11600.0,21900.0,53700.0,22416.0,99500.0,6090.0,3135.0,29400.0,141600.0,74400.0,3272.0,9320.0,9120.0,8270.0,39550.0,56800.0,16010.0,17580.0,6282.0,38550.0,23050.0,22250.0,10650.0,9580.0,27500.0,17530.0,55600.0,14220.0,168200.0,10600.0,27900.0,7810.0
2024-12-06,167100.0,10550.0,21550.0,54100.0,23097.0,97500.0,5850.0,3040.0,28350.0,141300.0,72300.0,3114.0,8980.0,8930.0,8050.0,37500.0,55000.0,16090.0,17280.0,6142.0,37350.0,23050.0,21550.0,10600.0,9000.0,26500.0,15100.0,51500.0,13850.0,168100.0,10240.0,26900.0,7600.0
2024-12-09,168900.0,9870.0,20400.0,53400.0,22513.0,89900.0,5440.0,2820.0,27900.0,136000.0,70100.0,2908.0,8400.0,8320.0,7470.0,36050.0,54100.0,15150.0,16470.0,5527.0,35050.0,21900.0,20250.0,9950.0,8190.0,26300.0,15340.0,49450.0,12870.0,159600.0,9600.0,25200.0,6800.0
2024-12-10,170400.0,10460.0,21450.0,54000.0,22173.0,97400.0,5940.0,3000.0,27800.0,130600.0,71000.0,3114.0,8900.0,8770.0,7840.0,33950.0,54400.0,16300.0,17120.0,5862.0,36200.0,22700.0,21750.0,10590.0,8730.0,26450.0,15790.0,51100.0,13830.0,167900.0,9910.0,25550.0,7260.0
2024-12-11,171800.0,10940.0,21900.0,54000.0,23729.0,103500.0,6270.0,3125.0,27900.0,131200.0,80900.0,3324.0,9310.0,9060.0,8240.0,31400.0,56000.0,16450.0,17480.0,6257.0,36350.0,23400.0,22300.0,11070.0,8950.0,26800.0,16980.0,50600.0,14480.0,171800.0,10890.0,25950.0,7600.0
2024-12-12,176100.0,11160.0,22150.0,55900.0,20520.0,100900.0,6360.0,3145.0,29650.0,136700.0,83800.0,3396.0,9400.0,9340.0,8720.0,32650.0,58800.0,16940.0,18560.0,6282.0,38650.0,24000.0,22850.0,11360.0,9380.0,27300.0,16910.0,51000.0,14930.0,177400.0,10730.0,26800.0,7620.0
2024-12-13,175500.0,11340.0,21600.0,56100.0,21152.0,100200.0,6450.0,3190.0,30200.0,130500.0,83000.0,3463.0,9330.0,9640.0,8690.0,34350.0,61200.0,16860.0,18280.0,6287.0,39200.0,23750.0,23450.0,11610.0,9390.0,27500.0,16760.0,51000.0,15990.0,177900.0,12490.0,26850.0,7610.0
2024-12-16,179300.0,11370.0,22350.0,55600.0,24264.0,101400.0,6620.0,3205.0,29850.0,130200.0,83800.0,3530.0,9690.0,9700.0,9180.0,34000.0,66300.0,17900.0,18380.0,6552.0,41050.0,23850.0,23500.0,11560.0,9390.0,27950.0,17700.0,52500.0,15460.0,179700.0,13500.0,26050.0,7810.0
2024-12-17,184000.0,11550.0,21700.0,54200.0,25966.0,101800.0,6630.0,3240.0,30200.0,140700.0,86700.0,3520.0,10230.0,9920.0,9140.0,34400.0,67400.0,18140.0,18300.0,6652.0,41950.0,24150.0,23950.0,11820.0,9680.0,27650.0,17600.0,52200.0,15900.0,172800.0,14000.0,27150.0,7950.0
2024-12-18,183500.0,11700.0,22350.0,54900.0,25771.0,101200.0,6710.0,3260.0,30050.0,139100.0,86900.0,3544.0,10320.0,10010.0,9110.0,37800.0,67900.0,18180.0,18270.0,7017.0,41300.0,24450.0,23500.0,11780.0,9680.0,27150.0,17260.0,52900.0,15720.0,172400.0,14200.0,27600.0,8340.0
2024-12-19,175000.0,11260.0,21400.0,53100.0,25723.0,100300.0,6670.0,3190.0,29500.0,134500.0,84900.0,3520.0,10140.0,9750.0,8860.0,36500.0,63900.0,17360.0,17560.0,7208.0,39850.0,23200.0,22800.0,11460.0,9350.0,26250.0,16400.0,50900.0,15240.0,167300.0,13870.0,26700.0,8390.0
2024-12-20,168500.0,10770.0,20900.0,53000.0,24118.0,97900.0,6530.0,3055.0,29000.0,127000.0,79800.0,3386.0,9680.0,9420.0,8790.0,34250.0,64000.0,16510.0,17430.0,6672.0,39700.0,23050.0,22450.0,11200.0,8870.0,25350.0,15710.0,50600.0,15240.0,165600.0,13180.0,25700.0,7870.0
2024-12-23,169600.0,12200.0,21550.0,53500.0,25625.0,99400.0,6740.0,3210.0,29650.0,137600.0,86700.0,3482.0,10030.0,9960.0,8900.0,37200.0,69300.0,17050.0,17840.0,6827.0,41950.0,23850.0,23500.0,11570.0,9310.0,27050.0,16710.0,53000.0,15580.0,169200.0,13640.0,27000.0,8210.0
2024-12-24,168500.0,12250.0,21800.0,54400.0,26938.0,98800.0,6610.0,3150.0,30350.0,138400.0,84700.0,3449.0,10060.0,9680.0,9160.0,37400.0,72000.0,16990.0,17710.0,6612.0,40900.0,24150.0,24150.0,11580.0,9110.0,26900.0,16330.0,53200.0,15510.0,169700.0,13270.0,27100.0,7960.0
2024-12-26,170100.0,12120.0,21050.0,53600.0,27425.0,97400.0,6650.0,3130.0,29700.0,132000.0,82500.0,3363.0,9930.0,9400.0,8890.0,36700.0,68300.0,16550.0,17310.0,6542.0,40150.0,23500.0,24600.0,11110.0,8890.0,25700.0,15880.0,53500.0,15140.0,163400.0,12980.0,26100.0,7920.0
2024-12-27,174500.0,13820.0,20700.0,53700.0,27133.0,96300.0,6520.0,3095.0,28750.0,139300.0,83200.0,3406.0,9750.0,9270.0,8720.0,39400.0,70700.0,16570.0,17320.0,6427.0,40900.0,22750.0,23350.0,11120.0,8800.0,26550.0,16020.0,52200.0,15670.0,164200.0,13120.0,25600.0,7780.0
2024-12-30,173900.0,14480.0,20900.0,53200.0,26598.0,97000.0,6580.0,3085.0,29450.0,139200.0,82500.0,3406.0,10030.0,9240.0,8790.0,38450.0,72100.0,16820.0,17240.0,6532.0,41250.0,22950.0,23400.0,11030.0,8740.0,26050.0,16090.0,51100.0,15500.0,165400.0,13930.0,26050.0,7830.0
2025-01-02,171200.0,14480.0,21000.0,53400.0,26695.0,94000.0,6600.0,3085.0,29750.0,144600.0,87100.0,3406.0,10720.0,9250.0,9100.0,38100.0,70000.0,16500.0,17440.0,6787.0,41300.0,22800.0,23150.0,10920.0,9020.0,26700.0,16880.0,51800.0,15390.0,163000.0,14700.0,26450.0,7810.0
2025-01-03,181900.0,15370.0,22200.0,54400.0,27668.0,102500.0,6770.0,3180.0,31300.0,161600.0,93300.0,3578.0,10920.0,9800.0,9320.0,42200.0,71000.0,17200.0,17730.0,7007.0,43500.0,24200.0,24300.0,11200.0,9940.0,29050.0,17550.0,53300.0,15900.0,170500.0,14700.0,28050.0,8050.0
2025-01-06,199800.0,17000.0,23050.0,55900.0,28543.0,103300.0,6920.0,3295.0,32550.0,170400.0,99500.0,3822.0,11950.0,11100.0,10600.0,45150.0,76800.0,18790.0,18460.0,7233.0,44300.0,25850.0,25550.0,12000.0,10320.0,30900.0,20400.0,57200.0,17000.0,179300.0,14780.0,29200.0,8450.0
2025-01-07,195000.0,16840.0,22600.0,55400.0,26112.0,104600.0,6880.0,3240.0,31750.0,162800.0,101300.0,3827.0,11750.0,10890.0,11260.0,46900.0,71800.0,19220.0,18240.0,8033.0,43100.0,24950.0,25050.0,11680.0,10090.0,29900.0,20000.0,55200.0,16780.0,173500.0,13650.0,28250.0,8250.0
2025-01-08,194700.0,17210.0,24150.0,57300.0,26209.0,106700.0,7180.0,3375.0,33300.0,172400.0,115800.0,3908.0,12750.0,11470.0,12110.0,47500.0,74300.0,20600.0,18930.0,8358.0,44850.0,27200.0,26100.0,12470.0,10420.0,32400.0,22500.0,59500.0,17230.0,181700.0,13820.0,29000.0,8690.0
2025-01-09,205000.0,17240.0,23250.0,56100.0,28397.0,103200.0,7030.0,3295.0,33400.0,169000.0,115500.0,3874.0,12800.0,11090.0,13200.0,48800.0,74000.0,20750.0,18430.0,9969.0,43650.0,26250.0,25450.0,12200.0,10180.0,32600.0,21450.0,61100.0,16800.0,177900.0,14000.0,28700.0,8580.0
2025-01-10,203500.0,18420.0,22900.0,55300.0,26549.0,102600.0,7030.0,3380.0,32700.0,162000.0,112900.0,3764.0,12650.0,10890.0,12930.0,50300.0,71900.0,20350.0,18260.0,10029.0,42450.0,26300.0,26200.0,12080.0,10170.0,35750.0,21500.0,59900.0,16760.0,174300.0,14460.0,28400.0,8420.0
2025-01-13,194300.0,17930.0,22200.0,54100.0,25528.0,101500.0,6820.0,3195.0,32750.0,158100.0,106900.0,3673.0,12060.0,10560.0,12950.0,46000.0,70100.0,19320.0,17850.0,9809.0,41100.0,25650.0,26400.0,11780.0,9960.0,33650.0,20500.0,58400.0,16020.0,175000.0,13970.0,28350.0,8140.0
2025-01-14,195000.0,17770.0,22500.0,53900.0,25236.0,101700.0,6940.0,3275.0,33450.0,157700.0,106500.0,3831.0,12190.0,10630.0,13290.0,46550.0,70700.0,19620.0,18140.0,9754.0,43400.0,26050.0,26600.0,11790.0,9990.0,32900.0,20800.0,58700.0,15890.0,178500.0,14270.0,28100.0,8270.0
2025-01-15,198200.0,17090.0,22450.0,53700.0,25771.0,99300.0,6810.0,3310.0,34450.0,158600.0,105400.0,3764.0,12370.0,11460.0,12900.0,45450.0,73900.0,19700.0,18040.0,9499.0,42850.0,26650.0,26050.0,11630.0,9970.0,32600.0,20600.0,57900.0,15630.0,174500.0,14280.0,28600.0,8410.0
2025-01-16,210000.0,17480.0,22600.0,54300.0,25869.0,99000.0,6900.0,3325.0,35250.0,157500.0,106500.0,3827.0,12510.0,12320.0,13640.0,45500.0,73100.0,20100.0,18220.0,9609.0,43700.0,27050.0,25350.0,11810.0,10050.0,33050.0,20950.0,58500.0,15810.0,178100.0,14020.0,28750.0,8360.0
2025-01-17,214500.0,18300.0,22950.0,53700.0,27522.0,99400.0,6920.0,3345.0,34700.0,158200.0,112500.0,3865.0,12550.0,12370.0,14540.0,48250.0,74300.0,20700.0,18370.0,10754.0,44100.0,27350.0,25850.0,11910.0,10100.0,34200.0,22050.0,61400.0,15840.0,181300.0,14050.0,31850.0,8880.0
2025-01-20,212000.0,18520.0,23050.0,53400.0,27181.0,101500.0,7040.0,3450.0,34500.0,155000.0,108100.0,3879.0,14650.0,10660.0,14190.0,49750.0,72300.0,20950.0,18850.0,11229.0,44250.0,26700.0,26300.0,12320.0,10540.0,34300.0,22250.0,60800.0,17700.0,184100.0,14940.0,32600.0,8890.0
2025-01-21,218000.0,18830.0,22950.0,53500.0,29224.0,99000.0,6980.0,3475.0,35100.0,156900.0,113600.0,3889.0,14890.0,11010.0,14700.0,49600.0,74900.0,20350.0,19020.0,11054.0,44250.0,26700.0,26400.0,12600.0,10390.0,34450.0,23150.0,62100.0,18980.0,182700.0,16000.0,32450.0,8630.0
2025-01-22,225500.0,19000.0,23500.0,54300.0,30585.0,99000.0,7050.0,3485.0,33500.0,163900.0,126100.0,3855.0,14250.0,11070.0,14780.0,52000.0,76500.0,20600.0,19070.0,11329.0,45500.0,26700.0,26500.0,12720.0,10670.0,35400.0,24450.0,63900.0,19110.0,183000.0,15930.0,32800.0,8820.0
2025-01-23,219500.0,18730.0,22600.0,53700.0,31072.0,96500.0,6840.0,3385.0,32650.0,158000.0,121900.0,3731.0,13710.0,10550.0,14520.0,50500.0,73900.0,19790.0,18450.0,11004.0,45250.0,25600.0,26000.0,12190.0,10200.0,33650.0,23900.0,62700.0,18000.0,173900.0,15690.0,31150.0,8510.0
2025-01-24,221000.0,18400.0,23150.0,53700.0,39776.0,96000.0,6840.0,3425.0,33050.0,158400.0,120600.0,3841.0,13880.0,11100.0,14500.0,49500.0,72900.0,20450.0,18450.0,10779.0,45350.0,26550.0,26550.0,13030.0,10060.0,34200.0,22850.0,63100.0,20000.0,175900.0,15520.0,33050.0,8160.0
2025-01-31,199200.0,17020.0,21900.0,52400.0,37636.0,92700.0,8890.0,3270.0,31700.0,143500.0,113200.0,3697.0,13210.0,10250.0,13490.0,45450.0,67000.0,19420.0,18000.0,10579.0,43200.0,24600.0,24950.0,12300.0,9420.0,30400.0,21800.0,57600.0,18500.0,168800.0,15850.0,30550.0,7880.0
2025-02-03,190900.0,15420.0,20750.0,51000.0,33308.0,88000.0,8480.0,3085.0,29050.0,136300.0,106000.0,3544.0,11600.0,9500.0,13300.0,41650.0,60500.0,18770.0,17850.0,9253.0,40300.0,23000.0,23250.0,11060.0,8570.0,29200.0,19640.0,54300.0,17070.0,162700.0,14120.0,29250.0,7440.0
2025-02-04,191100.0,15810.0,21400.0,52700.0,34573.0,89400.0,8940.0,3125.0,29100.0,139000.0,106100.0,3587.0,11950.0,9840.0,13510.0,41000.0,60600.0,18890.0,17590.0,9333.0,41700.0,23150.0,23400.0,11220.0,8880.0,29200.0,21100.0,54800.0,17010.0,163500.0,14160.0,29150.0,7630.0
2025-02-05,198800.0,15650.0,21650.0,52900.0,36761.0,90500.0,9350.0,3235.0,29950.0,136100.0,109000.0,3645.0,12180.0,10030.0,13600.0,41000.0,66100.0,20250.0,17670.0,9634.0,42000.0,23000.0,24750.0,11480.0,9180.0,29500.0,20700.0,54700.0,17620.0,169000.0,14750.0,30850.0,7730.0
2025-02-06,203500.0,15770.0,22100.0,54000.0,37685.0,91800.0,9420.0,3280.0,31750.0,144000.0,108300.0,3731.0,12850.0,10230.0,13870.0,41550.0,72300.0,21350.0,18000.0,12505.0,43350.0,23900.0,24700.0,11620.0,9570.0,31500.0,21600.0,58300.0,18430.0,168800.0,14800.0,30600.0,8000.0
2025-02-07,203000.0,15350.0,24100.0,53700.0,37101.0,94000.0,8730.0,3650.0,31800.0,143000.0,106000.0,4037.0,13190.0,11080.0,13460.0,43700.0,69900.0,23750.0,18650.0,13605.0,44650.0,24800.0,25800.0,14410.0,10100.0,31600.0,22300.0,60100.0,18700.0,178200.0,15610.0,30150.0,8250.0
2025-02-10,198100.0,16260.0,25750.0,55600.0,37198.0,99200.0,8740.0,3705.0,32450.0,150200.0,99600.0,4147.0,13660.0,11670.0,13160.0,43700.0,70300.0,24000.0,19310.0,14731.0,45000.0,29100.0,26150.0,14770.0,10450.0,32200.0,20850.0,59600.0,19000.0,188100.0,16230.0,30000.0,8410.0
2025-02-11,199700.0,15900.0,26400.0,55700.0,37733.0,98100.0,8540.0,3625.0,31400.0,144300.0,99700.0,4071.0,13600.0,11500.0,13500.0,42300.0,73800.0,23800.0,19190.0,13830.0,44500.0,29200.0,25400.0,14360.0,10160.0,31400.0,20350.0,57200.0,18250.0,192000.0,15700.0,31050.0,8270.0
2025-02-12,198900.0,15780.0,26600.0,55800.0,39581.0,97700.0,8070.0,3580.0,31000.0,139900.0,98600.0,3932.0,13380.0,11400.0,13460.0,43100.0,73700.0,23250.0,18950.0,13005.0,44400.0,28200.0,25650.0,14210.0,9960.0,32600.0,21900.0,56300.0,18260.0,189000.0,15500.0,30800.0,8300.0
2025-02-13,208500.0,16150.0,26500.0,55800.0,41818.0,102700.0,8180.0,3645.0,31350.0,141700.0,99700.0,3951.0,13510.0,11640.0,13410.0,43100.0,76700.0,24050.0,19140.0,13730.0,45100.0,29500.0,25950.0,14200.0,10040.0,36400.0,23450.0,56700.0,18520.0,184600.0,16230.0,31400.0,8390.0
2025-02-14,210000.0,16160.0,27450.0,56000.0,40456.0,106200.0,8870.0,3665.0,33850.0,141600.0,100500.0,4051.0,14170.0,11820.0,13230.0,42100.0,74400.0,24000.0,19330.0,13555.0,45750.0,29450.0,30300.0,15450.0,12440.0,37150.0,24350.0,55900.0,20050.0,188200.0,16400.0,31200.0,8800.0
2025-02-17,212000.0,16710.0,27100.0,56000.0,40554.0,107500.0,8780.0,3720.0,34200.0,140800.0,100900.0,4051.0,14300.0,11930.0,13770.0,42250.0,75500.0,23700.0,20400.0,13855.0,48050.0,31200.0,32650.0,18690.0,12650.0,37000.0,23400.0,55900.0,20850.0,189700.0,17640.0,31750.0,8760.0
2025-02-18,210000.0,16240.0,27450.0,56900.0,41429.0,112900.0,9020.0,3655.0,34450.0,139900.0,98400.0,4032.0,14300.0,12010.0,13500.0,41800.0,76100.0,23500.0,20300.0,13655.0,47400.0,33250.0,32350.0,18900.0,12860.0,38750.0,24300.0,56600.0,20350.0,197900.0,17480.0,31650.0,8930.0
2025-02-19,218500.0,17280.0,28150.0,58700.0,39970.0,117000.0,8920.0,3740.0,38900.0,150500.0,107000.0,4157.0,15250.0,12570.0,13420.0,43600.0,75400.0,25250.0,22900.0,14080.0,48000.0,34200.0,32000.0,20100.0,12710.0,38550.0,25550.0,57600.0,20000.0,204000.0,18020.0,32900.0,9620.0
2025-02-20,212000.0,18380.0,27950.0,58400.0,39873.0,119200.0,8520.0,3585.0,38200.0,150600.0,107900.0,3989.0,14250.0,11850.0,12850.0,43600.0,72400.0,25100.0,21900.0,12505.0,49650.0,33400.0,30300.0,20250.0,12990.0,38100.0,24300.0,57000.0,19230.0,198100.0,17060.0,31750.0,9170.0
2025-02-21,209500.0,17960.0,28350.0,58200.0,40700.0,118200.0,8720.0,3580.0,36600.0,153200.0,105900.0,4018.0,14100.0,11790.0,13320.0,46200.0,74900.0,24850.0,22650.0,12405.0,48700.0,34000.0,29500.0,19130.0,12020.0,38050.0,25000.0,55200.0,19550.0,198300.0,16950.0,31250.0,9170.0
2025-02-24,205000.0,16400.0,27850.0,57300.0,40150.0,116100.0,8580.0,3485.0,35550.0,149600.0,100900.0,3870.0,13790.0,11690.0,13000.0,43650.0,70400.0,24200.0,21900.0,12455.0,47450.0,33000.0,29450.0,19050.0,12050.0,37500.0,24350.0,54000.0,19450.0,195900.0,16750.0,30000.0,9100.0
2025-02-25,200500.0,16250.0,29400.0,57200.0,41600.0,115900.0,8270.0,3430.0,35400.0,142200.0,100200.0,3817.0,13170.0,11650.0,12470.0,42650.0,69200.0,23300.0,21500.0,12280.0,48300.0,34750.0,29200.0,18400.0,12020.0,37150.0,23950.0,53800.0,19200.0,199200.0,16210.0,29900.0,8940.0
2025-02-26,203000.0,15260.0,28450.0,56600.0,42800.0,118300.0,8630.0,3495.0,35450.0,140600.0,100400.0,3817.0,12790.0,11770.0,12630.0,41900.0,68500.0,23250.0,21900.0,12655.0,46600.0,33150.0,30700.0,20850.0,11680.0,37100.0,23650.0,53900.0,19300.0,194600.0,15630.0,29300.0,8850.0
2025-02-27,199200.0,14040.0,27400.0,56300.0,40950.0,118300.0,8430.0,3425.0,34600.0,140300.0,100000.0,3774.0,12260.0,11580.0,12520.0,39850.0,67600.0,22850.0,21250.0,11379.0,46400.0,31600.0,29450.0,19860.0,11320.0,35300.0,23650.0,52500.0,18690.0,193800.0,15440.0,28100.0,8560.0
2025-02-28,190200.0,13220.0,26200.0,54500.0,37650.0,109800.0,8430.0,3190.0,33250.0,129600.0,93500.0,3693.0,11480.0,10950.0,11770.0,37800.0,64400.0,22550.0,20800.0,10854.0,44800.0,29550.0,29100.0,20200.0,10900.0,33750.0,24250.0,49900.0,17850.0,186000.0,14570.0,26800.0,8200.0
2025-03-04,186100.0,12400.0,26000.0,54500.0,36650.0,107100.0,8610.0,3100.0,33850.0,128600.0,90200.0,3568.0,11400.0,10650.0,11410.0,36200.0,63600.0,23050.0,19750.0,10804.0,44000.0,28050.0,29550.0,20650.0,10750.0,34200.0,22800.0,49750.0,17560.0,184000.0,14200.0,26000.0,7840.0
2025-03-05,193100.0,12700.0,27200.0,54000.0,37100.0,115400.0,8450.0,3180.0,33300.0,128900.0,91000.0,3611.0,11700.0,10770.0,11700.0,37050.0,64500.0,22950.0,19920.0,10829.0,45200.0,27900.0,29450.0,19700.0,10830.0,33800.0,23350.0,50700.0,17750.0,189000.0,14330.0,26500.0,7740.0
2025-03-06,192400.0,11910.0,26250.0,54300.0,35100.0,121000.0,8230.0,3135.0,31900.0,124900.0,87300.0,3492.0,10820.0,10360.0,11330.0,34350.0,61500.0,22750.0,19340.0,12730.0,42950.0,26250.0,27550.0,18600.0,10430.0,32900.0,22200.0,49850.0,17160.0,182300.0,13650.0,25500.0,7480.0
2025-03-07,192400.0,11640.0,27850.0,53700.0,37200.0,121100.0,8040.0,3140.0,31850.0,125500.0,87400.0,3535.0,10840.0,10530.0,11350.0,35050.0,63200.0,23200.0,19410.0,11154.0,44250.0,29500.0,28250.0,18870.0,10500.0,33950.0,22200.0,52700.0,17400.0,193700.0,14040.0,26050.0,7510.0
2025-03-10,187900.0,11450.0,27750.0,53700.0,35800.0,125300.0,8030.0,3140.0,32500.0,124300.0,87400.0,3525.0,10820.0,10880.0,11180.0,34450.0,61200.0,22700.0,19380.0,11429.0,44000.0,29150.0,28450.0,18680.0,10450.0,33550.0,21550.0,51300.0,17250.0,199300.0,13920.0,25600.0,7320.0
2025-03-11,187800.0,11630.0,28100.0,53600.0,37400.0,123200.0,8040.0,3065.0,32250.0,125500.0,86100.0,3506.0,10670.0,10830.0,11160.0,33950.0,59900.0,22900.0,19570.0,12255.0,44900.0,29450.0,27450.0,18600.0,10550.0,33350.0,21750.0,50600.0,16810.0,199400.0,13350.0,25000.0,7230.0
2025-03-12,198900.0,12150.0,29250.0,54900.0,38700.0,132500.0,8180.0,3170.0,33150.0,134800.0,90400.0,3568.0,11470.0,11390.0,11480.0,35900.0,61600.0,23500.0,19710.0,12380.0,47950.0,32950.0,30000.0,20450.0,11010.0,35000.0,22550.0,53000.0,17570.0,202500.0,14000.0,27800.0,7400.0
2025-03-13,199700.0,11910.0,28500.0,54700.0,39550.0,131000.0,7940.0,3070.0,33150.0,134500.0,91000.0,3482.0,11240.0,10930.0,11450.0,34500.0,59800.0,24500.0,19660.0,12380.0,49250.0,32950.0,29050.0,20950.0,10800.0,36250.0,22700.0,51000.0,17370.0,200000.0,13340.0,27250.0,7070.0
2025-03-14,204500.0,13070.0,30700.0,54700.0,40300.0,137500.0,8260.0,3135.0,33850.0,135400.0,87800.0,3583.0,11550.0,11570.0,11710.0,35600.0,61700.0,25100.0,21200.0,12655.0,50400.0,35150.0,30550.0,21050.0,11030.0,37500.0,24500.0,57200.0,18130.0,210000.0,14090.0,27950.0,7490.0
2025-03-17,206000.0,14020.0,31500.0,57600.0,41050.0,143700.0,8250.0,3210.0,37900.0,143100.0,87100.0,3630.0,11400.0,11980.0,12030.0,38450.0,63100.0,24700.0,21650.0,12580.0,50200.0,36650.0,30000.0,21300.0,11290.0,38600.0,24800.0,59700.0,18350.0,207500.0,14590.0,28150.0,8000.0
2025-03-18,203000.0,14160.0,30650.0,57600.0,41150.0,139000.0,8100.0,3160.0,38250.0,141600.0,88400.0,3578.0,11000.0,11620.0,12000.0,39200.0,62500.0,25150.0,20850.0,12680.0,49000.0,36800.0,28950.0,20700.0,11160.0,37800.0,24600.0,58400.0,18060.0,201000.0,14370.0,27800.0,7660.0
2025-03-19,205500.0,15220.0,32350.0,58500.0,40200.0,141000.0,8220.0,3205.0,38950.0,140600.0,88500.0,3659.0,10800.0,12130.0,12170.0,39150.0,62600.0,25850.0,22000.0,11579.0,49900.0,36950.0,29950.0,22400.0,11380.0,37700.0,24700.0,58300.0,18300.0,204500.0,14690.0,27700.0,7920.0
2025-03-20,210000.0,15310.0,32100.0,60200.0,40100.0,134000.0,8010.0,3180.0,40300.0,148400.0,90400.0,3630.0,10610.0,12270.0,11910.0,39750.0,62000.0,25950.0,22150.0,11329.0,50500.0,36850.0,29850.0,22150.0,11170.0,37850.0,24450.0,58900.0,18150.0,205000.0,14350.0,28250.0,7920.0
2025-03-21,215500.0,14940.0,31800.0,61700.0,39800.0,133900.0,7940.0,3220.0,42350.0,153700.0,90300.0,3645.0,10310.0,13480.0,11800.0,38650.0,64200.0,26950.0,22150.0,11254.0,52500.0,37400.0,30050.0,22850.0,11170.0,36750.0,24400.0,62800.0,18600.0,206500.0,14360.0,28900.0,7890.0
2025-03-24,211500.0,15090.0,31650.0,60500.0,37950.0,130700.0,7770.0,3300.0,42450.0,152200.0,87000.0,3606.0,10490.0,13480.0,11440.0,38800.0,62400.0,26900.0,21500.0,11179.0,51700.0,36450.0,30550.0,23200.0,10950.0,36850.0,23750.0,63000.0,18020.0,201500.0,14110.0,28900.0,7770.0
2025-03-25,208000.0,14500.0,31200.0,59800.0,37150.0,126700.0,7530.0,3295.0,40200.0,146700.0,85200.0,3482.0,10000.0,12680.0,11510.0,37200.0,60300.0,26600.0,20400.0,10429.0,48700.0,34000.0,29050.0,21450.0,10530.0,36400.0,23550.0,60400.0,17800.0,201000.0,13540.0,29200.0,7470.0
2025-03-26,214000.0,14940.0,31350.0,61400.0,40900.0,128200.0,7580.0,3305.0,41150.0,153600.0,85000.0,3372.0,10240.0,13110.0,12380.0,37200.0,61100.0,26850.0,20750.0,10579.0,50900.0,33950.0,29200.0,21750.0,10700.0,38050.0,23500.0,62000.0,17640.0,202500.0,13700.0,29900.0,7670.0
2025-03-27,207000.0,14510.0,31550.0,61800.0,39600.0,124200.0,7450.0,3205.0,40450.0,149200.0,79900.0,3353.0,9940.0,12990.0,11990.0,35150.0,58300.0,26450.0,20350.0,10279.0,49500.0,33650.0,28200.0,21150.0,10220.0,34550.0,22700.0,61100.0,17500.0,198700.0,13240.0,28700.0,7550.0
2025-03-28,199300.0,13650.0,30000.0,60200.0,38050.0,121300.0,7230.0,3090.0,38750.0,141000.0,76500.0,3262.0,9470.0,12320.0,11310.0,34050.0,55300.0,25700.0,19920.0,9884.0,46550.0,32300.0,27350.0,20050.0,9910.0,33950.0,22350.0,59900.0,16770.0,192600.0,12660.0,27850.0,7310.0
2025-03-31,190700.0,12730.0,29150.0,57800.0,35600.0,118300.0,6890.0,3010.0,38150.0,132600.0,68200.0,3080.0,8900.0,11700.0,11100.0,31400.0,51800.0,25150.0,19300.0,9719.0,47900.0,30800.0,26150.0,19450.0,9110.0,32600.0,21000.0,57200.0,15700.0,188600.0,12280.0,26150.0,6870.0
2025-04-01,197000.0,13990.0,29400.0,58800.0,36250.0,120000.0,7020.0,2995.0,38700.0,138100.0,69700.0,3181.0,9330.0,12140.0,11110.0,33250.0,52700.0,25350.0,19900.0,10204.0,48000.0,32600.0,25650.0,19620.0,9550.0,32900.0,21500.0,59300.0,15860.0,195000.0,12910.0,26500.0,7250.0
2025-04-02,197900.0,14880.0,29550.0,58800.0,35300.0,118600.0,6860.0,2925.0,38400.0,136800.0,67000.0,3071.0,9180.0,12150.0,11020.0,32250.0,53700.0,26050.0,19670.0,10179.0,46550.0,31850.0,25800.0,19210.0,9240.0,32650.0,21700.0,59100.0,15720.0,193000.0,12290.0,26000.0,7120.0
2025-04-03,194600.0,14450.0,28800.0,57600.0,35500.0,118400.0,6830.0,2900.0,38200.0,136500.0,67200.0,3004.0,9000.0,11930.0,10480.0,31800.0,51300.0,26000.0,19310.0,10179.0,46550.0,31400.0,24900.0,18540.0,9210.0,31850.0,21100.0,57500.0,14870.0,185100.0,12150.0,25800.0,7090.0
2025-04-04,182200.0,13820.0,27550.0,56100.0,32650.0,112000.0,6770.0,2855.0,36200.0,125100.0,65500.0,2999.0,9120.0,11300.0,10060.0,30750.0,49900.0,25300.0,18880.0,9914.0,42600.0,28900.0,24400.0,18100.0,9220.0,29600.0,20450.0,55700.0,14700.0,174300.0,12000.0,24900.0,6860.0
2025-04-07,164800.0,12150.0,25750.0,53200.0,28650.0,100400.0,6140.0,2620.0,34050.0,117200.0,60200.0,2788.0,8380.0,10260.0,9110.0,28050.0,45200.0,24250.0,17980.0,8653.0,40400.0,26950.0,22200.0,16800.0,8600.0,26700.0,18670.0,51500.0,13340.0,165600.0,11060.0,22550.0,6240.0
2025-04-08,169500.0,12490.0,26050.0,53500.0,30250.0,99100.0,6190.0,2645.0,34700.0,118400.0,61200.0,2788.0,8480.0,10320.0,8800.0,28650.0,45550.0,24650.0,17750.0,8748.0,40800.0,26650.0,22150.0,17230.0,8640.0,26250.0,18680.0,53100.0,13320.0,167000.0,11200.0,22950.0,6100.0
2025-04-09,165000.0,12410.0,25400.0,53000.0,29100.0,95100.0,6060.0,2575.0,35050.0,113100.0,59500.0,2755.0,8070.0,10190.0,8670.0,27350.0,43600.0,24500.0,17710.0,8653.0,39200.0,26050.0,21750.0,17220.0,8390.0,24850.0,18160.0,51300.0,13120.0,161200.0,10990.0,22100.0,5970.0
2025-04-10,183200.0,13600.0,27050.0,56400.0,32850.0,104700.0,6450.0,2795.0,36800.0,119900.0,65800.0,2918.0,8920.0,10960.0,9140.0,29950.0,47950.0,25950.0,18790.0,9569.0,41950.0,27700.0,23350.0,17820.0,9050.0,25700.0,19200.0,54500.0,14190.0,175400.0,11890.0,23900.0,6430.0
2025-04-11,180800.0,13700.0,28050.0,55200.0,32700.0,108800.0,6640.0,2800.0,36050.0,121700.0,68700.0,2922.0,9050.0,11000.0,9010.0,29650.0,49050.0,26850.0,19020.0,10104.0,41100.0,27700.0,23450.0,17810.0,9220.0,25350.0,19380.0,55200.0,14460.0,176400.0,11870.0,24000.0,6410.0
2025-04-14,180200.0,14000.0,27900.0,56200.0,32850.0,112800.0,6810.0,2915.0,36000.0,120000.0,67900.0,3109.0,9420.0,11280.0,9150.0,30250.0,48900.0,27100.0,19100.0,10504.0,41850.0,28250.0,23650.0,17370.0,9370.0,24650.0,20900.0,56400.0,14650.0,174400.0,13250.0,24300.0,6550.0
2025-04-15,180600.0,13870.0,28200.0,56600.0,32850.0,115100.0,6940.0,2920.0,36050.0,118300.0,67600.0,3147.0,9780.0,11280.0,9450.0,30750.0,49750.0,27700.0,19320.0,10979.0,42050.0,28500.0,24100.0,17490.0,9410.0,24600.0,20300.0,56500.0,14860.0,177500.0,13250.0,24350.0,6720.0
2025-04-16,174000.0,13010.0,26850.0,54700.0,31150.0,110900.0,6810.0,2830.0,34100.0,113100.0,64700.0,3071.0,9700.0,10580.0,8990.0,28750.0,47500.0,26850.0,18670.0,10554.0,40000.0,26300.0,23350.0,16650.0,8960.0,23000.0,19290.0,56200.0,14360.0,173000.0,13270.0,23700.0,6400.0
2025-04-17,175000.0,13400.0,27400.0,55100.0,32900.0,110800.0,6950.0,2890.0,34800.0,114800.0,68000.0,3109.0,9840.0,10740.0,9290.0,30750.0,48150.0,27500.0,18900.0,10654.0,41250.0,27000.0,24300.0,16970.0,9100.0,23400.0,19530.0,55200.0,14430.0,178000.0,13600.0,24050.0,6530.0
2025-04-18,175000.0,13480.0,27700.0,55300.0,33150.0,111000.0,7550.0,2890.0,35000.0,115800.0,73200.0,3123.0,9860.0,10830.0,9270.0,31550.0,48800.0,27050.0,18930.0,10654.0,43500.0,26800.0,24000.0,16780.0,9080.0,23200.0,19700.0,57300.0,14410.0,175000.0,13350.0,24300.0,6510.0
2025-04-21,176600.0,13780.0,29400.0,55400.0,34400.0,115600.0,7430.0,2895.0,35950.0,115800.0,75100.0,3200.0,9720.0,11220.0,9340.0,31150.0,49500.0,26500.0,19080.0,11054.0,44650.0,26950.0,24150.0,16900.0,9060.0,23350.0,19700.0,57300.0,14410.0,175800.0,14090.0,23800.0,6550.0
2025-04-22,173800.0,13650.0,29350.0,55000.0,33150.0,113700.0,7340.0,2895.0,34700.0,115000.0,74900.0,3195.0,9630.0,11010.0,9440.0,30500.0,48750.0,26700.0,18920.0,10804.0,43400.0,26500.0,24150.0,16650.0,8990.0,23550.0,19210.0,54100.0,14270.0,176700.0,13470.0,23500.0,6470.0
2025-04-23,181000.0,14250.0,29650.0,55700.0,34600.0,118400.0,7580.0,3020.0,37450.0,120600.0,85600.0,3262.0,10040.0,11490.0,10180.0,34100.0,51700.0,26950.0,19420.0,11129.0,44400.0,28000.0,24500.0,17410.0,9370.0,26100.0,20150.0,55700.0,14700.0,178800.0,13660.0,24400.0,6670.0
2025-04-24,178300.0,14280.0,30600.0,55700.0,33400.0,119000.0,7510.0,3030.0,36200.0,119600.0,83300.0,3233.0,10100.0,11130.0,9860.0,33500.0,51400.0,26700.0,19280.0,10929.0,42650.0,27900.0,24050.0,17090.0,9640.0,25550.0,20200.0,55100.0,14600.0,175000.0,13410.0,24800.0,6650.0
2025-04-25,184400.0,14800.0,31100.0,55700.0,33950.0,120400.0,7630.0,3080.0,36800.0,120600.0,82500.0,3281.0,10420.0,11370.0,10400.0,34800.0,52900.0,26500.0,19540.0,11254.0,43800.0,28550.0,24350.0,17090.0,10370.0,26050.0,21450.0,55900.0,14740.0,178900.0,13530.0,24050.0,6800.0
2025-04-28,182000.0,14410.0,29650.0,55800.0,33050.0,117500.0,7950.0,3045.0,34900.0,116600.0,75900.0,3262.0,10120.0,11050.0,10220.0,33650.0,50700.0,25500.0,19300.0,10529.0,41950.0,28050.0,24000.0,16340.0,10320.0,25600.0,21150.0,54700.0,14630.0,172800.0,13100.0,22250.0,6560.0
2025-04-29,180800.0,14370.0,29600.0,55800.0,34000.0,116900.0,7740.0,3045.0,35250.0,117400.0,77200.0,3267.0,9990.0,11130.0,10140.0,34350.0,50800.0,25500.0,19600.0,10479.0,42000.0,28300.0,24000.0,16570.0,10200.0,26100.0,22100.0,54600.0,14700.0,175800.0,13130.0,22750.0,6710.0
2025-04-30,177500.0,14000.0,29150.0,55500.0,31850.0,115700.0,7570.0,2995.0,33600.0,115300.0,76100.0,3209.0,9760.0,10880.0,9880.0,33900.0,49550.0,24800.0,20200.0,10554.0,41000.0,27800.0,23100.0,15740.0,10000.0,26100.0,22050.0,53600.0,13960.0,174000.0,12600.0,22450.0,6480.0
2025-05-02,186000.0,14120.0,29950.0,54300.0,36700.0,115200.0,7420.0,3005.0,34050.0,118500.0,76300.0,3138.0,9800.0,11010.0,10000.0,34400.0,51800.0,24900.0,20400.0,10529.0,42150.0,28600.0,22200.0,16080.0,9910.0,26350.0,22800.0,54500.0,14180.0,178000.0,12830.0,22450.0,6590.0
2025-05-07,190800.0,14650.0,29950.0,54600.0,37200.0,112400.0,7620.0,3035.0,33950.0,116800.0,77700.0,3147.0,9830.0,11200.0,10050.0,35150.0,52400.0,25550.0,19840.0,10704.0,42700.0,28700.0,20000.0,16120.0,10100.0,26500.0,22950.0,55500.0,14230.0,175600.0,13090.0,22800.0,6450.0
2025-05-08,190300.0,14780.0,29900.0,54600.0,38200.0,114400.0,7630.0,3035.0,33900.0,119100.0,78500.0,3171.0,9650.0,11240.0,10380.0,34350.0,54100.0,25750.0,19990.0,11279.0,43800.0,28200.0,19700.0,16160.0,10030.0,26750.0,22800.0,56100.0,14220.0,174900.0,13140.0,22800.0,6590.0
2025-05-09,190100.0,14400.0,28150.0,54800.0,39550.0,112100.0,7910.0,3010.0,34200.0,116900.0,77400.0,3166.0,9410.0,11000.0,10130.0,33700.0,53600.0,26000.0,19600.0,10904.0,44000.0,28400.0,18990.0,15930.0,9900.0,26150.0,22500.0,55200.0,14280.0,173800.0,13050.0,22550.0,6520.0
2025-05-12,195000.0,15270.0,30500.0,57600.0,40300.0,117100.0,8140.0,3105.0,35650.0,126800.0,83000.0,3300.0,9640.0,11830.0,10520.0,35250.0,54900.0,27100.0,20300.0,11204.0,45450.0,30750.0,19650.0,17280.0,10260.0,27100.0,23650.0,56500.0,15140.0,182600.0,13430.0,23450.0,6790.0
2025-05-13,198500.0,15330.0,30700.0,56900.0,41100.0,116200.0,8190.0,3110.0,35150.0,130600.0,81000.0,3315.0,9650.0,11650.0,10340.0,37450.0,55800.0,27000.0,20350.0,11079.0,45700.0,30800.0,19950.0,17680.0,10100.0,27850.0,23450.0,54800.0,15430.0,182600.0,13130.0,23850.0,6780.0
2025-05-14,206000.0,16070.0,30800.0,57400.0,43500.0,119900.0,8200.0,3165.0,36300.0,134400.0,83800.0,3339.0,9730.0,11820.0,10660.0,39250.0,57000.0,27050.0,21100.0,11729.0,46900.0,32150.0,20400.0,18000.0,10280.0,28850.0,23450.0,57200.0,15750.0,187000.0,13420.0,24400.0,6890.0
2025-05-15,200500.0,15480.0,30000.0,57300.0,41500.0,126500.0,8070.0,3150.0,35500.0,135000.0,81900.0,3319.0,9680.0,11430.0,10360.0,36850.0,53000.0,26450.0,20700.0,11504.0,45150.0,31250.0,20050.0,17420.0,9910.0,27800.0,22650.0,56400.0,15260.0,179800.0,12980.0,23950.0,6820.0
2025-05-16,204500.0,15790.0,29500.0,56800.0,41400.0,124000.0,8250.0,3065.0,35100.0,138000.0,91500.0,3238.0,9660.0,11220.0,10690.0,37600.0,52400.0,28700.0,20550.0,11780.0,40800.0,30250.0,19450.0,16940.0,9770.0,27800.0,22800.0,56500.0,15010.0,177900.0,12660.0,23350.0,6710.0
2025-05-19,199400.0,15170.0,29000.0,55800.0,40100.0,128100.0,7760.0,2970.0,33550.0,132800.0,85700.0,3138.0,9300.0,10950.0,10270.0,36050.0,50100.0,29300.0,20150.0,11429.0,40450.0,29700.0,19200.0,16350.0,9540.0,26900.0,22050.0,54100.0,14650.0,169700.0,12300.0,22150.0,6520.0
2025-05-20,202000.0,15080.0,28600.0,55900.0,40550.0,125000.0,7840.0,2930.0,33000.0,131500.0,85400.0,3142.0,9460.0,10860.0,10190.0,35000.0,50200.0,30250.0,20850.0,11679.0,40000.0,29350.0,18800.0,16850.0,9630.0,26850.0,22500.0,53700.0,14740.0,166200.0,12190.0,22250.0,6480.0
2025-05-21,200500.0,15040.0,28600.0,55700.0,39850.0,122300.0,8040.0,2920.0,33000.0,131300.0,84200.0,3162.0,9420.0,10790.0,10160.0,35400.0,50800.0,29450.0,20750.0,12155.0,40100.0,25900.0,18640.0,18110.0,9550.0,26650.0,22350.0,52400.0,14830.0,166000.0,12240.0,22250.0,6460.0
2025-05-22,196900.0,14250.0,27650.0,54700.0,39300.0,119200.0,7910.0,2880.0,31800.0,128000.0,81200.0,3133.0,9020.0,10350.0,9950.0,33600.0,49150.0,28900.0,19860.0,11304.0,39100.0,24700.0,18000.0,17990.0,9320.0,25150.0,21500.0,51800.0,14610.0,161600.0,12110.0,21350.0,6430.0
2025-05-23,200000.0,14160.0,27600.0,54200.0,39700.0,118200.0,7710.0,2820.0,31150.0,133900.0,78400.0,3095.0,9030.0,10160.0,9970.0,33550.0,49500.0,28600.0,19740.0,11129.0,39350.0,24000.0,18000.0,17720.0,9160.0,24950.0,20700.0,52700.0,14460.0,159300.0,11700.0,21300.0,6290.0
2025-05-26,203000.0,14470.0,28550.0,54700.0,41750.0,122100.0,7720.0,2875.0,31600.0,141900.0,83800.0,3119.0,9170.0,10310.0,12000.0,35600.0,51300.0,28650.0,19850.0,12255.0,39950.0,24400.0,18240.0,18840.0,9310.0,25750.0,21150.0,53700.0,14660.0,157900.0,11850.0,21850.0,6310.0
2025-05-27,202500.0,14400.0,28100.0,53900.0,41950.0,120500.0,7530.0,2835.0,31450.0,143300.0,82300.0,2999.0,9030.0,10230.0,11410.0,34200.0,50500.0,28850.0,19670.0,12280.0,38900.0,24700.0,18110.0,18660.0,9260.0,24800.0,20250.0,53100.0,14450.0,156000.0,11360.0,21850.0,6100.0
2025-05-28,208000.0,15870.0,28700.0,55900.0,40550.0,123900.0,7730.0,2920.0,32000.0,147200.0,84400.0,3032.0,9250.0,10630.0,11370.0,35100.0,51300.0,28850.0,20000.0,11930.0,40300.0,25750.0,18430.0,19190.0,9600.0,25500.0,20350.0,53800.0,15110.0,160000.0,11770.0,22350.0,6210.0
2025-05-29,212000.0,16040.0,28800.0,56100.0,41150.0,124200.0,7850.0,2960.0,32200.0,145500.0,83300.0,3119.0,9270.0,10640.0,10900.0,35700.0,51400.0,28950.0,20450.0,11880.0,40750.0,25650.0,18690.0,18730.0,9700.0,25200.0,21350.0,54300.0,15260.0,161600.0,12000.0,22850.0,6330.0
2025-05-30,204500.0,15130.0,28300.0,56200.0,38400.0,133000.0,7670.0,3000.0,31400.0,143900.0,80400.0,3166.0,9080.0,10690.0,10560.0,33250.0,50800.0,28500.0,20400.0,11354.0,39800.0,25400.0,18340.0,17890.0,9390.0,24350.0,20550.0,53500.0,14980.0,159600.0,11620.0,22250.0,6220.0
2025-06-02,207500.0,14920.0,27950.0,56800.0,38100.0,132200.0,7680.0,3025.0,31400.0,145000.0,80000.0,3157.0,8920.0,10430.0,10450.0,33500.0,49950.0,28800.0,20350.0,11254.0,39800.0,25400.0,18130.0,17890.0,9300.0,24600.0,20700.0,53100.0,14960.0,161200.0,11670.0,22000.0,6220.0
2025-06-04,217500.0,15720.0,28200.0,57800.0,40050.0,131000.0,7940.0,3095.0,31600.0,147800.0,82800.0,3233.0,9040.0,10850.0,10790.0,34250.0,51600.0,29950.0,21100.0,11454.0,39950.0,25350.0,18520.0,18070.0,9460.0,25100.0,21000.0,52900.0,15180.0,164000.0,13210.0,22250.0,6480.0
2025-06-05,224500.0,15720.0,29700.0,59100.0,40650.0,139300.0,8130.0,3135.0,32600.0,150600.0,82700.0,3386.0,9340.0,11200.0,12030.0,35500.0,55200.0,31850.0,21250.0,13080.0,41050.0,25700.0,19310.0,21300.0,9630.0,25750.0,21500.0,52900.0,15610.0,166700.0,13480.0,22850.0,6620.0
2025-06-09,229000.0,15990.0,30000.0,59800.0,41200.0,137300.0,8010.0,3140.0,32550.0,147300.0,83500.0,3463.0,9400.0,11340.0,11600.0,35200.0,54100.0,31700.0,21800.0,13030.0,41100.0,25450.0,21600.0,21750.0,9580.0,26150.0,21450.0,52900.0,15690.0,166600.0,13610.0,24000.0,6640.0
2025-06-10,230500.0,15880.0,30050.0,59200.0,41100.0,139700.0,7930.0,3105.0,30950.0,147200.0,82900.0,3425.0,9300.0,11470.0,11310.0,34050.0,53200.0,31300.0,21500.0,13130.0,40650.0,25350.0,21300.0,21500.0,9550.0,26500.0,21500.0,53200.0,15560.0,168700.0,13800.0,24150.0,6580.0
2025-06-11,240000.0,17360.0,30800.0,59900.0,44800.0,158200.0,7990.0,3155.0,32250.0,148100.0,85800.0,3473.0,9480.0,11920.0,11600.0,35500.0,56700.0,31650.0,23950.0,13380.0,41950.0,26650.0,23650.0,23300.0,9790.0,27500.0,22750.0,54700.0,16330.0,171900.0,14030.0,27700.0,6790.0
2025-06-12,235500.0,16870.0,30750.0,59500.0,43500.0,152800.0,7940.0,3150.0,32000.0,148400.0,88000.0,3525.0,9280.0,11700.0,11450.0,35150.0,55100.0,31350.0,23050.0,12905.0,40650.0,25950.0,23950.0,23500.0,9690.0,27200.0,22400.0,53900.0,16220.0,169400.0,13820.0,28500.0,6670.0
2025-06-13,235500.0,16190.0,29800.0,58300.0,44300.0,148800.0,7590.0,3035.0,31050.0,145400.0,86800.0,3425.0,8810.0,11540.0,11200.0,32650.0,53000.0,30950.0,22000.0,12930.0,39900.0,24950.0,23800.0,24000.0,9450.0,26200.0,22000.0,53400.0,15590.0,167000.0,13220.0,27650.0,6400.0
2025-06-16,248000.0,16850.0,29850.0,57200.0,44300.0,149400.0,7660.0,3090.0,31200.0,147200.0,87500.0,3396.0,8580.0,11430.0,11130.0,34150.0,53000.0,31700.0,22200.0,12805.0,39350.0,25050.0,23700.0,23700.0,9390.0,26200.0,21950.0,52900.0,15590.0,166200.0,13640.0,28200.0,6240.0
2025-06-17,249000.0,16560.0,30900.0,58100.0,45850.0,153900.0,7680.0,3130.0,31800.0,153300.0,87000.0,3382.0,8680.0,11670.0,11340.0,34000.0,53200.0,32500.0,22100.0,14005.0,39350.0,25400.0,26350.0,23900.0,9450.0,26500.0,22000.0,53000.0,15700.0,167800.0,14590.0,28200.0,6280.0
2025-06-18,246500.0,16580.0,31400.0,59800.0,45300.0,152400.0,8010.0,3190.0,31750.0,156100.0,87500.0,3568.0,9170.0,11750.0,11300.0,34050.0,53200.0,32450.0,22300.0,13855.0,39700.0,25550.0,26050.0,23300.0,9480.0,26500.0,21650.0,52800.0,15810.0,170800.0,14770.0,28500.0,6340.0
2025-06-19,246000.0,16220.0,30900.0,59200.0,47150.0,158000.0,7980.0,3200.0,31650.0,153600.0,92500.0,3530.0,9230.0,11900.0,11200.0,33800.0,53500.0,32150.0,22000.0,13480.0,39150.0,25500.0,25750.0,23300.0,9470.0,26700.0,21650.0,51800.0,17050.0,169300.0,14410.0,28200.0,6350.0
2025-06-20,257000.0,16280.0,30950.0,59500.0,46450.0,162900.0,7910.0,3220.0,31500.0,159800.0,93000.0,3559.0,9260.0,11860.0,11200.0,33950.0,53400.0,31900.0,22250.0,13630.0,39750.0,25650.0,25900.0,24500.0,9490.0,26400.0,20650.0,51200.0,16940.0,183900.0,14410.0,28150.0,6440.0
2025-06-23,259500.0,15480.0,29800.0,58000.0,45600.0,158900.0,7710.0,3130.0,30250.0,152700.0,90400.0,3406.0,9010.0,11500.0,10760.0,32750.0,51300.0,31650.0,21850.0,13255.0,38150.0,24650.0,26000.0,23350.0,9140.0,25600.0,19440.0,49850.0,16540.0,176100.0,14190.0,27600.0,6330.0
2025-06-24,278500.0,16030.0,32100.0,60500.0,49150.0,163700.0,7920.0,3265.0,31550.0,157700.0,92800.0,3506.0,9200.0,12250.0,11260.0,32950.0,53400.0,35400.0,22850.0,13405.0,39500.0,25550.0,26350.0,24050.0,9510.0,26900.0,19860.0,50900.0,17680.0,179900.0,14790.0,27800.0,6630.0
2025-06-25,286000.0,16110.0,33750.0,61300.0,48850.0,162000.0,8090.0,3385.0,32100.0,168900.0,97500.0,3549.0,9350.0,12670.0,11520.0,33400.0,62000.0,36200.0,23200.0,13230.0,40450.0,26350.0,27350.0,24100.0,9640.0,27350.0,20250.0,51800.0,17710.0,182000.0,15140.0,28750.0,7100.0
2025-06-26,293000.0,16290.0,33300.0,60200.0,50500.0,165600.0,7930.0,3290.0,32700.0,171400.0,103700.0,3587.0,9300.0,12440.0,11400.0,33650.0,62000.0,39200.0,22450.0,13080.0,40550.0,25800.0,29050.0,23400.0,9730.0,27250.0,20250.0,51600.0,17830.0,179300.0,14830.0,29250.0,7140.0
2025-06-27,284000.0,15790.0,32650.0,60800.0,50300.0,167000.0,7730.0,3220.0,31800.0,169000.0,102900.0,3496.0,9060.0,12280.0,11180.0,32800.0,59400.0,38400.0,22150.0,12855.0,39800.0,26150.0,28200.0,23250.0,9440.0,27200.0,19860.0,50600.0,17470.0,178000.0,14410.0,28650.0,6970.0
2025-06-30,292000.0,15530.0,32700.0,59800.0,52300.0,171700.0,7680.0,3150.0,31050.0,168200.0,102000.0,3429.0,8900.0,11950.0,11000.0,33350.0,59800.0,38700.0,22000.0,12555.0,39500.0,25650.0,28100.0,24100.0,9290.0,26450.0,20100.0,50700.0,17320.0,180000.0,14300.0,27750.0,7250.0
2025-07-01,285500.0,15200.0,32350.0,60200.0,50700.0,167000.0,7810.0,3150.0,30700.0,173900.0,96700.0,3453.0,8880.0,11920.0,11020.0,32300.0,58700.0,38550.0,21700.0,12305.0,39000.0,25700.0,27500.0,23550.0,9290.0,26400.0,19870.0,50200.0,17450.0,180800.0,14190.0,27700.0,7330.0
2025-07-02,279000.0,14890.0,31850.0,60800.0,49150.0,164500.0,7700.0,3120.0,30850.0,174300.0,93900.0,3372.0,8820.0,11740.0,10900.0,31450.0,57800.0,38450.0,21400.0,12230.0,38750.0,25200.0,28250.0,22450.0,9290.0,26000.0,19660.0,49000.0,17060.0,182000.0,13800.0,26950.0,7230.0
2025-07-03,278500.0,15700.0,33000.0,63800.0,52500.0,170600.0,8100.0,3260.0,31550.0,188900.0,95300.0,3516.0,9290.0,12630.0,11400.0,32400.0,61300.0,38900.0,22550.0,12655.0,40100.0,26500.0,29700.0,23500.0,9460.0,28300.0,20450.0,50700.0,17810.0,187600.0,14360.0,27900.0,7390.0
2025-07-04,270500.0,15200.0,31950.0,63300.0,53400.0,164800.0,7980.0,3220.0,30550.0,182000.0,94300.0,3449.0,9150.0,12210.0,11090.0,31050.0,60600.0,39600.0,21900.0,12205.0,39650.0,25900.0,29400.0,22900.0,9290.0,28600.0,20100.0,50100.0,17850.0,184800.0,13870.0,27100.0,7300.0
2025-07-07,271000.0,15080.0,31550.0,61700.0,52100.0,168500.0,7820.0,3160.0,30200.0,185100.0,94300.0,3425.0,9150.0,11980.0,10950.0,30300.0,61100.0,39600.0,21750.0,11805.0,39300.0,25450.0,28250.0,22300.0,9200.0,27800.0,20250.0,47850.0,17470.0,183300.0,13980.0,26800.0,7120.0
2025-07-08,282000.0,15290.0,31600.0,61400.0,58800.0,170000.0,7960.0,3125.0,30650.0,188000.0,96000.0,3396.0,8880.0,11560.0,10830.0,30800.0,60500.0,39700.0,21800.0,11454.0,39350.0,25200.0,28350.0,22600.0,9150.0,27800.0,20250.0,48850.0,17930.0,179300.0,13860.0,26650.0,7210.0
2025-07-09,281000.0,14990.0,30650.0,60400.0,58800.0,168800.0,7940.0,3095.0,30100.0,185100.0,94600.0,3348.0,8840.0,11460.0,10750.0,30450.0,60200.0,40850.0,21550.0,11429.0,38850.0,24700.0,28200.0,22150.0,8990.0,27500.0,19790.0,48950.0,17970.0,177300.0,13560.0,26300.0,7190.0
2025-07-10,297000.0,14850.0,30500.0,61000.0,57600.0,170000.0,7930.0,3075.0,30250.0,199400.0,97500.0,3363.0,8940.0,11360.0,11190.0,30050.0,59600.0,41400.0,22000.0,11304.0,38900.0,24500.0,27600.0,22300.0,8870.0,27400.0,19940.0,49100.0,17910.0,179800.0,13380.0,25950.0,7030.0
2025-07-11,294500.0,15000.0,30850.0,62600.0,55600.0,179500.0,7910.0,3135.0,30100.0,214000.0,95400.0,3410.0,8760.0,11450.0,11650.0,30050.0,60800.0,40900.0,22700.0,11304.0,39150.0,25050.0,27200.0,22600.0,8890.0,27950.0,20100.0,49000.0,17650.0,194700.0,13380.0,26250.0,7200.0
2025-07-14,300000.0,14600.0,30450.0,62500.0,56200.0,174300.0,8250.0,3145.0,30200.0,213000.0,89600.0,3401.0,8650.0,11030.0,11520.0,29000.0,63000.0,40350.0,22900.0,11029.0,38800.0,24900.0,26650.0,22300.0,8710.0,27500.0,19930.0,48400.0,17920.0,192100.0,12940.0,26050.0,7130.0
2025-07-15,298500.0,15220.0,30950.0,63700.0,59100.0,174700.0,8080.0,3210.0,30400.0,213000.0,91300.0,3841.0,8270.0,11090.0,11690.0,30000.0,65700.0,40050.0,23300.0,11079.0,39200.0,25450.0,26850.0,25500.0,8840.0,28500.0,20250.0,49100.0,18770.0,197000.0,13270.0,26050.0,7260.0
2025-07-16,296000.0,14690.0,31150.0,64700.0,60200.0,173500.0,8150.0,3185.0,30400.0,219500.0,91100.0,3803.0,8360.0,11110.0,13090.0,29500.0,64500.0,39600.0,23150.0,10904.0,39200.0,25400.0,26500.0,25750.0,8860.0,28000.0,20000.0,48500.0,19530.0,211500.0,13300.0,26100.0,7120.0
2025-07-17,269500.0,14610.0,31300.0,66700.0,60400.0,182400.0,8190.0,3225.0,30350.0,224500.0,88300.0,3745.0,8400.0,11080.0,12590.0,29300.0,59800.0,38750.0,23250.0,10679.0,39500.0,25450.0,26400.0,25000.0,9100.0,28100.0,20600.0,48600.0,20050.0,214000.0,13400.0,25900.0,7140.0
2025-07-18,269000.0,14350.0,31200.0,67100.0,60300.0,180700.0,8300.0,3225.0,30150.0,227500.0,87800.0,3702.0,8670.0,11140.0,12000.0,29100.0,61500.0,37600.0,22800.0,10504.0,39200.0,25150.0,26250.0,25000.0,8940.0,27400.0,19950.0,47950.0,20300.0,210500.0,13370.0,26050.0,7020.0
2025-07-21,272500.0,14230.0,31900.0,67800.0,61200.0,181300.0,8340.0,3225.0,30250.0,222500.0,88700.0,3807.0,8770.0,10950.0,11790.0,29000.0,61100.0,38500.0,23250.0,10704.0,39400.0,25300.0,25800.0,24550.0,8930.0,27300.0,19470.0,48000.0,20500.0,212000.0,13220.0,25750.0,7010.0
2025-07-22,268500.0,13840.0,30650.0,66000.0,59200.0,180800.0,8190.0,3130.0,29800.0,214000.0,86600.0,3669.0,8700.0,10650.0,12400.0,28000.0,58900.0,38150.0,22650.0,10304.0,38300.0,25000.0,25000.0,23350.0,8750.0,26600.0,18880.0,47500.0,19960.0,211500.0,12830.0,25350.0,6810.0
2025-07-23,269000.0,13580.0,30700.0,66400.0,59200.0,170300.0,8200.0,3105.0,29500.0,211500.0,86100.0,3621.0,8820.0,10800.0,13300.0,28000.0,58500.0,38150.0,22600.0,10379.0,39100.0,24750.0,24800.0,23350.0,8600.0,27450.0,18680.0,46250.0,20400.0,208500.0,12560.0,25050.0,6820.0
2025-07-24,269500.0,13630.0,30400.0,66000.0,60200.0,174000.0,8060.0,3090.0,29150.0,211500.0,84600.0,3630.0,9070.0,10800.0,13080.0,27050.0,58900.0,37550.0,22250.0,10379.0,38800.0,24600.0,24200.0,22700.0,8520.0,28050.0,18460.0,46150.0,20300.0,205500.0,12390.0,24850.0,6680.0
2025-07-25,266000.0,13500.0,29800.0,65900.0,60500.0,176900.0,8030.0,3055.0,28900.0,214000.0,85700.0,3602.0,8950.0,10760.0,12910.0,27000.0,58300.0,36800.0,21900.0,10129.0,38400.0,24550.0,24050.0,22550.0,8390.0,27600.0,18580.0,45600.0,20250.0,201000.0,12380.0,24500.0,6700.0
2025-07-28,262000.0,14020.0,32550.0,70400.0,59900.0,183700.0,8200.0,3230.0,29750.0,215000.0,85200.0,3793.0,9290.0,11250.0,12700.0,27950.0,61300.0,42150.0,23050.0,10504.0,39850.0,25600.0,24350.0,23150.0,8820.0,29600.0,19380.0,46900.0,20750.0,232500.0,13390.0,25550.0,7000.0
2025-07-29,262500.0,13750.0,32700.0,70600.0,62300.0,184400.0,8470.0,3240.0,29150.0,211000.0,84400.0,3673.0,9050.0,11190.0,12780.0,27800.0,59500.0,43300.0,24000.0,10329.0,38700.0,25300.0,24400.0,22600.0,8760.0,29200.0,19350.0,46650.0,20350.0,245500.0,13100.0,25550.0,7010.0
2025-07-30,263500.0,13950.0,32250.0,72600.0,63700.0,183400.0,8300.0,3305.0,29550.0,213500.0,85900.0,3894.0,9320.0,12670.0,12880.0,27800.0,57800.0,43300.0,24000.0,10404.0,38900.0,26650.0,25500.0,23450.0,8750.0,30650.0,19820.0,46950.0,23800.0,248500.0,13110.0,27100.0,7160.0
2025-07-31,273500.0,13820.0,31700.0,71400.0,65000.0,182100.0,8120.0,3275.0,27250.0,218500.0,91900.0,3841.0,9280.0,12890.0,12470.0,28000.0,60500.0,42450.0,23850.0,10329.0,39000.0,26100.0,24450.0,23050.0,8570.0,30350.0,19830.0,47450.0,23900.0,237500.0,12960.0,26850.0,7100.0
2025-08-01,258000.0,13110.0,29650.0,68900.0,62200.0,170500.0,7770.0,3120.0,26350.0,203500.0,86800.0,3654.0,8560.0,12140.0,12010.0,26650.0,58200.0,40750.0,22300.0,9624.0,37300.0,24400.0,23200.0,21650.0,8210.0,29050.0,18620.0,45850.0,22700.0,220000.0,12240.0,24800.0,6580.0
2025-08-04,258000.0,13300.0,29600.0,69700.0,65300.0,172300.0,7940.0,3125.0,27050.0,210000.0,86800.0,3654.0,8580.0,12010.0,11950.0,26950.0,58000.0,41050.0,22750.0,9909.0,37700.0,24300.0,23550.0,22000.0,8240.0,30150.0,18770.0,46650.0,22450.0,219000.0,12270.0,24550.0,6840.0
2025-08-05,263500.0,13530.0,29800.0,69900.0,66300.0,175100.0,8110.0,3140.0,27100.0,214000.0,87900.0,3626.0,8750.0,11960.0,12090.0,28500.0,59400.0,40850.0,22550.0,10004.0,37850.0,24800.0,23500.0,22300.0,8320.0,30350.0,18920.0,46900.0,22850.0,222500.0,12390.0,25150.0,6920.0
2025-08-06,258500.0,13400.0,29400.0,68800.0,64900.0,173300.0,8140.0,3170.0,27650.0,213000.0,88400.0,3597.0,8850.0,11760.0,12260.0,28500.0,58400.0,39750.0,22200.0,9999.0,38150.0,24800.0,23400.0,23300.0,8300.0,29850.0,18920.0,46950.0,22800.0,220500.0,12310.0,26900.0,7020.0
2025-08-07,262000.0,13620.0,30400.0,70500.0,64300.0,174700.0,8200.0,3180.0,27450.0,232000.0,87500.0,3707.0,9210.0,11850.0,12340.0,29150.0,59400.0,41400.0,22600.0,10054.0,38950.0,25050.0,24000.0,23600.0,8330.0,31150.0,19020.0,48700.0,22250.0,233500.0,12260.0,26150.0,6990.0
2025-08-08,256500.0,13430.0,31200.0,71800.0,64600.0,173800.0,8220.0,3250.0,27950.0,235000.0,87000.0,3812.0,9520.0,12140.0,12750.0,29300.0,59500.0,41700.0,22700.0,10204.0,40400.0,25400.0,24450.0,27850.0,8400.0,32950.0,19280.0,48500.0,23450.0,231000.0,12460.0,26800.0,7060.0
2025-08-11,267000.0,13760.0,31700.0,71000.0,65600.0,176700.0,8250.0,3285.0,28300.0,230000.0,90600.0,3855.0,9370.0,12230.0,12640.0,29200.0,60100.0,43350.0,23550.0,10354.0,40350.0,25900.0,24250.0,28050.0,8510.0,33250.0,19050.0,47900.0,23750.0,233500.0,12930.0,26450.0,7050.0
2025-08-12,269000.0,13720.0,31700.0,71100.0,62600.0,174000.0,8210.0,3270.0,27950.0,230000.0,89500.0,3903.0,9170.0,12070.0,12670.0,29450.0,58400.0,42000.0,23750.0,10029.0,40200.0,25900.0,24600.0,27100.0,8790.0,32550.0,20550.0,47150.0,23400.0,234500.0,12830.0,26000.0,7000.0
2025-08-13,278000.0,14340.0,32500.0,71900.0,62900.0,176000.0,8300.0,3350.0,28400.0,239000.0,91500.0,3975.0,9170.0,12570.0,12860.0,29350.0,64400.0,43400.0,24850.0,10404.0,41450.0,26350.0,25300.0,25750.0,8820.0,35700.0,21900.0,47400.0,24000.0,243000.0,12820.0,26550.0,7200.0
2025-08-14,276500.0,13970.0,32450.0,71600.0,61500.0,171600.0,8320.0,3310.0,28450.0,235000.0,93000.0,3903.0,9690.0,12370.0,12800.0,29200.0,64400.0,41000.0,24900.0,10204.0,41000.0,26100.0,25100.0,25000.0,8720.0,34950.0,22500.0,47400.0,23350.0,243000.0,12680.0,27100.0,7090.0
2025-08-18,267500.0,13430.0,31150.0,70000.0,59700.0,169200.0,8050.0,3320.0,27600.0,223000.0,88800.0,3827.0,9780.0,12190.0,12650.0,28250.0,61100.0,40450.0,24150.0,10004.0,38750.0,24950.0,23600.0,24350.0,8360.0,33300.0,21250.0,45700.0,22850.0,229000.0,12090.0,26750.0,6940.0
2025-08-19,263000.0,13030.0,30900.0,70000.0,58600.0,173600.0,8010.0,3325.0,27300.0,212000.0,89900.0,3779.0,9520.0,11950.0,12340.0,27950.0,61000.0,38750.0,23850.0,9809.0,38500.0,24450.0,23550.0,24150.0,8170.0,33000.0,22000.0,45050.0,22650.0,229000.0,11900.0,26300.0,6840.0
2025-08-20,255500.0,12840.0,30150.0,70500.0,55300.0,168500.0,7750.0,3265.0,26800.0,212000.0,87100.0,3717.0,9440.0,11580.0,11990.0,27100.0,58700.0,37450.0,23550.0,9424.0,36800.0,23750.0,22700.0,23350.0,8020.0,32050.0,21100.0,43450.0,21800.0,224000.0,11760.0,25750.0,6730.0
2025-08-21,245000.0,12820.0,29850.0,70600.0,56700.0,170000.0,7720.0,3235.0,26400.0,211000.0,86900.0,3702.0,9320.0,11670.0,11900.0,26850.0,57200.0,37300.0,23550.0,9454.0,37150.0,23850.0,22450.0,23050.0,7950.0,31900.0,20650.0,41950.0,21550.0,223500.0,11490.0,25500.0,6840.0
2025-08-22,251000.0,12800.0,29750.0,71400.0,59100.0,167100.0,7750.0,3220.0,26500.0,209000.0,86800.0,3683.0,11490.0,11660.0,12320.0,28850.0,57300.0,37500.0,23100.0,9333.0,36950.0,23600.0,22500.0,23600.0,7920.0,31450.0,20400.0,42000.0,22450.0,221500.0,11730.0,25000.0,6850.0
2025-08-25,259500.0,13040.0,30000.0,71500.0,63200.0,171500.0,7890.0,3315.0,26900.0,211500.0,89000.0,3807.0,11680.0,11930.0,12410.0,30700.0,57900.0,38550.0,23450.0,9844.0,37400.0,24250.0,22900.0,24500.0,8010.0,32800.0,20500.0,42050.0,23050.0,220500.0,11910.0,25450.0,6940.0
2025-08-26,261500.0,13080.0,30000.0,70300.0,63700.0,172300.0,7900.0,3350.0,26850.0,209000.0,89200.0,3822.0,12100.0,12110.0,12570.0,31100.0,58400.0,38550.0,23500.0,10229.0,37650.0,24450.0,22850.0,24800.0,8010.0,32800.0,20500.0,42700.0,23450.0,218000.0,11800.0,25850.0,7040.0
2025-08-27,260000.0,13150.0,29900.0,70600.0,65300.0,173900.0,7890.0,3385.0,26550.0,212500.0,89100.0,3894.0,12990.0,12770.0,12670.0,31000.0,57900.0,38950.0,23950.0,10029.0,38000.0,25300.0,23100.0,25800.0,7990.0,32850.0,20450.0,42550.0,23800.0,215000.0,11880.0,25800.0,7060.0
2025-08-28,268500.0,13060.0,29750.0,69600.0,65300.0,177000.0,8150.0,3410.0,27400.0,209000.0,88400.0,3937.0,12780.0,13830.0,12930.0,30550.0,58100.0,38850.0,23900.0,9919.0,37750.0,26550.0,22750.0,26000.0,7980.0,32900.0,20350.0,42300.0,23900.0,207500.0,11800.0,25350.0,6960.0
2025-08-29,269000.0,12940.0,29950.0,69700.0,66600.0,177300.0,8110.0,3460.0,27400.0,206500.0,87000.0,3870.0,12740.0,13950.0,12970.0,32700.0,58200.0,38300.0,24050.0,9849.0,37550.0,26950.0,22450.0,25500.0,7910.0,33450.0,20850.0,42550.0,24050.0,218500.0,11710.0,26700.0,7050.0
2025-09-01,256000.0,12710.0,28000.0,67600.0,64700.0,159500.0,7960.0,3290.0,26300.0,196600.0,81500.0,3798.0,12560.0,13660.0,12760.0,35800.0,56600.0,36250.0,23300.0,9454.0,36400.0,27000.0,22000.0,24250.0,7720.0,31150.0,20350.0,41000.0,23600.0,207000.0,11400.0,25550.0,6860.0
2025-09-02,260500.0,12680.0,28200.0,69100.0,65000.0,161200.0,8120.0,3270.0,26700.0,194500.0,82900.0,3755.0,13170.0,13590.0,13890.0,35650.0,55500.0,35800.0,23200.0,9664.0,36450.0,26350.0,22150.0,24500.0,7680.0,31500.0,20550.0,41500.0,23600.0,204000.0,11380.0,25750.0,6930.0
2025-09-03,262500.0,12620.0,28400.0,69800.0,64100.0,162300.0,8040.0,3295.0,26700.0,196900.0,83600.0,3760.0,12930.0,13610.0,15380.0,36750.0,57700.0,37250.0,23250.0,9639.0,36700.0,26400.0,22200.0,24650.0,7750.0,31400.0,20500.0,42150.0,23250.0,202000.0,11400.0,26100.0,7420.0
2025-09-04,265500.0,13700.0,28850.0,70100.0,64200.0,165500.0,8060.0,3335.0,27800.0,200500.0,82600.0,3803.0,12670.0,13560.0,16650.0,37850.0,63300.0,37150.0,23900.0,10054.0,37300.0,26850.0,22400.0,24750.0,7910.0,32000.0,20650.0,43250.0,22650.0,202500.0,11420.0,26900.0,7490.0
2025-09-05,273500.0,13480.0,28750.0,69500.0,63200.0,169300.0,8190.0,3285.0,27650.0,199800.0,82900.0,3965.0,13300.0,13980.0,16750.0,37700.0,64600.0,36850.0,24600.0,9959.0,37400.0,28150.0,22450.0,24500.0,8290.0,31850.0,20950.0,44750.0,23400.0,205000.0,11550.0,26900.0,7570.0
2025-09-08,277000.0,13580.0,29250.0,70100.0,69100.0,169100.0,8350.0,3395.0,27800.0,208500.0,82800.0,4056.0,13980.0,14020.0,18600.0,40150.0,67400.0,39000.0,24400.0,10029.0,38000.0,28900.0,22600.0,24850.0,8420.0,33500.0,21200.0,45200.0,23650.0,207500.0,11810.0,27000.0,7380.0
2025-09-09,288000.0,14060.0,31700.0,71500.0,72300.0,172500.0,8600.0,3470.0,28050.0,211500.0,84000.0,4066.0,14070.0,15760.0,19430.0,40750.0,67700.0,41500.0,25000.0,10154.0,39950.0,29850.0,23900.0,28350.0,9160.0,34550.0,21350.0,45900.0,25300.0,216000.0,12040.0,27400.0,7550.0
2025-09-10,304000.0,14270.0,33150.0,72600.0,74000.0,173500.0,8670.0,3475.0,28300.0,212000.0,87300.0,4071.0,14550.0,16900.0,19270.0,40900.0,68500.0,44250.0,25700.0,10304.0,40650.0,29600.0,24500.0,28650.0,9200.0,34700.0,21700.0,46050.0,25950.0,229000.0,12180.0,27800.0,7650.0
2025-09-11,307000.0,14220.0,33600.0,73400.0,74600.0,173700.0,8570.0,3545.0,28750.0,211000.0,90000.0,4080.0,14550.0,17110.0,19230.0,41900.0,69000.0,44150.0,25200.0,10454.0,40550.0,30450.0,24550.0,29350.0,9240.0,35550.0,24500.0,48000.0,25650.0,232500.0,12280.0,27600.0,7790.0
2025-09-12,328500.0,14600.0,36200.0,75400.0,71900.0,186400.0,8630.0,3555.0,28650.0,217000.0,90900.0,4133.0,15270.0,17730.0,19270.0,42050.0,68600.0,46750.0,27300.0,11079.0,44550.0,37100.0,25400.0,29150.0,9190.0,35400.0,24250.0,47350.0,25950.0,242000.0,12300.0,28750.0,8320.0
2025-09-15,331000.0,15060.0,37200.0,76500.0,77000.0,191900.0,8870.0,3595.0,29750.0,219000.0,91100.0,4166.0,16200.0,18530.0,20700.0,51200.0,70600.0,49000.0,26750.0,11054.0,46050.0,36850.0,25800.0,31850.0,9410.0,38300.0,24750.0,48100.0,26700.0,260500.0,12370.0,30450.0,8890.0
2025-09-16,348000.0,14980.0,37650.0,79400.0,76700.0,199400.0,8880.0,3600.0,30250.0,227500.0,93300.0,4238.0,16490.0,18810.0,20450.0,49450.0,75100.0,50200.0,27800.0,11254.0,46500.0,38750.0,26950.0,32600.0,9490.0,37850.0,26350.0,48800.0,27300.0,267000.0,12350.0,30850.0,8630.0
2025-09-17,333500.0,14780.0,37300.0,78200.0,77300.0,197500.0,8940.0,3570.0,29900.0,221000.0,91000.0,4209.0,17250.0,18690.0,20650.0,49000.0,73700.0,49750.0,26700.0,10854.0,45150.0,37950.0,26650.0,32550.0,9270.0,37100.0,26000.0,49700.0,26750.0,273500.0,11960.0,29950.0,8440.0
2025-09-18,353000.0,15760.0,38500.0,80500.0,78100.0,203500.0,9240.0,3745.0,30950.0,245500.0,94300.0,4324.0,18030.0,20000.0,21100.0,51700.0,74800.0,51900.0,28850.0,11429.0,46450.0,38400.0,27100.0,33100.0,10010.0,38500.0,26800.0,50600.0,27100.0,281500.0,12560.0,30600.0,8880.0
2025-09-19,353000.0,15780.0,38950.0,79700.0,77300.0,205500.0,9160.0,4085.0,32400.0,243500.0,93300.0,4324.0,18890.0,19730.0,20900.0,53200.0,76700.0,52400.0,29250.0,11554.0,47050.0,39350.0,27700.0,33500.0,10140.0,38650.0,27350.0,51800.0,27150.0,282500.0,12650.0,33150.0,8960.0
2025-09-22,351000.0,16080.0,41350.0,83500.0,76700.0,204000.0,9280.0,4005.0,32350.0,246000.0,93200.0,4381.0,18300.0,20250.0,20900.0,56900.0,78700.0,53600.0,30800.0,11905.0,48250.0,40050.0,30150.0,36800.0,10320.0,39150.0,28300.0,51000.0,28300.0,286500.0,12840.0,34250.0,9170.0
2025-09-23,361000.0,15770.0,41350.0,84700.0,75000.0,207000.0,9420.0,4230.0,32000.0,243000.0,96000.0,4415.0,17900.0,20400.0,20400.0,60000.0,79500.0,54400.0,31850.0,10529.0,48350.0,39850.0,30250.0,37350.0,10050.0,38900.0,28000.0,51000.0,27500.0,283500.0,12600.0,34450.0,9170.0
2025-09-24,357500.0,15800.0,41850.0,85400.0,75600.0,217500.0,9240.0,4300.0,32500.0,239500.0,96200.0,4458.0,17830.0,21300.0,20850.0,60100.0,80300.0,54500.0,32600.0,11154.0,52400.0,42150.0,30100.0,42000.0,10120.0,39400.0,29200.0,51600.0,29100.0,289000.0,12400.0,35450.0,9480.0
2025-09-25,356500.0,15890.0,41500.0,86100.0,75300.0,212500.0,9040.0,4130.0,32100.0,235000.0,94100.0,4353.0,17220.0,21450.0,20550.0,59000.0,78300.0,54000.0,32350.0,10604.0,51500.0,41150.0,29900.0,41550.0,10050.0,38700.0,28550.0,50300.0,29100.0,293000.0,12060.0,34350.0,9570.0
2025-09-26,336500.0,15200.0,40400.0,83300.0,72500.0,205000.0,8640.0,3930.0,30700.0,231000.0,89800.0,4209.0,16330.0,21850.0,20350.0,59500.0,77000.0,52900.0,32100.0,10104.0,51600.0,39500.0,28300.0,40600.0,9600.0,37300.0,27250.0,48400.0,26600.0,286500.0,11560.0,34000.0,9200.0
2025-09-29,349000.0,15400.0,40900.0,84200.0,73200.0,207000.0,8790.0,3960.0,31300.0,236000.0,91500.0,4372.0,18370.0,22850.0,20700.0,58900.0,79000.0,55700.0,32850.0,10629.0,52700.0,39900.0,30750.0,41700.0,9710.0,38650.0,27150.0,49100.0,27400.0,288000.0,11660.0,34100.0,9450.0
2025-09-30,347500.0,15690.0,41150.0,83900.0,71300.0,209000.0,8890.0,4095.0,30900.0,233000.0,96500.0,4936.0,18780.0,22150.0,21450.0,58800.0,77800.0,55500.0,32100.0,10454.0,53300.0,40150.0,30800.0,42900.0,10350.0,38800.0,26750.0,49500.0,28250.0,288500.0,11850.0,33750.0,9260.0
2025-10-01,360000.0,19390.0,43150.0,86000.0,71800.0,213500.0,9070.0,4290.0,31250.0,233500.0,94900.0,5166.0,18400.0,24050.0,18320.0,59500.0,79900.0,59800.0,34150.0,11029.0,55400.0,41850.0,35600.0,47300.0,10660.0,38900.0,26750.0,51200.0,29550.0,291000.0,12320.0,34350.0,10500.0
2025-10-02,395500.0,19550.0,44000.0,89000.0,76800.0,218000.0,9530.0,4435.0,31050.0,238000.0,100600.0,5472.0,19800.0,24650.0,18250.0,61000.0,81000.0,61700.0,34800.0,11179.0,55000.0,42400.0,39300.0,51000.0,12060.0,39900.0,27600.0,52200.0,30700.0,287500.0,13120.0,35000.0,10300.0
2025-10-10,428000.0,19990.0,46850.0,94400.0,76000.0,223000.0,10840.0,4585.0,32550.0,257000.0,119100.0,5577.0,19300.0,24350.0,18470.0,61800.0,80700.0,61400.0,35600.0,11629.0,55600.0,43150.0,42450.0,53100.0,12540.0,40900.0,29250.0,52800.0,35400.0,288500.0,13600.0,36550.0,10930.0
2025-10-13,415000.0,22200.0,45650.0,93300.0,73400.0,221500.0,10600.0,4625.0,32250.0,259500.0,128000.0,5443.0,18690.0,27750.0,19040.0,61700.0,81200.0,60900.0,34850.0,12130.0,54200.0,42250.0,42250.0,51500.0,12310.0,40250.0,32350.0,53200.0,33900.0,291500.0,13930.0,36850.0,11070.0
2025-10-14,411500.0,21500.0,43850.0,91600.0,74300.0,214000.0,10350.0,4390.0,30800.0,250000.0,128700.0,5070.0,17550.0,26000.0,17770.0,56700.0,79200.0,58000.0,33050.0,11429.0,52400.0,40000.0,40600.0,48800.0,11590.0,37800.0,30300.0,51600.0,31400.0,283500.0,13220.0,35350.0,10490.0
2025-10-15,422500.0,22450.0,44700.0,95000.0,77800.0,213500.0,10860.0,4570.0,31800.0,256500.0,142000.0,5386.0,17730.0,26500.0,18180.0,61500.0,80600.0,58300.0,33750.0,11554.0,53200.0,42100.0,41800.0,51100.0,12050.0,39800.0,30300.0,51700.0,32850.0,288500.0,13430.0,36200.0,10540.0
2025-10-16,452500.0,22150.0,44300.0,97700.0,82700.0,211500.0,10220.0,4440.0,31850.0,260500.0,146500.0,5329.0,16710.0,25950.0,17820.0,61700.0,84600.0,57400.0,33250.0,11304.0,51600.0,42400.0,41300.0,50700.0,12060.0,39250.0,30700.0,51300.0,33300.0,288000.0,13230.0,36450.0,10180.0
2025-10-17,465500.0,21050.0,43150.0,97900.0,84900.0,206000.0,9800.0,4325.0,31000.0,248500.0,142300.0,5166.0,16320.0,25950.0,17800.0,65400.0,79000.0,56200.0,33000.0,10929.0,51400.0,45900.0,39850.0,49100.0,11610.0,37750.0,29050.0,51700.0,32300.0,282500.0,12720.0,34750.0,9850.0
2025-10-20,485500.0,22400.0,42650.0,98100.0,82300.0,209000.0,10150.0,4390.0,31450.0,241000.0,149300.0,5243.0,16490.0,25950.0,17410.0,65400.0,79600.0,56900.0,33600.0,11204.0,51800.0,44500.0,41000.0,49950.0,12010.0,39300.0,29000.0,55900.0,32900.0,278500.0,13320.0,36250.0,9930.0
2025-10-21,479000.0,21550.0,42250.0,97500.0,81100.0,206500.0,9990.0,4295.0,30800.0,229000.0,149600.0,5089.0,15740.0,25950.0,17210.0,63400.0,76900.0,52600.0,32400.0,11279.0,50700.0,42450.0,40500.0,51100.0,12020.0,38000.0,28050.0,58600.0,31550.0,280500.0,13300.0,35950.0,9480.0
2025-10-22,481500.0,24250.0,41850.0,98600.0,85600.0,205000.0,10030.0,4300.0,30650.0,228500.0,151500.0,5070.0,15660.0,25800.0,17090.0,62600.0,78200.0,51300.0,32400.0,11154.0,50400.0,41500.0,40700.0,50800.0,11820.0,37900.0,27150.0,60000.0,31400.0,276500.0,12960.0,35600.0,9390.0
2025-10-23,478500.0,23800.0,41850.0,96500.0,86400.0,203000.0,9910.0,4250.0,30200.0,231500.0,149500.0,4927.0,15200.0,25900.0,17590.0,61700.0,78200.0,50800.0,31650.0,11004.0,49950.0,40600.0,44750.0,58700.0,11560.0,37550.0,27050.0,59600.0,35050.0,273500.0,12550.0,34850.0,9390.0
2025-10-24,510000.0,24000.0,42900.0,98800.0,93600.0,212500.0,10100.0,4400.0,31000.0,234500.0,149700.0,5147.0,15150.0,26800.0,17700.0,66200.0,80300.0,49500.0,32300.0,11204.0,50300.0,41900.0,44950.0,57200.0,11780.0,39850.0,27050.0,59500.0,35150.0,276000.0,12530.0,36450.0,9640.0
2025-10-27,535000.0,23950.0,43000.0,102000.0,95800.0,208000.0,10110.0,4390.0,31200.0,236000.0,149600.0,5185.0,15130.0,25600.0,17910.0,66800.0,80000.0,50400.0,33200.0,11579.0,50500.0,41750.0,47300.0,58300.0,11550.0,39400.0,26500.0,58400.0,36250.0,275000.0,13100.0,37050.0,9620.0
2025-10-28,521000.0,23400.0,42100.0,99500.0,100800.0,210000.0,9900.0,4305.0,30400.0,230000.0,143100.0,5118.0,14630.0,25850.0,18300.0,66500.0,79500.0,49300.0,31800.0,12155.0,49450.0,41200.0,48950.0,58400.0,11380.0,38250.0,26500.0,59000.0,36000.0,277500.0,12800.0,35800.0,9260.0
2025-10-29,558000.0,23700.0,43300.0,100500.0,108000.0,227000.0,9570.0,4355.0,32000.0,235000.0,138200.0,5032.0,14700.0,27600.0,20750.0,67200.0,79500.0,50400.0,34000.0,12105.0,50300.0,41600.0,50100.0,64200.0,11920.0,38650.0,26650.0,60900.0,37950.0,291500.0,13190.0,35400.0,9380.0
2025-10-30,568000.0,23500.0,42400.0,104100.0,107600.0,231000.0,9340.0,4295.0,31000.0,234000.0,143500.0,4898.0,14360.0,30800.0,20400.0,65700.0,79900.0,48850.0,33500.0,11604.0,51100.0,41150.0,51900.0,61600.0,12370.0,38200.0,25750.0,64600.0,37150.0,285000.0,12900.0,35150.0,9250.0
2025-10-31,559000.0,24500.0,42800.0,107500.0,113900.0,232500.0,9230.0,4275.0,30700.0,236000.0,143700.0,4755.0,14580.0,29400.0,20300.0,66800.0,79700.0,49650.0,32450.0,12005.0,51900.0,41150.0,51600.0,63100.0,12540.0,38350.0,25600.0,65900.0,37950.0,283000.0,12820.0,34600.0,9340.0
2025-11-03,620000.0,25050.0,42750.0,111100.0,115600.0,232500.0,9380.0,4350.0,31250.0,243500.0,141600.0,4822.0,14380.0,29450.0,18680.0,64600.0,80600.0,49200.0,32650.0,12755.0,51600.0,40350.0,51300.0,63800.0,12180.0,39000.0,25850.0,66400.0,39850.0,283000.0,13820.0,34850.0,9160.0
2025-11-04,586000.0,23400.0,42400.0,104900.0,116200.0,229000.0,9210.0,4560.0,31850.0,293500.0,139700.0,4793.0,13980.0,29100.0,18470.0,64000.0,81500.0,50300.0,32950.0,12755.0,51800.0,41000.0,51000.0,62300.0,12020.0,39400.0,26600.0,66600.0,39400.0,282500.0,13280.0,34050.0,9140.0
2025-11-05,579000.0,22800.0,39100.0,100600.0,105500.0,220500.0,8940.0,4350.0,30400.0,273000.0,133100.0,4645.0,13450.0,27950.0,17020.0,60400.0,74000.0,48050.0,31700.0,11805.0,48850.0,38600.0,54800.0,66000.0,11280.0,37050.0,25800.0,66000.0,43200.0,271000.0,12630.0,32600.0,8640.0
2025-11-06,593000.0,22700.0,37500.0,99200.0,110600.0,222500.0,9030.0,4510.0,30850.0,275000.0,129000.0,4831.0,14100.0,27900.0,17460.0,63100.0,80000.0,49550.0,32850.0,11805.0,54200.0,38800.0,55000.0,62700.0,11890.0,39350.0,26700.0,67000.0,44650.0,268000.0,12430.0,33300.0,8790.0
2025-11-07,580000.0,23250.0,35800.0,97900.0,104000.0,215500.0,8770.0,4265.0,29250.0,262000.0,127200.0,4558.0,13250.0,27600.0,16620.0,60400.0,76500.0,47600.0,31050.0,11379.0,52700.0,37250.0,52300.0,61900.0,11460.0,36850.0,25050.0,64000.0,42250.0,259000.0,12010.0,31600.0,8330.0
2025-11-10,606000.0,22750.0,36400.0,100600.0,117100.0,221000.0,9020.0,4375.0,30000.0,279500.0,129600.0,4678.0,13110.0,24350.0,16500.0,60700.0,79700.0,47650.0,31900.0,11604.0,53800.0,37600.0,53300.0,53700.0,11640.0,39800.0,26150.0,64000.0,47300.0,268500.0,12020.0,32550.0,8180.0
2025-11-11,619000.0,23900.0,36200.0,103500.0,116400.0,223000.0,9210.0,4510.0,30200.0,291500.0,129700.0,4783.0,13350.0,24700.0,17290.0,60000.0,79100.0,49000.0,34250.0,11379.0,56100.0,39000.0,55800.0,51900.0,11900.0,43500.0,25750.0,64300.0,48500.0,281000.0,11910.0,32200.0,8470.0
2025-11-12,617000.0,24150.0,35700.0,103100.0,119600.0,225000.0,9230.0,4685.0,30450.0,285500.0,131100.0,4879.0,13480.0,25300.0,16730.0,57900.0,78800.0,46500.0,33550.0,11279.0,54500.0,37950.0,56200.0,53000.0,12330.0,43100.0,25550.0,65200.0,52300.0,275000.0,11920.0,32650.0,8510.0
2025-11-13,612000.0,26400.0,35650.0,102800.0,119400.0,226500.0,9250.0,4870.0,30400.0,301500.0,133500.0,4793.0,12950.0,26000.0,15090.0,57800.0,77300.0,47150.0,34850.0,11104.0,58200.0,46500.0,55100.0,53600.0,11860.0,43550.0,25800.0,66900.0,49500.0,277500.0,12170.0,33000.0,8840.0
2025-11-14,560000.0,24400.0,34650.0,97200.0,111100.0,222000.0,8790.0,4260.0,29300.0,277000.0,125600.0,4477.0,12280.0,24500.0,14750.0,54900.0,74000.0,46200.0,32700.0,10504.0,51000.0,42700.0,52700.0,49900.0,11270.0,40800.0,24750.0,63200.0,47200.0,268000.0,11730.0,31100.0,8120.0
2025-11-17,606000.0,26100.0,35350.0,100600.0,131500.0,236500.0,8670.0,4355.0,29900.0,281000.0,132300.0,4425.0,12350.0,26000.0,14780.0,55800.0,83200.0,48550.0,34600.0,10704.0,54600.0,43350.0,55800.0,55900.0,11250.0,45150.0,26250.0,64200.0,51200.0,270500.0,11640.0,31600.0,8220.0
2025-11-18,570000.0,26050.0,33700.0,97800.0,123700.0,225000.0,8220.0,4170.0,29100.0,275000.0,121700.0,4238.0,12400.0,25900.0,14230.0,52900.0,88100.0,46450.0,33400.0,10029.0,52500.0,41050.0,53400.0,54700.0,10550.0,43250.0,24600.0,64400.0,50800.0,251000.0,11040.0,29900.0,7880.0
2025-11-19,562000.0,26200.0,33200.0,96500.0,127600.0,221500.0,8160.0,3965.0,28100.0,274500.0,120700.0,4171.0,11900.0,25350.0,13730.0,50200.0,88300.0,45750.0,33200.0,9904.0,53100.0,41800.0,55900.0,55400.0,10160.0,42950.0,23400.0,63800.0,52300.0,244000.0,10750.0,29050.0,7750.0
2025-11-20,571000.0,24850.0,33550.0,100600.0,133300.0,224500.0,8350.0,4105.0,28300.0,275000.0,123500.0,4305.0,12210.0,24750.0,14140.0,49600.0,88000.0,44550.0,32700.0,10079.0,51900.0,41200.0,52700.0,53900.0,10340.0,42550.0,23500.0,63700.0,51400.0,248500.0,10960.0,30150.0,7950.0
2025-11-21,521000.0,22350.0,31600.0,94800.0,122100.0,207000.0,7860.0,3790.0,26700.0,248000.0,120100.0,4085.0,11110.0,22600.0,13250.0,44800.0,80300.0,41550.0,29900.0,9554.0,46100.0,37700.0,48150.0,49000.0,9490.0,37950.0,21550.0,59400.0,47350.0,230000.0,10380.0,28350.0,7080.0
2025-11-24,520000.0,21200.0,31950.0,96700.0,125100.0,210000.0,7960.0,3800.0,26550.0,245500.0,119600.0,4090.0,11450.0,23400.0,13550.0,45100.0,88200.0,42750.0,30000.0,9494.0,47850.0,40600.0,49350.0,50100.0,9540.0,37000.0,21950.0,58800.0,48350.0,229500.0,10480.0,28200.0,7190.0
2025-11-25,519000.0,20800.0,33450.0,99300.0,140700.0,231000.0,8280.0,3975.0,26450.0,247000.0,120100.0,4181.0,11500.0,24900.0,14500.0,45100.0,102600.0,43100.0,30250.0,9729.0,50900.0,43100.0,50900.0,52400.0,9650.0,37050.0,22450.0,58700.0,52900.0,245000.0,10710.0,28250.0,7210.0
2025-11-26,524000.0,21050.0,34500.0,102800.0,141600.0,232000.0,8530.0,4030.0,26750.0,256500.0,128500.0,4214.0,11370.0,24100.0,14520.0,44800.0,104300.0,43100.0,30500.0,9844.0,52000.0,43600.0,49550.0,53600.0,9800.0,38150.0,22500.0,59800.0,50600.0,248000.0,11290.0,28800.0,7320.0
2025-11-27,544000.0,21000.0,34950.0,103500.0,146300.0,239000.0,8190.0,4075.0,27100.0,257000.0,124300.0,4195.0,11720.0,25500.0,14800.0,46800.0,103000.0,43750.0,30500.0,9854.0,54700.0,43600.0,49800.0,53800.0,9940.0,38950.0,22550.0,65600.0,50000.0,247000.0,11050.0,28800.0,7590.0
2025-11-28,530000.0,21400.0,36150.0,100500.0,144000.0,238000.0,8480.0,4175.0,27350.0,257000.0,123600.0,4291.0,13520.0,25700.0,14890.0,47100.0,111900.0,44700.0,30650.0,10229.0,56000.0,45250.0,48850.0,54200.0,10260.0,39850.0,23000.0,65600.0,49200.0,262000.0,11420.0,30250.0,8110.0
2025-12-01,538000.0,21300.0,40150.0,100800.0,135300.0,248000.0,8470.0,4320.0,29350.0,273000.0,121700.0,4391.0,14300.0,25300.0,15020.0,49050.0,111100.0,47250.0,31850.0,10579.0,58900.0,45700.0,52700.0,52400.0,10400.0,40650.0,23650.0,65300.0,48300.0,295500.0,11840.0,31300.0,8190.0
2025-12-02,558000.0,21600.0,38950.0,103400.0,137600.0,245500.0,8570.0,4350.0,30350.0,276000.0,120500.0,4348.0,14380.0,25250.0,14860.0,47350.0,110800.0,48050.0,31500.0,10679.0,59800.0,46650.0,53800.0,52100.0,10400.0,40650.0,23100.0,70000.0,47500.0,284500.0,12220.0,31250.0,8180.0
2025-12-03,552000.0,22900.0,38550.0,104500.0,139700.0,246000.0,8600.0,4385.0,30600.0,279500.0,121500.0,4386.0,14260.0,25400.0,15080.0,47450.0,114000.0,47300.0,31400.0,10504.0,62100.0,46200.0,54100.0,57200.0,10510.0,40750.0,23100.0,71400.0,49900.0,285000.0,12120.0,31000.0,7970.0
2025-12-04,542000.0,22000.0,36750.0,105100.0,136500.0,232500.0,8450.0,4265.0,29500.0,278000.0,116100.0,4262.0,13900.0,24400.0,14360.0,45500.0,110300.0,45550.0,30300.0,10329.0,60300.0,43400.0,52200.0,53500.0,10320.0,38950.0,22050.0,76000.0,46550.0,273500.0,12000.0,30550.0,7640.0
2025-12-05,544000.0,22350.0,36850.0,108400.0,135200.0,231500.0,8500.0,4275.0,29250.0,285000.0,119100.0,4305.0,13720.0,25300.0,14750.0,47050.0,109500.0,45600.0,31100.0,10329.0,59700.0,44950.0,52800.0,57500.0,10240.0,38850.0,22150.0,73300.0,48200.0,271500.0,12170.0,30300.0,7710.0
2025-12-08,577000.0,22400.0,39100.0,109500.0,141700.0,233500.0,8580.0,4265.0,29250.0,277500.0,121400.0,4338.0,13900.0,25100.0,14650.0,47350.0,110100.0,46350.0,31500.0,10529.0,60200.0,44800.0,53700.0,56500.0,10150.0,38600.0,22100.0,70300.0,48650.0,273500.0,12790.0,30400.0,7650.0
2025-12-09,566000.0,22050.0,38650.0,108400.0,144400.0,240000.0,8590.0,4190.0,29050.0,272000.0,121300.0,4281.0,13440.0,24900.0,14660.0,45400.0,109700.0,46400.0,31450.0,10804.0,58800.0,44250.0,53600.0,53700.0,10080.0,38800.0,22750.0,69500.0,49000.0,275000.0,12790.0,30100.0,7580.0
2025-12-10,587000.0,21600.0,38350.0,108000.0,147900.0,234000.0,8460.0,4110.0,28750.0,271000.0,121100.0,4209.0,13430.0,25250.0,14440.0,44400.0,107900.0,45450.0,31200.0,10804.0,58500.0,43650.0,53100.0,54900.0,9960.0,38300.0,22850.0,69500.0,49500.0,267000.0,12670.0,29650.0,7560.0
2025-12-11,565000.0,20800.0,37900.0,107300.0,148200.0,230500.0,8460.0,4120.0,28700.0,271000.0,121000.0,4118.0,13760.0,24500.0,14250.0,43250.0,108800.0,44650.0,30500.0,10654.0,58300.0,43550.0,51800.0,54100.0,9860.0,37050.0,23950.0,71100.0,48050.0,262500.0,12470.0,29450.0,7520.0
2025-12-12,571000.0,21250.0,37750.0,108900.0,135100.0,230000.0,8640.0,4140.0,28150.0,270000.0,120200.0,3984.0,13560.0,24650.0,14550.0,43450.0,106400.0,45350.0,30500.0,10379.0,58500.0,43250.0,52700.0,53200.0,9790.0,36700.0,23850.0,69200.0,47400.0,264000.0,11950.0,29450.0,7530.0
2025-12-15,554000.0,20400.0,36550.0,104800.0,130800.0,223500.0,8480.0,4025.0,27700.0,252000.0,118500.0,3894.0,13480.0,24000.0,13980.0,43000.0,103000.0,43600.0,30100.0,10479.0,55900.0,42150.0,50000.0,50200.0,9650.0,36350.0,23100.0,68000.0,45800.0,256000.0,12030.0,28850.0,7370.0
2025-12-16,530000.0,19340.0,35450.0,102800.0,123900.0,223000.0,8150.0,3920.0,26850.0,237000.0,116300.0,3807.0,13050.0,22900.0,13580.0,41750.0,98500.0,43100.0,29550.0,10004.0,53300.0,40300.0,49050.0,48900.0,9390.0,35350.0,21650.0,65700.0,45000.0,248500.0,11580.0,28150.0,7220.0
2025-12-17,551000.0,20150.0,37450.0,107900.0,126000.0,224500.0,8250.0,4040.0,27350.0,252000.0,119900.0,3855.0,13140.0,24450.0,13970.0,42600.0,100000.0,44150.0,29800.0,10129.0,54300.0,41950.0,58500.0,52100.0,9470.0,36750.0,22650.0,66900.0,46850.0,260500.0,11450.0,29350.0,7340.0
2025-12-18,552000.0,19870.0,36700.0,107600.0,121500.0,218000.0,8190.0,3950.0,27050.0,253000.0,116400.0,3779.0,13340.0,24350.0,13710.0,41600.0,98200.0,44000.0,29500.0,9999.0,52700.0,41000.0,56300.0,51700.0,9230.0,37050.0,22600.0,65900.0,47800.0,253500.0,11100.0,28600.0,7280.0
2025-12-19,547000.0,19930.0,37050.0,106300.0,121400.0,219500.0,8190.0,3940.0,26900.0,248000.0,116400.0,3750.0,13760.0,23350.0,13650.0,41050.0,101400.0,46250.0,29700.0,10004.0,53300.0,40850.0,54400.0,52300.0,9240.0,37100.0,22500.0,66400.0,46500.0,256500.0,11030.0,28700.0,7430.0
2025-12-22,580000.0,21500.0,37800.0,110500.0,122600.0,224000.0,8340.0,4215.0,27900.0,257000.0,127000.0,3860.0,13820.0,25450.0,14150.0,44050.0,106700.0,46600.0,31250.0,10354.0,55500.0,43500.0,57200.0,51400.0,9890.0,38800.0,23200.0,67700.0,48100.0,264000.0,11750.0,29950.0,7740.0
2025-12-23,584000.0,21700.0,37900.0,111500.0,121200.0,224000.0,8170.0,4375.0,27900.0,258000.0,127000.0,3750.0,13090.0,24500.0,14120.0,44000.0,107300.0,46400.0,30900.0,10079.0,59400.0,43250.0,55700.0,50000.0,9630.0,39150.0,22950.0,69900.0,47150.0,265500.0,12100.0,30400.0,7630.0
2025-12-24,588000.0,21050.0,37450.0,111100.0,119100.0,221000.0,8080.0,4200.0,27300.0,255000.0,124600.0,3650.0,12940.0,24050.0,13600.0,44550.0,105500.0,46050.0,30550.0,9954.0,57500.0,41950.0,53500.0,49100.0,9500.0,38850.0,22700.0,72300.0,46650.0,258000.0,12040.0,30050.0,7590.0
2025-12-26,599000.0,21300.0,38150.0,117000.0,120000.0,221500.0,8100.0,4360.0,27950.0,260000.0,132600.0,3707.0,13240.0,25100.0,13630.0,44150.0,105100.0,46800.0,30850.0,10054.0,57900.0,42950.0,55000.0,49750.0,9680.0,39100.0,24050.0,72400.0,46400.0,260500.0,14760.0,30950.0,7550.0
2025-12-29,640000.0,21600.0,36750.0,119500.0,124500.0,223000.0,8280.0,4540.0,28100.0,267000.0,130400.0,3865.0,13340.0,25200.0,13730.0,45750.0,109000.0,46800.0,31050.0,10229.0,59900.0,43250.0,55300.0,50800.0,10010.0,38700.0,24150.0,71500.0,47150.0,256500.0,14260.0,33200.0,7590.0
2025-12-30,651000.0,21350.0,36650.0,119900.0,119200.0,227500.0,8400.0,4575.0,27700.0,272000.0,127400.0,4157.0,12980.0,25750.0,13580.0,45800.0,111100.0,47000.0,30900.0,10104.0,57600.0,43100.0,55700.0,49350.0,10960.0,39650.0,25400.0,71900.0,47100.0,262000.0,14350.0,33500.0,7650.0
2026-01-02,677000.0,24100.0,39650.0,128500.0,121500.0,240000.0,8480.0,4870.0,30450.0,289000.0,144500.0,4267.0,13870.0,26650.0,14240.0,50900.0,120000.0,49450.0,34350.0,10579.0,63400.0,45350.0,54800.0,50800.0,11170.0,41950.0,26600.0,73500.0,47950.0,279000.0,15560.0,34450.0,8360.0
2026-01-05,696000.0,24950.0,40700.0,138100.0,116900.0,248500.0,8680.0,5720.0,31200.0,317000.0,167300.0,4243.0,14450.0,27450.0,14600.0,52500.0,112200.0,49500.0,35300.0,10754.0,64500.0,48250.0,51800.0,51700.0,11320.0,42600.0,25650.0,72200.0,47800.0,282500.0,15230.0,35000.0,8490.0
2026-01-06,726000.0,29550.0,41100.0,138900.0,113400.0,246500.0,8900.0,5630.0,32450.0,320500.0,183700.0,4267.0,14690.0,28900.0,13850.0,53400.0,116600.0,50500.0,35050.0,10854.0,63600.0,49100.0,50400.0,48150.0,12160.0,45450.0,26450.0,73100.0,44450.0,280000.0,15390.0,39150.0,8450.0
2026-01-07,742000.0,27050.0,41050.0,141000.0,109200.0,252000.0,8700.0,5800.0,31000.0,307500.0,186500.0,4094.0,14080.0,27450.0,12620.0,50900.0,109600.0,50900.0,34800.0,10529.0,62300.0,50700.0,50800.0,43550.0,12500.0,44250.0,27800.0,70900.0,43200.0,293000.0,14390.0,33200.0,8120.0
2026-01-08,756000.0,28950.0,40900.0,138800.0,108200.0,236500.0,8400.0,5730.0,34950.0,310500.0,185700.0,3980.0,13850.0,27500.0,12220.0,49800.0,111100.0,48450.0,34250.0,10554.0,60900.0,48900.0,46950.0,42800.0,11900.0,42900.0,26250.0,69500.0,42550.0,283500.0,14570.0,34400.0,8020.0
2026-01-09,744000.0,28600.0,40200.0,139000.0,109400.0,228500.0,8500.0,5490.0,33400.0,309500.0,176300.0,3870.0,14340.0,27000.0,12080.0,48000.0,109500.0,47400.0,33400.0,10279.0,59800.0,45650.0,47400.0,43100.0,11530.0,41200.0,25500.0,69900.0,42000.0,283500.0,13810.0,33100.0,7970.0
2026-01-12,749000.0,28800.0,40300.0,138800.0,110400.0,231000.0,8670.0,5550.0,32700.0,310500.0,167600.0,3807.0,13900.0,26700.0,12330.0,47200.0,109100.0,46300.0,32550.0,10179.0,61100.0,46350.0,49450.0,46800.0,11140.0,40850.0,25250.0,70100.0,43000.0,277000.0,13800.0,33600.0,7900.0
2026-01-13,738000.0,29750.0,39900.0,137600.0,116300.0,239500.0,8670.0,5450.0,33100.0,308000.0,173200.0,3760.0,13740.0,27500.0,12120.0,47550.0,108900.0,45950.0,32150.0,10054.0,60400.0,46300.0,51900.0,48300.0,11070.0,40150.0,24800.0,72100.0,44500.0,278000.0,13650.0,33450.0,8010.0
2026-01-14,742000.0,31300.0,40400.0,140300.0,115700.0,240000.0,8740.0,5440.0,33100.0,314000.0,177800.0,3841.0,13620.0,28850.0,12200.0,48700.0,107200.0,46400.0,32400.0,9969.0,60700.0,51900.0,52000.0,48000.0,10890.0,40900.0,24100.0,72100.0,45650.0,283000.0,13610.0,34100.0,8080.0
2026-01-15,749000.0,30100.0,40550.0,143900.0,122200.0,246500.0,8720.0,5470.0,32450.0,301500.0,180000.0,3817.0,13810.0,28500.0,11990.0,48600.0,105500.0,46300.0,32900.0,10079.0,59400.0,53500.0,55800.0,52000.0,11200.0,41000.0,24200.0,72800.0,50600.0,287500.0,13450.0,34500.0,8200.0
2026-01-16,756000.0,30550.0,40100.0,148900.0,120800.0,246500.0,8480.0,5510.0,31950.0,300000.0,178500.0,3807.0,13260.0,27950.0,11850.0,49450.0,105300.0,47300.0,32800.0,10329.0,59700.0,54800.0,54400.0,51600.0,11120.0,40300.0,24200.0,71200.0,51800.0,292000.0,13420.0,35750.0,8160.0
2026-01-19,764000.0,29400.0,39450.0,149300.0,115800.0,245500.0,9180.0,5420.0,31650.0,299000.0,177500.0,3783.0,14300.0,26950.0,11800.0,48500.0,102700.0,46650.0,32550.0,10254.0,64900.0,56300.0,55600.0,51200.0,11150.0,39250.0,25200.0,72900.0,51800.0,305000.0,14130.0,35100.0,8280.0
2026-01-20,743000.0,28450.0,39450.0,145200.0,112500.0,261000.0,9000.0,5250.0,31200.0,289500.0,172100.0,3836.0,14010.0,26000.0,11840.0,46750.0,99300.0,46050.0,33350.0,10404.0,66500.0,52000.0,51500.0,49250.0,10830.0,38650.0,25050.0,74000.0,49450.0,309500.0,13620.0,33800.0,8190.0
2026-01-21,740000.0,28800.0,40500.0,149500.0,107000.0,261500.0,8850.0,5200.0,30900.0,292500.0,172200.0,3712.0,14880.0,25950.0,11400.0,39150.0,99800.0,45550.0,34500.0,10179.0,73500.0,51300.0,51000.0,47600.0,11070.0,38150.0,24600.0,74400.0,49550.0,339500.0,13130.0,32850.0,8160.0
2026-01-22,755000.0,28700.0,40450.0,152300.0,113100.0,276000.0,9110.0,5300.0,31350.0,299500.0,170400.0,3807.0,16410.0,25600.0,11900.0,37200.0,106300.0,48550.0,36900.0,10729.0,75400.0,53400.0,53300.0,48650.0,11300.0,38300.0,24750.0,72600.0,50400.0,325000.0,13450.0,33250.0,8350.0
2026-01-23,767000.0,28300.0,40900.0,152100.0,119900.0,269000.0,9440.0,5230.0,31650.0,299500.0,171100.0,3850.0,16580.0,25850.0,12290.0,37200.0,104300.0,49750.0,36550.0,10979.0,73200.0,54300.0,55900.0,50400.0,11290.0,38750.0,24400.0,73000.0,50500.0,330000.0,13440.0,34000.0,8560.0
2026-01-26,736000.0,31650.0,42500.0,152100.0,118800.0,265000.0,9870.0,5480.0,33500.0,323000.0,169500.0,3917.0,16800.0,28250.0,13030.0,38500.0,112900.0,51200.0,37600.0,11679.0,74900.0,61900.0,59500.0,52100.0,11860.0,40150.0,25700.0,78900.0,50600.0,337000.0,13990.0,35850.0,8730.0
2026-01-27,800000.0,33600.0,43600.0,159500.0,118900.0,264000.0,9940.0,5810.0,36550.0,334500.0,174800.0,3932.0,16910.0,33450.0,13870.0,41550.0,117900.0,52100.0,38000.0,12305.0,77800.0,63400.0,58300.0,52500.0,12690.0,41500.0,26300.0,86300.0,50900.0,361000.0,14200.0,37550.0,8950.0
2026-01-28,841000.0,34850.0,48450.0,162400.0,125400.0,273000.0,10440.0,6300.0,38350.0,350000.0,182000.0,4114.0,17660.0,36250.0,14350.0,44150.0,131600.0,54900.0,38700.0,11880.0,82600.0,66700.0,63700.0,59700.0,16490.0,44650.0,27200.0,93400.0,54500.0,412500.0,14630.0,44000.0,9360.0
2026-01-29,861000.0,36400.0,51400.0,160700.0,117900.0,275500.0,10510.0,6860.0,38800.0,360500.0,203500.0,4114.0,17870.0,36750.0,14280.0,47600.0,138700.0,55900.0,38150.0,11805.0,80000.0,65100.0,62000.0,56300.0,15680.0,43700.0,27250.0,93400.0,52500.0,450000.0,15010.0,44350.0,9540.0
2026-01-30,909000.0,34450.0,56000.0,160500.0,117500.0,282500.0,10090.0,7840.0,41350.0,376000.0,211000.0,4491.0,17580.0,37750.0,14410.0,50000.0,150700.0,58900.0,40150.0,11805.0,78300.0,66900.0,64500.0,60500.0,15650.0,47250.0,27800.0,98500.0,63300.0,488500.0,15900.0,46500.0,9990.0
2026-02-02,830000.0,31500.0,51000.0,150400.0,110600.0,273500.0,9950.0,6970.0,40850.0,354500.0,187100.0,4142.0,16530.0,36350.0,13550.0,45200.0,137200.0,53500.0,37500.0,11304.0,77500.0,60500.0,62400.0,59600.0,14770.0,44850.0,26500.0,85000.0,60700.0,419500.0,14320.0,42650.0,9610.0
2026-02-03,907000.0,33200.0,55200.0,167500.0,118400.0,297500.0,10250.0,7560.0,44900.0,396000.0,199300.0,4295.0,17350.0,36950.0,14260.0,47000.0,149700.0,57100.0,44200.0,11905.0,87600.0,64800.0,65700.0,62500.0,18770.0,48650.0,27350.0,87600.0,64700.0,441000.0,15000.0,46800.0,10170.0
2026-02-04,900000.0,31400.0,54100.0,169100.0,125400.0,285000.0,10420.0,7320.0,48000.0,391000.0,202500.0,4276.0,17980.0,36050.0,18400.0,48250.0,143100.0,56200.0,42700.0,12055.0,84800.0,63300.0,61900.0,58600.0,18180.0,48950.0,27050.0,86800.0,61500.0,421500.0,15410.0,45850.0,9850.0
2026-02-05,842000.0,30500.0,51500.0,159300.0,120000.0,278000.0,10010.0,6950.0,44150.0,383500.0,193500.0,4094.0,17530.0,34150.0,16320.0,44900.0,148800.0,54100.0,42100.0,11354.0,86500.0,61600.0,61700.0,55100.0,16880.0,46000.0,25700.0,80500.0,58600.0,411000.0,14680.0,45100.0,9480.0
2026-02-06,839000.0,29650.0,51400.0,158600.0,114700.0,279500.0,9960.0,6890.0,47050.0,395500.0,196000.0,4004.0,17420.0,33150.0,17440.0,43950.0,163500.0,57000.0,41850.0,11504.0,89800.0,60900.0,61900.0,52900.0,16890.0,46850.0,25700.0,79300.0,58900.0,407000.0,14250.0,45850.0,9520.0
2026-02-09,887000.0,37200.0,53200.0,166400.0,114700.0,295000.0,10500.0,7470.0,51900.0,418000.0,197800.0,4152.0,18140.0,35100.0,21400.0,45950.0,175800.0,58500.0,42750.0,12180.0,89700.0,64000.0,65000.0,54400.0,17390.0,50500.0,27350.0,83200.0,60900.0,429000.0,16150.0,46450.0,9900.0
2026-02-10,876000.0,36600.0,50700.0,165800.0,110700.0,287500.0,10310.0,7190.0,49150.0,391000.0,194900.0,4592.0,17800.0,34050.0,20700.0,45000.0,168900.0,57500.0,42100.0,12180.0,88300.0,60900.0,61000.0,52400.0,16670.0,47200.0,26300.0,78500.0,57700.0,409000.0,16740.0,44300.0,9480.0
2026-02-11,860000.0,34700.0,50500.0,167800.0,107400.0,283000.0,10070.0,7150.0,48900.0,375500.0,190500.0,4640.0,17300.0,33650.0,20050.0,43350.0,169600.0,55500.0,41450.0,12055.0,87100.0,60000.0,61700.0,52400.0,16200.0,45500.0,25250.0,77000.0,57300.0,394000.0,17360.0,43200.0,9450.0
2026-02-12,888000.0,35650.0,52700.0,178600.0,108200.0,305000.0,9970.0,7150.0,49500.0,378500.0,209500.0,4688.0,17240.0,34800.0,20100.0,43900.0,175600.0,60000.0,43250.0,11905.0,86100.0,60600.0,60900.0,52100.0,16200.0,45600.0,25500.0,81200.0,59400.0,397500.0,17950.0,42500.0,9610.0
2026-02-13,880000.0,35950.0,51500.0,181200.0,101600.0,302500.0,9920.0,7080.0,51000.0,365000.0,202500.0,4305.0,17120.0,33100.0,20300.0,42100.0,170700.0,58300.0,44300.0,12080.0,87000.0,59100.0,58200.0,50600.0,16030.0,46000.0,24600.0,75100.0,57500.0,398000.0,16840.0,42600.0,9510.0
2026-02-19,894000.0,36550.0,54500.0,190000.0,101700.0,316500.0,10300.0,7470.0,55000.0,378000.0,201500.0,4654.0,17290.0,34700.0,22700.0,46950.0,189000.0,61000.0,45700.0,12505.0,95300.0,61300.0,59900.0,51500.0,16760.0,47700.0,26350.0,79800.0,59600.0,420500.0,16950.0,46250.0,10140.0
2026-02-20,949000.0,36400.0,54700.0,190100.0,100500.0,308500.0,10140.0,7310.0,55800.0,372500.0,200500.0,4927.0,16750.0,34850.0,21250.0,46050.0,187000.0,60200.0,44450.0,12880.0,90800.0,61600.0,57700.0,51300.0,16210.0,47500.0,25200.0,80900.0,58400.0,417500.0,16780.0,45900.0,9930.0
2026-02-23,951000.0,35150.0,52500.0,193000.0,107200.0,302500.0,10100.0,7120.0,53000.0,368000.0,204000.0,4793.0,16650.0,33850.0,18990.0,44050.0,178800.0,58600.0,43900.0,12480.0,88800.0,58900.0,58400.0,51400.0,16470.0,48000.0,24300.0,77600.0,60100.0,410500.0,15950.0,45000.0,9580.0
2026-02-24,1005000.0,36450.0,53700.0,200000.0,111900.0,316000.0,10430.0,7320.0,52900.0,386500.0,210000.0,4908.0,16340.0,35600.0,19660.0,45750.0,182500.0,60800.0,48200.0,13380.0,94000.0,62000.0,65500.0,53400.0,17600.0,48300.0,25350.0,78400.0,65000.0,410500.0,16380.0,40950.0,9990.0
2026-02-25,1018000.0,36000.0,53000.0,203500.0,116100.0,319000.0,10250.0,7170.0,52500.0,374000.0,214500.0,4755.0,15640.0,34650.0,19110.0,44500.0,182400.0,58900.0,46500.0,12730.0,92000.0,61800.0,65500.0,53800.0,17840.0,47850.0,24600.0,76800.0,63300.0,404500.0,16300.0,41000.0,9810.0
2026-02-26,1099000.0,36600.0,55300.0,218000.0,118500.0,330000.0,10360.0,8340.0,56100.0,421000.0,275500.0,4975.0,16520.0,37150.0,19650.0,46800.0,192700.0,60500.0,48000.0,13830.0,93200.0,63800.0,64900.0,55500.0,18480.0,51000.0,29150.0,82300.0,65300.0,441000.0,15880.0,43300.0,9830.0
2026-02-27,1061000.0,36000.0,54900.0,216500.0,127600.0,338000.0,10010.0,7900.0,56100.0,418500.0,323500.0,4783.0,16060.0,36200.0,19590.0,46600.0,192800.0,58400.0,46400.0,13330.0,87000.0,62400.0,64600.0,54000.0,17920.0,49150.0,28500.0,82300.0,62600.0,445500.0,15940.0,44850.0,9490.0
2026-03-03,939000.0,32550.0,52900.0,195100.0,115000.0,314500.0,9650.0,7050.0,59000.0,421500.0,282000.0,4539.0,14660.0,34050.0,18140.0,51300.0,180500.0,57100.0,45000.0,12680.0,88200.0,59000.0,59900.0,51300.0,15970.0,46450.0,27150.0,82000.0,58700.0,440500.0,14650.0,43200.0,8920.0
2026-03-04,849000.0,27100.0,45150.0,172200.0,98800.0,283500.0,8210.0,6030.0,53800.0,361500.0,259000.0,3831.0,14220.0,30200.0,15300.0,51000.0,163900.0,51100.0,40600.0,10654.0,83900.0,53900.0,48400.0,43150.0,13550.0,39450.0,23550.0,71100.0,49900.0,366000.0,11900.0,37950.0,7740.0
2026-03-05,941000.0,33800.0,51700.0,191600.0,115600.0,293500.0,9250.0,7060.0,66800.0,446000.0,315000.0,4305.0,15420.0,35000.0,19600.0,66300.0,202000.0,57600.0,46750.0,12030.0,95100.0,66100.0,54500.0,50000.0,15820.0,46400.0,28250.0,79900.0,59300.0,475500.0,13800.0,44950.0,8980.0
2026-03-06,924000.0,35500.0,55000.0,188200.0,114600.0,310000.0,9640.0,7500.0,67100.0,453000.0,333500.0,4640.0,15380.0,36150.0,20700.0,71100.0,211500.0,59300.0,49000.0,12355.0,106100.0,68100.0,58300.0,57000.0,18410.0,47600.0,29250.0,84700.0,66700.0,501000.0,14710.0,47850.0,9500.0
2026-03-09,836000.0,31150.0,49350.0,173500.0,103600.0,284000.0,8800.0,6780.0,59900.0,413000.0,305000.0,4071.0,13610.0,31950.0,18660.0,68500.0,191500.0,53400.0,45000.0,11354.0,97500.0,61800.0,50700.0,51800.0,17040.0,41400.0,26300.0,78400.0,60200.0,469500.0,13500.0,43500.0,8610.0
2026-03-10,938000.0,33750.0,52600.0,187900.0,113700.0,296500.0,10260.0,7160.0,70000.0,419000.0,324000.0,4405.0,14320.0,34150.0,19600.0,66800.0,185600.0,59500.0,45900.0,13080.0,99000.0,62600.0,53900.0,52700.0,18670.0,45600.0,27800.0,82100.0,64600.0,485500.0,14070.0,45700.0,9130.0
2026-03-11,955000.0,32650.0,50300.0,190000.0,110000.0,292000.0,12890.0,7090.0,67000.0,398500.0,312500.0,4429.0,15160.0,32200.0,19960.0,65000.0,174400.0,58300.0,44500.0,13330.0,100500.0,61500.0,54400.0,53300.0,19730.0,44550.0,27100.0,81000.0,62500.0,442000.0,15570.0,43600.0,9310.0
2026-03-12,930000.0,32000.0,50800.0,187900.0,108800.0,284000.0,13450.0,7160.0,66100.0,410500.0,317000.0,4396.0,15600.0,31400.0,20100.0,62600.0,178100.0,58000.0,43400.0,13480.0,110000.0,60700.0,54300.0,52200.0,20300.0,44350.0,30150.0,81500.0,63700.0,438500.0,14900.0,43250.0,9330.0
2026-03-13,910000.0,32000.0,50100.0,183500.0,107100.0,275000.0,14300.0,6950.0,66100.0,410500.0,305500.0,4286.0,15110.0,31650.0,19500.0,63300.0,185400.0,56300.0,43200.0,14055.0,106300.0,58400.0,52900.0,51900.0,19710.0,44800.0,33000.0,79500.0,63300.0,431500.0,15160.0,42650.0,9520.0
2026-03-16,974000.0,35950.0,50100.0,188700.0,105800.0,284000.0,16010.0,7030.0,64100.0,410000.0,300000.0,4204.0,15410.0,32050.0,19200.0,64100.0,220000.0,58500.0,44050.0,13430.0,114500.0,62100.0,53500.0,56000.0,19670.0,46100.0,32000.0,81100.0,67000.0,424000.0,15360.0,43850.0,9710.0
2026-03-17,970000.0,35650.0,49250.0,193900.0,114300.0,285500.0,13750.0,6950.0,61100.0,394500.0,301000.0,4338.0,16100.0,31250.0,18900.0,60900.0,211000.0,56600.0,43150.0,13855.0,115000.0,59500.0,52900.0,56500.0,19150.0,47050.0,31000.0,79500.0,67200.0,422000.0,14940.0,44050.0,10270.0
2026-03-18,1056000.0,37250.0,51200.0,208500.0,125100.0,291500.0,14450.0,7310.0,62900.0,410500.0,311000.0,4688.0,15840.0,34050.0,19270.0,62000.0,230000.0,59300.0,44250.0,13630.0,119900.0,61200.0,57500.0,59600.0,19880.0,51200.0,33700.0,80800.0,74800.0,440000.0,15110.0,50000.0,10830.0
2026-03-19,1013000.0,38450.0,48550.0,200500.0,129500.0,283500.0,17710.0,7070.0,61000.0,412500.0,307000.0,4535.0,17950.0,33500.0,18320.0,58500.0,244500.0,56600.0,43200.0,13405.0,124800.0,59100.0,56000.0,60100.0,18750.0,50800.0,33000.0,80000.0,77300.0,422000.0,15960.0,51700.0,11890.0
2026-03-20,1007000.0,38750.0,49800.0,199400.0,126800.0,294000.0,18070.0,7100.0,72800.0,429500.0,309500.0,4702.0,17180.0,34750.0,19700.0,58000.0,247000.0,55000.0,42700.0,13330.0,121800.0,62000.0,58500.0,62500.0,19100.0,49550.0,33050.0,79400.0,82800.0,428000.0,16900.0,51200.0,10880.0
2026-03-23,933000.0,34600.0,44950.0,186300.0,115500.0,270500.0,16300.0,6710.0,71500.0,419000.0,297000.0,4496.0,16090.0,32650.0,17780.0,53900.0,238000.0,50400.0,40550.0,12505.0,117900.0,58700.0,52900.0,56800.0,17650.0,45400.0,30400.0,73700.0,79200.0,398500.0,16970.0,49200.0,10570.0
2026-03-24,986000.0,35600.0,48200.0,189700.0,120200.0,279000.0,17830.0,6820.0,77400.0,423500.0,296500.0,4582.0,16770.0,32650.0,17900.0,53300.0,238500.0,57400.0,41850.0,12780.0,115800.0,59300.0,55000.0,56800.0,17540.0,46400.0,35150.0,75900.0,77600.0,427000.0,16860.0,48750.0,10350.0
2026-03-25,995000.0,37900.0,50000.0,189000.0,120300.0,282500.0,17470.0,7100.0,73600.0,446500.0,300000.0,4783.0,17280.0,36200.0,19140.0,54500.0,250000.0,54000.0,45400.0,13480.0,121700.0,64200.0,60300.0,62600.0,17890.0,49750.0,34150.0,78200.0,88600.0,418000.0,18520.0,49750.0,10690.0
2026-03-26,933000.0,35750.0,46950.0,180100.0,115000.0,282500.0,16350.0,6690.0,71300.0,408000.0,278000.0,4482.0,18120.0,32600.0,17730.0,51800.0,240000.0,51600.0,42600.0,12230.0,115000.0,63700.0,56600.0,58600.0,16430.0,48550.0,32250.0,74800.0,87700.0,395000.0,17300.0,45650.0,10100.0
2026-03-27,922000.0,34500.0,46500.0,179700.0,110500.0,273000.0,15590.0,6560.0,70000.0,417000.0,275500.0,4300.0,19070.0,31100.0,17190.0,52000.0,250000.0,50600.0,42000.0,12230.0,110300.0,63400.0,54200.0,56200.0,16570.0,48800.0,31250.0,73000.0,85400.0,396000.0,17620.0,45150.0,9980.0
2026-03-30,873000.0,31200.0,44000.0,176300.0,104500.0,264500.0,15700.0,6310.0,64200.0,386000.0,260500.0,3994.0,17280.0,29300.0,16270.0,48900.0,247500.0,48300.0,41250.0,11729.0,112000.0,60000.0,50300.0,51500.0,15400.0,48050.0,29400.0,68400.0,82700.0,383000.0,16200.0,42900.0,12970.0
2026-03-31,807000.0,28200.0,44250.0,167200.0,98000.0,252500.0,15200.0,5990.0,60700.0,384500.0,251000.0,3798.0,16810.0,27800.0,15770.0,45300.0,233000.0,46700.0,39950.0,10754.0,105700.0,60900.0,46750.0,47450.0,14620.0,43900.0,29750.0,62500.0,76700.0,364000.0,14460.0,40900.0,13200.0
2026-04-01,893000.0,30400.0,48550.0,189600.0,108700.0,284000.0,18330.0,6470.0,65100.0,435000.0,273500.0,3917.0,21000.0,30450.0,16640.0,49550.0,264000.0,51000.0,42400.0,11905.0,118800.0,64700.0,55700.0,52900.0,16050.0,47450.0,32400.0,68600.0,88000.0,396000.0,15630.0,44500.0,13170.0
2026-04-02,830000.0,27700.0,46200.0,178400.0,101800.0,269500.0,17840.0,6280.0,60800.0,397500.0,256000.0,3760.0,21600.0,28650.0,15320.0,46250.0,236000.0,47200.0,40100.0,11304.0,111800.0,59200.0,52300.0,48950.0,14740.0,43150.0,28900.0,64700.0,80300.0,375000.0,14370.0,40850.0,12210.0
2026-04-03,876000.0,28300.0,46000.0,186200.0,102600.0,264500.0,18100.0,6420.0,62200.0,396000.0,260000.0,3774.0,21500.0,28900.0,16100.0,46700.0,237000.0,45650.0,40100.0,11579.0,108800.0,55000.0,52600.0,49550.0,14660.0,42900.0,29500.0,66000.0,81200.0,376500.0,14440.0,42000.0,13140.0
2026-04-06,886000.0,28000.0,45000.0,193100.0,104800.0,265500.0,17160.0,6320.0,61000.0,395000.0,252000.0,3764.0,21700.0,28900.0,15680.0,46450.0,240000.0,45700.0,40050.0,11304.0,107400.0,53900.0,52300.0,54500.0,15200.0,43250.0,30850.0,66900.0,81000.0,365500.0,14570.0,41600.0,14020.0
2026-04-07,916000.0,28400.0,44750.0,196500.0,106000.0,260500.0,16250.0,6290.0,60500.0,412000.0,253500.0,3707.0,19840.0,28850.0,15270.0,47100.0,239000.0,45500.0,40800.0,10754.0,110200.0,55500.0,52000.0,57900.0,14760.0,43850.0,30150.0,65700.0,82500.0,381500.0,15040.0,41650.0,13830.0
2026-04-08,1033000.0,30150.0,47900.0,210500.0,120100.0,272500.0,20600.0,6890.0,68000.0,442000.0,280500.0,4008.0,22950.0,31100.0,16310.0,50800.0,257000.0,48200.0,42250.0,11855.0,114900.0,60800.0,55600.0,68000.0,15900.0,46550.0,33550.0,74000.0,88600.0,412000.0,15730.0,45900.0,14550.0
2026-04-09,998000.0,29250.0,45050.0,204000.0,117900.0,267500.0,19410.0,6760.0,63800.0,426500.0,286000.0,3807.0,22450.0,29800.0,15790.0,52400.0,271000.0,47350.0,42250.0,11729.0,119100.0,58800.0,53100.0,68400.0,15200.0,47350.0,32850.0,72800.0,87400.0,401000.0,15260.0,44700.0,13500.0
2026-04-10,1027000.0,31450.0,49500.0,206000.0,114900.0,277000.0,20600.0,6900.0,63400.0,448000.0,286000.0,3975.0,24500.0,31000.0,16130.0,53000.0,257500.0,50400.0,42250.0,11729.0,118200.0,60500.0,54900.0,68100.0,15280.0,49700.0,31900.0,72600.0,89900.0,429500.0,15700.0,45550.0,13530.0
2026-04-13,1040000.0,30600.0,52200.0,201000.0,119700.0,260000.0,19390.0,6870.0,63300.0,490000.0,276500.0,4133.0,24000.0,31600.0,15920.0,53000.0,216500.0,50800.0,42350.0,11729.0,119700.0,62700.0,57000.0,66400.0,16460.0,51500.0,32600.0,76600.0,86000.0,417000.0,16110.0,41400.0,13070.0
2026-04-14,1103000.0,31350.0,52300.0,206500.0,124500.0,265500.0,24100.0,6980.0,63600.0,481500.0,284000.0,4367.0,24100.0,33000.0,16590.0,54200.0,223000.0,51300.0,44850.0,11729.0,134200.0,68000.0,57200.0,66300.0,17750.0,53400.0,35800.0,74000.0,88500.0,418000.0,17820.0,42650.0,13380.0
2026-04-15,1136000.0,31400.0,56500.0,211000.0,123200.0,281000.0,22550.0,7020.0,70600.0,472000.0,295000.0,4420.0,24500.0,33350.0,17770.0,57600.0,224500.0,52500.0,47000.0,11729.0,141600.0,69800.0,56500.0,71100.0,17660.0,53800.0,35650.0,75600.0,87000.0,425500.0,17160.0,42550.0,12910.0
2026-04-16,1155000.0,31950.0,56800.0,217500.0,122700.0,285000.0,24000.0,7300.0,72300.0,472500.0,292000.0,4712.0,26600.0,34650.0,18300.0,57400.0,222000.0,55900.0,52200.0,11729.0,149500.0,72000.0,59300.0,76100.0,17340.0,54500.0,34850.0,76600.0,93300.0,431500.0,16940.0,44150.0,12780.0
2026-04-17,1128000.0,31700.0,55300.0,216000.0,120300.0,288000.0,23450.0,7340.0,70400.0,470500.0,286500.0,4822.0,27750.0,36050.0,18270.0,56300.0,229000.0,55200.0,51600.0,11729.0,163500.0,72100.0,60500.0,76200.0,17260.0,54500.0,35650.0,76700.0,94300.0,428000.0,17350.0,44500.0,12780.0
2026-04-20,1166000.0,31350.0,53800.0,214500.0,133300.0,287000.0,26700.0,7330.0,91500.0,470000.0,287000.0,4678.0,28900.0,38700.0,18410.0,55400.0,230000.0,54600.0,50900.0,11729.0,156500.0,71500.0,61300.0,78300.0,17390.0,55500.0,35600.0,76500.0,93000.0,434000.0,17700.0,45700.0,12500.0
2026-04-21,1224000.0,31900.0,54700.0,219000.0,133200.0,288000.0,26750.0,7570.0,118900.0,483000.0,295000.0,4664.0,31450.0,38050.0,19350.0,57100.0,238000.0,56200.0,51400.0,11729.0,159100.0,70300.0,65500.0,79400.0,17750.0,54900.0,35050.0,76400.0,100300.0,441000.0,17680.0,46600.0,12390.0
2026-04-22,1223000.0,32350.0,60400.0,217500.0,161400.0,288000.0,26900.0,7860.0,120400.0,483000.0,293500.0,4831.0,29800.0,39900.0,18860.0,57200.0,239500.0,57900.0,51300.0,11729.0,169300.0,71400.0,68500.0,86600.0,18000.0,57300.0,34600.0,76400.0,101200.0,464000.0,19120.0,48000.0,12440.0
2026-04-23,1225000.0,31900.0,60300.0,224500.0,150200.0,288000.0,28350.0,7890.0,116200.0,484500.0,293500.0,4822.0,28250.0,38000.0,18640.0,55000.0,229000.0,60200.0,52900.0,11729.0,165700.0,70000.0,76100.0,84700.0,17600.0,57200.0,33600.0,77100.0,98900.0,460000.0,19200.0,51000.0,12260.0
2026-04-24,1222000.0,34650.0,63200.0,219500.0,153400.0,293000.0,28650.0,9640.0,123900.0,506000.0,295500.0,5807.0,29450.0,40300.0,19470.0,61800.0,235000.0,62700.0,54900.0,11729.0,169400.0,71200.0,81700.0,88900.0,18820.0,59500.0,33350.0,76200.0,115200.0,469000.0,20250.0,53400.0,12570.0
2026-04-27,1292000.0,34800.0,60800.0,224500.0,155500.0,303000.0,29200.0,9960.0,126000.0,505000.0,373500.0,6582.0,31150.0,40700.0,19400.0,62100.0,240500.0,62500.0,54900.0,11729.0,167000.0,73400.0,80400.0,86000.0,19180.0,60300.0,34350.0,78500.0,108800.0,485000.0,21400.0,54800.0,16340.0
2026-04-28,1300000.0,35000.0,58800.0,222000.0,150600.0,295500.0,30450.0,8830.0,130500.0,513000.0,367000.0,6438.0,30350.0,39800.0,18980.0,60300.0,237500.0,61800.0,54700.0,11729.0,174800.0,76300.0,76300.0,86500.0,19080.0,61700.0,34300.0,75900.0,109300.0,483500.0,21400.0,53700.0,17100.0
2026-04-29,1293000.0,34550.0,58400.0,226000.0,146000.0,295000.0,28450.0,8620.0,125900.0,516000.0,357500.0,5482.0,30200.0,40150.0,18600.0,59400.0,244000.0,60300.0,54300.0,15240.0,168800.0,79600.0,75200.0,89300.0,19130.0,62300.0,36150.0,73200.0,115400.0,479000.0,20150.0,53400.0,16760.0
2026-04-30,1286000.0,33250.0,56600.0,220500.0,150300.0,285000.0,27900.0,8300.0,126000.0,468000.0,368000.0,5357.0,30800.0,39700.0,18360.0,57300.0,242500.0,57900.0,52300.0,14050.0,168800.0,75500.0,80200.0,87000.0,18670.0,61300.0,34500.0,69700.0,112800.0,458000.0,20450.0,52600.0,17160.0
2026-05-04,1447000.0,33800.0,58900.0,232500.0,149000.0,286500.0,27500.0,8620.0,126600.0,475000.0,378000.0,5243.0,31350.0,42050.0,19400.0,61300.0,247500.0,57900.0,53900.0,13620.0,167800.0,79400.0,79500.0,88200.0,18970.0,66500.0,44850.0,72900.0,114400.0,458500.0,21800.0,54400.0,19710.0
2026-05-06,1601000.0,35450.0,59100.0,266000.0,151600.0,293000.0,27100.0,8890.0,127600.0,479000.0,394500.0,5376.0,33350.0,43500.0,19160.0,62100.0,256000.0,57600.0,53300.0,16020.0,170100.0,80700.0,78000.0,93800.0,20650.0,69700.0,43050.0,71900.0,125400.0,466000.0,21450.0,56600.0,21700.0
2026-05-07,1654000.0,34600.0,61000.0,271500.0,147400.0,288500.0,26350.0,8310.0,135100.0,463500.0,393000.0,5128.0,31150.0,42450.0,18620.0,59500.0,247000.0,57800.0,52800.0,15820.0,171000.0,80600.0,86000.0,106500.0,18090.0,68000.0,39500.0,71600.0,120700.0,476000.0,20750.0,54700.0,22350.0
2026-05-08,1686000.0,33200.0,59600.0,268500.0,141100.0,286000.0,28500.0,8410.0,138900.0,478500.0,390000.0,5252.0,30700.0,42800.0,18430.0,59300.0,253500.0,55900.0,50200.0,14880.0,174700.0,80000.0,87500.0,115800.0,17800.0,68300.0,35450.0,71200.0,123200.0,461000.0,19790.0,53900.0,22100.0
2026-05-11,1880000.0,32250.0,58900.0,285500.0,140100.0,279000.0,27700.0,8430.0,163800.0,501000.0,400000.0,5147.0,30450.0,43150.0,18260.0,58200.0,243500.0,56600.0,50400.0,16180.0,175900.0,80400.0,85400.0,114100.0,16890.0,71200.0,34450.0,69500.0,125800.0,466500.0,19790.0,55400.0,23600.0
2026-05-12,1835000.0,30400.0,56200.0,279000.0,128400.0,300000.0,25750.0,7990.0,156000.0,428000.0,377500.0,5281.0,28350.0,41400.0,18660.0,53500.0,248500.0,51300.0,48900.0,15010.0,173300.0,77500.0,81300.0,111500.0,16050.0,68400.0,32150.0,69300.0,128000.0,426500.0,18500.0,51300.0,23100.0
2026-05-13,1976000.0,30950.0,57700.0,284000.0,133100.0,336000.0,26600.0,8050.0,168000.0,479500.0,400500.0,5156.0,29600.0,43750.0,18220.0,57300.0,244000.0,52400.0,49350.0,14810.0,189500.0,79000.0,86800.0,114200.0,15720.0,74300.0,30200.0,69300.0,142900.0,476000.0,19000.0,55300.0,23700.0
2026-05-14,1970000.0,31950.0,58000.0,296000.0,132500.0,336000.0,29650.0,8280.0,168000.0,479000.0,409500.0,5472.0,29200.0,44600.0,21050.0,54900.0,247500.0,52200.0,49350.0,14810.0,190100.0,79100.0,88300.0,109800.0,16190.0,81800.0,30000.0,74000.0,144600.0,481500.0,17970.0,54700.0,24050.0
2026-05-15,1819000.0,28950.0,52900.0,270500.0,128000.0,326000.0,28450.0,8610.0,140200.0,442000.0,369000.0,5070.0,26950.0,52900.0,17990.0,50400.0,224500.0,45900.0,46450.0,14270.0,181500.0,70800.0,87600.0,100300.0,14750.0,71300.0,27850.0,64100.0,135800.0,410000.0,16690.0,49500.0,21950.0
2026-05-18,1840000.0,29150.0,56100.0,281000.0,131500.0,319500.0,27700.0,8500.0,182200.0,485000.0,317000.0,5185.0,25300.0,48950.0,17180.0,49400.0,209000.0,46550.0,45000.0,14430.0,223000.0,73500.0,85900.0,100400.0,15180.0,70200.0,27850.0,62000.0,140400.0,408000.0,15990.0,52200.0,24000.0
2026-05-19,1745000.0,28700.0,57600.0,275500.0,120900.0,308500.0,32100.0,7840.0,176900.0,464500.0,288000.0,5137.0,24200.0,47550.0,16030.0,48150.0,197300.0,44850.0,44800.0,13420.0,210000.0,71300.0,81000.0,98700.0,14530.0,66300.0,26300.0,61100.0,134300.0,401000.0,15470.0,49000.0,25850.0
2026-05-20,1745000.0,28850.0,55700.0,276000.0,121600.0,276500.0,29100.0,7780.0,178500.0,462000.0,287500.0,5128.0,24000.0,47200.0,15570.0,48000.0,194400.0,44100.0,43750.0,14170.0,237000.0,69700.0,78700.0,103600.0,14190.0,66000.0,25800.0,59200.0,133000.0,392000.0,14960.0,48400.0,25200.0
2026-05-21,1940000.0,32100.0,62000.0,299500.0,127800.0,286500.0,34000.0,8950.0,185200.0,549000.0,332500.0,5530.0,28300.0,54500.0,16560.0,52700.0,219500.0,47900.0,46600.0,14560.0,226500.0,72500.0,81200.0,125500.0,15400.0,71100.0,28850.0,64900.0,146400.0,429000.0,16310.0,53400.0,25950.0
2026-05-22,1941000.0,32650.0,62300.0,292500.0,126100.0,297500.0,34200.0,10250.0,224000.0,573000.0,320500.0,5893.0,35850.0,51700.0,18130.0,53700.0,210000.0,50400.0,47650.0,15020.0,244000.0,81100.0,83500.0,131800.0,16310.0,70600.0,29050.0,66500.0,151300.0,429500.0,16860.0,54700.0,27850.0
2026-05-26,2052000.0,33250.0,66000.0,299000.0,139700.0,305500.0,34000.0,11010.0,234500.0,547000.0,329000.0,6372.0,42500.0,51400.0,18860.0,57500.0,240000.0,50100.0,47500.0,16550.0,227500.0,80000.0,102400.0,132800.0,16950.0,72600.0,29650.0,72500.0,169200.0,452000.0,18110.0,60100.0,27100.0
2026-05-27,2243000.0,30200.0,60700.0,307000.0,132300.0,280500.0,30100.0,9400.0,229000.0,515000.0,319000.0,5836.0,40650.0,47000.0,17800.0,54300.0,232000.0,48200.0,45500.0,15760.0,210000.0,74300.0,92300.0,122000.0,15840.0,67800.0,28900.0,69100.0,163500.0,412500.0,17140.0,55200.0,22300.0
2026-05-28,2289000.0,28600.0,57700.0,299500.0,127500.0,281000.0,29650.0,9000.0,208000.0,484500.0,292500.0,5501.0,40150.0,43500.0,16530.0,51300.0,213000.0,46150.0,44050.0,14590.0,205000.0,69400.0,90600.0,116200.0,15490.0,66200.0,27150.0,71300.0,164800.0,404500.0,16370.0,50900.0,19490.0
2026-05-29,2333000.0,27850.0,54700.0,317000.0,129200.0,270000.0,21500.0,8320.0,200000.0,458000.0,282000.0,5233.0,42100.0,40450.0,15350.0,49850.0,202500.0,43950.0,42700.0,13990.0,199900.0,64000.0,89100.0,118100.0,14120.0,62600.0,26100.0,67400.0,190900.0,382500.0,16180.0,48650.0,18000.0
2026-06-01,2363000.0,26000.0,53900.0,349000.0,139400.0,260500.0,22350.0,7930.0,185500.0,450000.0,293000.0,4889.0,41500.0,40200.0,14690.0,49200.0,209500.0,43000.0,41500.0,14120.0,198100.0,60400.0,80600.0,100200.0,13980.0,63200.0,25250.0,66100.0,177800.0,385000.0,15900.0,46600.0,18290.0
2026-06-02,2360000.0,25100.0,51800.0,360500.0,136300.0,250000.0,25150.0,7600.0,196900.0,432000.0,275500.0,4755.0,39350.0,41400.0,13830.0,48900.0,211500.0,41300.0,40800.0,13850.0,204500.0,58300.0,76100.0,104400.0,13420.0,59700.0,23950.0,62400.0,157500.0,362000.0,15140.0,44150.0,19900.0
2026-06-04,2298000.0,27950.0,59700.0,351500.0,133700.0,276000.0,27450.0,7890.0,250500.0,496000.0,304000.0,4869.0,41450.0,45400.0,14910.0,53700.0,214000.0,44950.0,44250.0,14550.0,221500.0,63400.0,81100.0,113400.0,14400.0,67700.0,27500.0,67000.0,159000.0,384500.0,15210.0,47500.0,20250.0
2026-06-05,2070000.0,26750.0,54900.0,329000.0,120900.0,256500.0,25300.0,7180.0,210000.0,478000.0,283000.0,4377.0,38800.0,41850.0,14110.0,54700.0,202000.0,41900.0,41100.0,14660.0,206000.0,63200.0,74800.0,103000.0,13460.0,65300.0,27300.0,64600.0,152400.0,363000.0,14080.0,50300.0,18100.0
2026-06-08,1911000.0,23500.0,48750.0,295500.0,105700.0,230000.0,21850.0,6400.0,182800.0,396500.0,253500.0,3898.0,33950.0,37700.0,12670.0,49350.0,174900.0,39000.0,37550.0,13410.0,185100.0,56700.0,66500.0,100000.0,11860.0,58900.0,23900.0,55500.0,139700.0,324000.0,12790.0,47150.0,15690.0
2026-06-09,2215000.0,28050.0,53600.0,322000.0,115800.0,246500.0,24400.0,7080.0,191700.0,432500.0,276500.0,4214.0,38050.0,43250.0,14460.0,59700.0,182200.0,42450.0,41100.0,13970.0,213500.0,63200.0,73600.0,115100.0,13030.0,66400.0,26450.0,57800.0,152600.0,342500.0,13960.0,57000.0,16670.0
2026-06-10,2048000.0,27600.0,52200.0,302500.0,113000.0,262000.0,22100.0,6780.0,199000.0,438000.0,270000.0,4104.0,38750.0,42350.0,14210.0,57600.0,180600.0,43100.0,40000.0,12920.0,207500.0,60800.0,74100.0,109500.0,12400.0,65100.0,25000.0,54200.0,148400.0,338500.0,13060.0,53100.0,16130.0
2026-06-11,2101000.0,29200.0,55400.0,299000.0,123200.0,296000.0,28000.0,6910.0,245500.0,504000.0,291000.0,4611.0,44000.0,47950.0,15100.0,61100.0,190500.0,46450.0,43600.0,13300.0,260000.0,67800.0,80900.0,133300.0,13130.0,76400.0,28200.0,58500.0,156800.0,355000.0,13400.0,55000.0,16970.0
2026-06-12,2150000.0,28400.0,59000.0,322500.0,122400.0,282500.0,27300.0,7260.0,231000.0,612000.0,361000.0,5061.0,42400.0,48950.0,16580.0,65300.0,230000.0,52000.0,47600.0,13690.0,270500.0,73100.0,78500.0,130100.0,13990.0,87100.0,30950.0,61400.0,165200.0,441500.0,14740.0,71500.0,19400.0
2026-06-15,2288000.0,29300.0,60900.0,337000.0,118900.0,303500.0,29400.0,7370.0,225000.0,531000.0,347000.0,5300.0,41300.0,50900.0,15900.0,67900.0,209500.0,51700.0,48300.0,13710.0,259000.0,74400.0,85500.0,134100.0,14250.0,85800.0,29500.0,63800.0,167700.0,427000.0,15720.0,83500.0,18220.0
2026-06-16,2382000.0,28850.0,60300.0,343000.0,123000.0,299000.0,29600.0,7200.0,226500.0,495000.0,328500.0,5070.0,40850.0,50100.0,15250.0,59900.0,199500.0,50700.0,46700.0,13420.0,251000.0,70300.0,82100.0,126600.0,13390.0,90100.0,27900.0,59700.0,169900.0,378500.0,15010.0,66300.0,17400.0
2026-06-17,2521000.0,29300.0,64500.0,346500.0,124000.0,301000.0,31050.0,7330.0,220000.0,508000.0,319500.0,5310.0,41950.0,50700.0,15030.0,62100.0,194700.0,53500.0,49100.0,13540.0,252500.0,72000.0,81200.0,129900.0,13630.0,91600.0,29500.0,60000.0,174200.0,407000.0,14800.0,62800.0,17200.0
2026-06-18,2685000.0,29050.0,62600.0,362500.0,121400.0,297500.0,30000.0,7200.0,212500.0,508000.0,315500.0,5300.0,48100.0,51600.0,14420.0,60500.0,193000.0,53300.0,49500.0,12780.0,249000.0,69000.0,79400.0,127500.0,13160.0,91100.0,29550.0,56500.0,167600.0,403000.0,14200.0,59400.0,18130.0
2026-06-19,2764000.0,27550.0,60300.0,354000.0,115100.0,280500.0,28000.0,6800.0,193100.0,498500.0,295000.0,5110.0,46250.0,49000.0,13670.0,60200.0,186000.0,50700.0,45250.0,11990.0,244000.0,64500.0,73300.0,124300.0,12500.0,85300.0,27600.0,52700.0,156300.0,366000.0,13100.0,56600.0,14800.0
2026-06-22,2919000.0,28050.0,63800.0,353500.0,117900.0,283500.0,27150.0,7050.0,197900.0,518000.0,301500.0,5250.0,45300.0,56800.0,13790.0,61100.0,198200.0,51500.0,46200.0,12570.0,259500.0,68400.0,85900.0,134000.0,12420.0,94000.0,27050.0,50600.0,155000.0,385000.0,13190.0,60000.0,14520.0
2026-06-23,2555000.0,25150.0,57000.0,310000.0,108100.0,256000.0,24400.0,6180.0,184200.0,460000.0,258000.0,4570.0,40550.0,49650.0,12330.0,52500.0,190400.0,47150.0,41100.0,10850.0,235500.0,60900.0,71000.0,120500.0,11680.0,80400.0,23550.0,46550.0,140400.0,335500.0,12010.0,53000.0,13060.0
2026-06-24,2580000.0,23850.0,57400.0,340500.0,107300.0,261500.0,23150.0,6150.0,182400.0,486500.0,270000.0,4415.0,40950.0,48250.0,12340.0,49900.0,190500.0,45800.0,39750.0,11000.0,249500.0,60200.0,69600.0,117700.0,11490.0,81500.0,22050.0,45250.0,138100.0,337500.0,11930.0,50600.0,13420.0
2026-06-25,2917000.0,24850.0,56600.0,358500.0,109600.0,257000.0,22000.0,6050.0,166900.0,477000.0,273000.0,4135.0,41100.0,48600.0,11890.0,52300.0,191200.0,44200.0,39500.0,10910.0,218000.0,59600.0,69900.0,126200.0,11200.0,77400.0,20750.0,45050.0,133800.0,347000.0,11300.0,51000.0,12410.0
2026-06-26,2673000.0,23800.0,55000.0,339500.0,107800.0,260000.0,21150.0,5750.0,165600.0,485000.0,257500.0,4115.0,42550.0,48600.0,11490.0,51800.0,184000.0,43400.0,37650.0,10080.0,223500.0,58700.0,68500.0,124800.0,10980.0,82700.0,19580.0,43800.0,133200.0,333000.0,10620.0,52700.0,11550.0
2026-06-29,2628000.0,25350.0,56100.0,323000.0,109700.0,278500.0,21950.0,6090.0,176600.0,456500.0,258000.0,4475.0,40950.0,49400.0,12560.0,51600.0,185900.0,45350.0,41300.0,10900.0,224000.0,61900.0,68000.0,124300.0,11640.0,90900.0,22050.0,49150.0,132100.0,342500.0,12020.0,53700.0,12370.0
2026-06-30,2650000.0,25700.0,58300.0,334000.0,115400.0,291000.0,18950.0,5910.0,201000.0,476000.0,256500.0,4530.0,47000.0,49850.0,12250.0,53600.0,181500.0,45900.0,41600.0,10950.0,244500.0,63200.0,70500.0,148700.0,11270.0,115100.0,22300.0,49350.0,153600.0,365500.0,11600.0,54000.0,12030.0
2026-07-01,2560000.0,28700.0,56500.0,314500.0,132900.0,304000.0,18380.0,5890.0,242000.0,435000.0,246500.0,4685.0,48500.0,51300.0,12640.0,58400.0,170700.0,45900.0,41500.0,11400.0,276000.0,67000.0,70600.0,157300.0,11750.0,117500.0,22950.0,48800.0,154400.0,338500.0,12190.0,50200.0,11770.0
2026-07-02,2187000.0,24300.0,50700.0,286000.0,119800.0,275000.0,16470.0,5130.0,227500.0,384500.0,219500.0,4355.0,45800.0,42500.0,11510.0,47450.0,154100.0,40650.0,37350.0,9970.0,246000.0,56200.0,61800.0,124700.0,10220.0,113100.0,19450.0,42750.0,131000.0,303500.0,10830.0,43700.0,10350.0
2026-07-03,2425000.0,24700.0,50600.0,309500.0,110100.0,262500.0,16010.0,5400.0,192600.0,392500.0,232500.0,4330.0,51800.0,41050.0,11090.0,46600.0,167000.0,41150.0,36550.0,10640.0,251000.0,57700.0,60700.0,129100.0,10650.0,108600.0,19310.0,45950.0,129600.0,322500.0,11120.0,48500.0,10220.0
2026-07-06,2343000.0,23850.0,49050.0,318000.0,101300.0,248500.0,15340.0,5240.0,181700.0,397500.0,226500.0,4115.0,48250.0,39000.0,11600.0,46100.0,152700.0,40750.0,37600.0,10320.0,244500.0,55100.0,58300.0,118500.0,10120.0,98800.0,19140.0,43800.0,124000.0,314500.0,11330.0,44500.0,10050.0
2026-07-07,2201000.0,23000.0,46150.0,296000.0,98000.0,251000.0,14440.0,5100.0,175600.0,370000.0,210500.0,4120.0,46350.0,37250.0,10740.0,41100.0,150100.0,39250.0,36000.0,9910.0,233500.0,51700.0,54500.0,108400.0,9840.0,92900.0,18800.0,40850.0,116700.0,306500.0,10920.0,41500.0,9580.0
2026-07-08,2076000.0,21250.0,42650.0,277500.0,87800.0,238000.0,14090.0,5000.0,160000.0,345000.0,199200.0,3800.0,40000.0,34150.0,9940.0,37950.0,137400.0,36800.0,33250.0,9100.0,229500.0,48100.0,49200.0,104600.0,9540.0,83100.0,17200.0,38900.0,105700.0,290000.0,10020.0,38250.0,8750.0
2026-07-09,2186000.0,21300.0,43100.0,278000.0,91800.0,243000.0,14960.0,4985.0,178400.0,342500.0,215500.0,3955.0,38600.0,35200.0,9810.0,39450.0,141800.0,38600.0,34150.0,9690.0,224000.0,50700.0,52400.0,117900.0,9400.0,83500.0,17040.0,38650.0,112000.0,295000.0,10930.0,39300.0,9270.0
2026-07-10,2180000.0,22000.0,47150.0,285000.0,103800.0,248500.0,17150.0,5350.0,191900.0,378500.0,222000.0,4255.0,45000.0,39750.0,10840.0,43900.0,151200.0,42150.0,37650.0,10630.0,269500.0,56400.0,59400.0,122700.0,10250.0,97400.0,18850.0,40600.0,120900.0,311500.0,11710.0,44400.0,10130.0
2026-07-13,1845000.0,20800.0,44800.0,254500.0,99600.0,260000.0,16880.0,5120.0,182500.0,359500.0,205500.0,4005.0,43350.0,38200.0,10410.0,43850.0,153500.0,40550.0,35700.0,9720.0,250500.0,54600.0,58500.0,108100.0,9910.0,90000.0,18600.0,37950.0,113800.0,308500.0,10530.0,41900.0,9750.0
2026-07-14,1913000.0,21000.0,43750.0,263000.0,97900.0,239500.0,15730.0,5300.0,192600.0,357000.0,207500.0,4040.0,40150.0,38250.0,9990.0,48450.0,150000.0,39750.0,35600.0,9510.0,277000.0,52900.0,56900.0,108000.0,9780.0,94000.0,18000.0,36550.0,117400.0,304500.0,10370.0,42000.0,9330.0
2026-07-15,2082000.0,22600.0,46450.0,279500.0,102100.0,248500.0,18050.0,6050.0,209500.0,385000.0,269500.0,4310.0,42250.0,39200.0,10980.0,51900.0,158500.0,42250.0,36750.0,10570.0,284500.0,57900.0,61300.0,121600.0,10530.0,104900.0,19890.0,40500.0,143200.0,306500.0,10850.0,46700.0,10370.0
2026-07-16,1842000.0,21250.0,43600.0,255000.0,92000.0,244500.0,16030.0,5620.0,187900.0,344000.0,242500.0,4070.0,38900.0,35750.0,10260.0,49200.0,145000.0,40250.0,34700.0,9990.0,282500.0,54600.0,56800.0,107400.0,9760.0,100800.0,18050.0,39500.0,138000.0,291500.0,10430.0,42500.0,9530.0
2026-07-20,1764000.0,19670.0,42150.0,244000.0,84400.0,244000.0,15300.0,5610.0,167900.0,317000.0,222000.0,3945.0,36300.0,36650.0,9480.0,48550.0,135600.0,38750.0,33450.0,9350.0,258500.0,53300.0,52800.0,99500.0,9210.0,93400.0,16530.0,35800.0,120700.0,276000.0,9690.0,39500.0,9010.0
2026-07-21,1836000.0,19690.0,42150.0,259000.0,88600.0,229000.0,15960.0,5540.0,169200.0,317500.0,224000.0,3940.0,36250.0,37000.0,9400.0,46800.0,139200.0,39000.0,33950.0,9410.0,251000.0,53300.0,52500.0,100900.0,9290.0,100300.0,16560.0,35150.0,120500.0,280000.0,10250.0,39100.0,9130.0
2026-07-22,1830000.0,19330.0,42300.0,260500.0,91600.0,225000.0,15320.0,5470.0,162000.0,308500.0,215000.0,3915.0,35150.0,35500.0,9230.0,46200.0,140500.0,40300.0,33550.0,8990.0,240000.0,53200.0,54100.0,97600.0,9170.0,86900.0,16470.0,34200.0,119000.0,276500.0,9950.0,38800.0,9070.0
2026-07-23,1919000.0,20600.0,45400.0,270000.0,93400.0,236000.0,16350.0,5520.0,163900.0,328500.0,216000.0,4175.0,35850.0,36150.0,9700.0,50800.0,147200.0,45200.0,34150.0,9290.0,239500.0,54700.0,53700.0,98300.0,9710.0,86100.0,17360.0,35700.0,123200.0,296000.0,10320.0,39650.0,9380.0
