시장,종목코드,기업명,업종,주요제품,결산월,분기라벨,연도,분기,매출액(천원),영업이익(천원),당기순이익(천원),판관비(천원),자산총계(천원),유동자산(천원),부채총계(천원),유동부채(천원),자본총계(천원),이익잉여금(천원),현금및현금성자산(천원),영업활동으로인한현금흐름(천원),시가총액(백만원),유동시총(백만원),유동비율,액면가(원),기말발행주식수(보통주)(주),유동주식수(보통주)(주),분기말종가(원),자본금(천원),재무제표기준
KOSPI,000660,SK하이닉스,반도체 제조업,"반도체,컴퓨터,통신기기 제조,도매",12월,2020Q1,2020,1,7198892000.0,800301000.0,649050000.0,1391772000.0,67142787000.0,15799759000.0,18895063000.0,8707249000.0,48247724000.0,42890187000.0,2169664000.0,2331545000.0,60642597.0,44808815.0,0.7389,5000.0,728002365.0,537920947.0,83300.0,3657652000.0,CFS
KOSPI,000660,SK하이닉스,반도체 제조업,"반도체,컴퓨터,통신기기 제조,도매",12월,2020Q2,2020,2,8606534000.0,1946715000.0,1264260000.0,1397490000.0,69259297000.0,17362825000.0,19856421000.0,9595472000.0,49402876000.0,44148533000.0,3918249000.0,3354484000.0,61953001.0,45777072.0,0.7389,5000.0,728002365.0,537920947.0,85100.0,3657652000.0,CFS
KOSPI,000660,SK하이닉스,반도체 제조업,"반도체,컴퓨터,통신기기 제조,도매",12월,2020Q3,2020,3,8128767000.0,1299696000.0,1077862000.0,1543561000.0,69267173000.0,17036210000.0,18768114000.0,8851618000.0,50499059000.0,45221291000.0,2807138000.0,3366715000.0,61152199.0,45185360.0,0.7389,5000.0,728002365.0,537920947.0,84000.0,3657652000.0,CFS
KOSPI,000660,SK하이닉스,반도체 제조업,"반도체,컴퓨터,통신기기 제조,도매",12월,2020Q4,2020,4,7966225000.0,965912000.0,1767742000.0,1465182000.0,71173853000.0,16570953000.0,19264756000.0,9072360000.0,51909097000.0,46995728000.0,2975989000.0,3261827000.0,86268280.0,63743632.0,0.7389,5000.0,728002365.0,537920947.0,118500.0,3657652000.0,CFS
KOSPI,000660,SK하이닉스,반도체 제조업,"반도체,컴퓨터,통신기기 제조,도매",12월,2021Q1,2021,1,8494188000.0,1324421000.0,992640000.0,1404127000.0,75118008000.0,18384877000.0,22739419000.0,9830992000.0,52378589000.0,47178853000.0,2226144000.0,3206762000.0,96460313.0,71274525.0,0.7389,5000.0,728002365.0,537920947.0,132500.0,3657652000.0,CFS
KOSPI,000660,SK하이닉스,반도체 제조업,"반도체,컴퓨터,통신기기 제조,도매",12월,2021Q2,2021,2,10321671000.0,2694574000.0,1988424000.0,1644870000.0,77717897000.0,20099557000.0,22839883000.0,9186924000.0,54878014000.0,49156421000.0,2666351000.0,4549973000.0,92820302.0,69039741.0,0.7438,5000.0,728002365.0,541488159.0,127500.0,3657652000.0,CFS
KOSPI,000660,SK하이닉스,반도체 제조업,"반도체,컴퓨터,통신기기 제조,도매",12월,2021Q3,2021,3,11805324000.0,4171821000.0,3315251000.0,1659233000.0,83269048000.0,24910504000.0,24554602000.0,10545603000.0,58714446000.0,52460405000.0,2761977000.0,6266689000.0,74984244.0,55773281.0,0.7438,5000.0,728002365.0,541488159.0,103000.0,3657652000.0,CFS
KOSPI,000660,SK하이닉스,반도체 제조업,"반도체,컴퓨터,통신기기 제조,도매",12월,2021Q4,2021,4,12376609000.0,4219524000.0,3319873000.0,1833622000.0,96386474000.0,26870451000.0,34195416000.0,14769356000.0,62191058000.0,55784068000.0,5057982000.0,5774224000.0,95368310.0,70934949.0,0.7438,5000.0,728002365.0,541488159.0,131000.0,3657652000.0,CFS
KOSPI,000660,SK하이닉스,반도체 제조업,"반도체,컴퓨터,통신기기 제조,도매",12월,2022Q1,2022,1,12155653000.0,2859615000.0,1982928000.0,2548124000.0,99466056000.0,27767761000.0,36067417000.0,16659247000.0,63398639000.0,56692698000.0,4982764000.0,5141228000.0,85904279.0,63895603.0,0.7438,5000.0,728002365.0,541488159.0,118000.0,3657652000.0,CFS
KOSPI,000660,SK하이닉스,반도체 제조업,"반도체,컴퓨터,통신기기 제조,도매",12월,2022Q2,2022,2,13811001000.0,4192617000.0,2876821000.0,2151762000.0,104147622000.0,29719276000.0,37387462000.0,16869305000.0,66760160000.0,59346943000.0,4546312000.0,4573665000.0,66248215.0,62578064.0,0.9446,5000.0,728002365.0,687671034.0,91000.0,3657652000.0,CFS
KOSPI,000660,SK하이닉스,반도체 제조업,"반도체,컴퓨터,통신기기 제조,도매",12월,2022Q3,2022,3,10982883000.0,1655559000.0,1102652000.0,2217102000.0,109545800000.0,31896913000.0,40822614000.0,18383115000.0,68723186000.0,60232908000.0,4719217000.0,3880827000.0,60496997.0,57145463.0,0.9446,5000.0,728002365.0,687671034.0,83100.0,3657652000.0,CFS
KOSPI,000660,SK하이닉스,반도체 제조업,"반도체,컴퓨터,통신기기 제조,도매",12월,2022Q4,2022,4,7672031000.0,-1898374000.0,-3720732000.0,1901450000.0,103871512000.0,28733332000.0,40580970000.0,19843696000.0,63290542000.0,56685260000.0,4977007000.0,1184797000.0,54600177.0,40617072.0,0.7439,5000.0,728002365.0,541560959.0,75000.0,3657652000.0,CFS
KOSPI,000660,SK하이닉스,반도체 제조업,"반도체,컴퓨터,통신기기 제조,도매",12월,2023Q1,2023,1,5088111000.0,-3402302000.0,-2585491000.0,1757003000.0,104384608000.0,28834021000.0,43376074000.0,17276137000.0,61008534000.0,53893809000.0,4894782000.0,-2005488000.0,64501010.0,47982301.0,0.7439,5000.0,728002365.0,541560959.0,88600.0,3657652000.0,CFS
KOSPI,000660,SK하이닉스,반도체 제조업,"반도체,컴퓨터,통신기기 제조,도매",12월,2023Q2,2023,2,7305933000.0,-2882084000.0,-2987907000.0,1704256000.0,102819007000.0,29661132000.0,45359957000.0,19776433000.0,57459050000.0,50686060000.0,6040810000.0,1311439000.0,83865872.0,79270022.0,0.9452,5000.0,728002365.0,688107835.0,115200.0,3657652000.0,CFS
KOSPI,000660,SK하이닉스,반도체 제조업,"반도체,컴퓨터,통신기기 제조,도매",12월,2023Q3,2023,3,9066170000.0,-1791961000.0,-2184699000.0,1856087000.0,102049450000.0,30393967000.0,46817890000.0,20250122000.0,55231560000.0,48287780000.0,7122306000.0,1019332000.0,83501871.0,78925968.0,0.9452,5000.0,728002365.0,688107835.0,114700.0,3657652000.0,CFS
KOSPI,000660,SK하이닉스,반도체 제조업,"반도체,컴퓨터,통신기기 제조,도매",12월,2023Q4,2023,4,11305505000.0,346034000.0,-1379450000.0,1879519000.0,100330165000.0,30468100000.0,46826413000.0,21007810000.0,53503752000.0,46729313000.0,7587329000.0,3952908000.0,103012335.0,76692683.0,0.7445,5000.0,728002365.0,541997761.0,141500.0,3657652000.0,CFS
KOSPI,000660,SK하이닉스,반도체 제조업,"반도체,컴퓨터,통신기기 제조,도매",12월,2024Q1,2024,1,12429598000.0,2886029000.0,1917039000.0,1908616000.0,103197515000.0,33026065000.0,47690113000.0,23401233000.0,55507402000.0,48391710000.0,8381395000.0,5356478000.0,133224433.0,99185590.0,0.7445,5000.0,728002365.0,541997761.0,183000.0,3657652000.0,CFS
KOSPI,000660,SK하이닉스,반도체 제조업,"반도체,컴퓨터,통신기기 제조,도매",12월,2024Q2,2024,2,16423258000.0,5468536000.0,4120003000.0,2027928000.0,105624349000.0,35683696000.0,45794329000.0,23354170000.0,59830020000.0,52301637000.0,7933829000.0,5659023000.0,172172559.0,128302991.0,0.7452,5000.0,728002365.0,542507362.0,236500.0,3657652000.0,CFS
KOSPI,000660,SK하이닉스,반도체 제조업,"반도체,컴퓨터,통신기기 제조,도매",12월,2024Q3,2024,3,17573069000.0,7029958000.0,5753373000.0,2141426000.0,108367058000.0,37078030000.0,43065538000.0,23031263000.0,65301520000.0,57842344000.0,9135688000.0,7759262000.0,127109213.0,94721786.0,0.7452,5000.0,728002365.0,542507362.0,174600.0,3657652000.0,CFS
KOSPI,000660,SK하이닉스,반도체 제조업,"반도체,컴퓨터,통신기기 제조,도매",12월,2024Q4,2024,4,19767035000.0,8082796000.0,8006487000.0,2282857000.0,119855209000.0,42278887000.0,45939505000.0,24965444000.0,73915704000.0,65418061000.0,11205117000.0,11021122000.0,126599611.0,94417990.0,0.7458,5000.0,728002365.0,542944164.0,173900.0,3657652000.0,CFS
KOSPI,000660,SK하이닉스,반도체 제조업,"반도체,컴퓨터,통신기기 제조,도매",12월,2025Q1,2025,1,17639141000.0,7440504000.0,8108195000.0,2661487000.0,123985470000.0,41228190000.0,42546717000.0,24836401000.0,81438753000.0,72621873000.0,12558069000.0,9023671000.0,138830051.0,103539452.0,0.7458,5000.0,728002365.0,542944164.0,190700.0,3657652000.0,CFS
KOSPI,000660,SK하이닉스,반도체 제조업,"반도체,컴퓨터,통신기기 제조,도매",12월,2025Q2,2025,2,22231952000.0,9212851000.0,6996216000.0,2770473000.0,129087781000.0,45203170000.0,41945296000.0,25324404000.0,87142485000.0,79357906000.0,9075311000.0,9166170000.0,212576691.0,201607734.0,0.9484,5000.0,728002365.0,690437443.0,292000.0,3657652000.0,CFS
KOSPI,000660,SK하이닉스,반도체 제조업,"반도체,컴퓨터,통신기기 제조,도매",12월,2025Q3,2025,3,24448929000.0,11383390000.0,12597538000.0,2645710000.0,148435030000.0,57139556000.0,48428751000.0,29769431000.0,100006279000.0,91690724000.0,10814515000.0,14321549000.0,252980822.0,239927012.0,0.9484,5000.0,728002365.0,690437443.0,347500.0,3657652000.0,CFS
KOSPI,000660,SK하이닉스,반도체 제조업,"반도체,컴퓨터,통신기기 제조,도매",12월,2025Q4,2025,4,32826653000.0,19169574000.0,15245953000.0,3406801000.0,176107659000.0,69458073000.0,55440908000.0,37378999000.0,120666751000.0,106576548000.0,14923766000.0,20861736000.0,473929540.0,361703025.0,0.7632,5000.0,728002365.0,555611405.0,651000.0,3657652000.0,CFS
KOSPI,000660,SK하이닉스,반도체 제조업,"반도체,컴퓨터,통신기기 제조,도매",12월,2026Q1,2026,1,52576287000.0,37610283000.0,40345909000.0,4069131000.0,222828744000.0,106506116000.0,58448945000.0,40700530000.0,164379799000.0,148746385000.0,21166904000.0,26330119000.0,575150809.0,438955097.0,0.7632,5000.0,712702365.0,543934445.0,807000.0,3657652000.0,CFS
KOSPI,003160,디아이,"측정, 시험, 항해, 제어 및 기타 정밀기기 제조업; 광학기기 제외","반도체검사장비,전자부품,레저용품,석제품 제조,판매,오파,부동산임대업",12월,2020Q1,2020,1,18429397.0,-4849481.0,-2178305.0,8818512.0,231972259.0,112843887.0,94085058.0,64296771.0,137887201.0,73456112.0,35213659.0,-6823862.0,75592.0,42944.0,0.5681,500.0,31496785.0,17893324.0,2400.0,17248392.0,CFS
KOSPI,003160,디아이,"측정, 시험, 항해, 제어 및 기타 정밀기기 제조업; 광학기기 제외","반도체검사장비,전자부품,레저용품,석제품 제조,판매,오파,부동산임대업",12월,2020Q2,2020,2,25283217.0,5057251.0,6894024.0,2590379.0,196327641.0,78455379.0,87860542.0,56865766.0,108467100.0,64064246.0,19581233.0,1545836.0,126617.0,48304.0,0.3815,500.0,31496785.0,12016023.0,4020.0,17248392.0,OFS
KOSPI,003160,디아이,"측정, 시험, 항해, 제어 및 기타 정밀기기 제조업; 광학기기 제외","반도체검사장비,전자부품,레저용품,석제품 제조,판매,오파,부동산임대업",12월,2020Q3,2020,3,38436714.0,4039507.0,1792442.0,6421283.0,181462504.0,63411272.0,71284223.0,40710844.0,110178281.0,65854598.0,21629506.0,9451908.0,121420.0,46322.0,0.3815,500.0,31496785.0,12016023.0,3855.0,17248392.0,OFS
KOSPI,003160,디아이,"측정, 시험, 항해, 제어 및 기타 정밀기기 제조업; 광학기기 제외","반도체검사장비,전자부품,레저용품,석제품 제조,판매,오파,부동산임대업",12월,2020Q4,2020,4,80108209.0,1274622.0,-749894.0,20024799.0,228890878.0,103085859.0,92401937.0,54669247.0,136488940.0,79773864.0,35751581.0,6670702.0,150397.0,57376.0,0.3815,500.0,31496785.0,12016023.0,4775.0,17248392.0,CFS
KOSPI,003160,디아이,"측정, 시험, 항해, 제어 및 기타 정밀기기 제조업; 광학기기 제외","반도체검사장비,전자부품,레저용품,석제품 제조,판매,오파,부동산임대업",12월,2021Q1,2021,1,51846812.0,3955060.0,4520297.0,8648663.0,253959959.0,128576957.0,113391109.0,81800414.0,140568850.0,83604152.0,31659602.0,-7898442.0,219533.0,83752.0,0.3815,500.0,31496785.0,12016023.0,6970.0,17248392.0,CFS
KOSPI,003160,디아이,"측정, 시험, 항해, 제어 및 기타 정밀기기 제조업; 광학기기 제외","반도체검사장비,전자부품,레저용품,석제품 제조,판매,오파,부동산임대업",12월,2021Q2,2021,2,80476674.0,11268417.0,8939788.0,10346631.0,256806384.0,134248973.0,106868454.0,78793901.0,149937930.0,92631575.0,35430427.0,3336026.0,253549.0,96729.0,0.3815,500.0,31496785.0,12016023.0,8050.0,17248392.0,CFS
KOSPI,003160,디아이,"측정, 시험, 항해, 제어 및 기타 정밀기기 제조업; 광학기기 제외","반도체검사장비,전자부품,레저용품,석제품 제조,판매,오파,부동산임대업",12월,2021Q3,2021,3,47529377.0,3783026.0,2925763.0,9704059.0,253628475.0,136680393.0,100840165.0,72683971.0,152788310.0,95694761.0,35657243.0,1863335.0,245045.0,93485.0,0.3815,500.0,31496785.0,12016023.0,7780.0,17248392.0,CFS
KOSPI,003160,디아이,"측정, 시험, 항해, 제어 및 기타 정밀기기 제조업; 광학기기 제외","반도체검사장비,전자부품,레저용품,석제품 제조,판매,오파,부동산임대업",12월,2021Q4,2021,4,46714497.0,-2530363.0,-1246440.0,13657016.0,248156662.0,121089114.0,96098088.0,63178468.0,152058573.0,93209182.0,26169503.0,-5323706.0,294810.0,112470.0,0.3815,500.0,31496785.0,12016023.0,9360.0,17248392.0,CFS
KOSPI,003160,디아이,"측정, 시험, 항해, 제어 및 기타 정밀기기 제조업; 광학기기 제외","반도체검사장비,전자부품,레저용품,석제품 제조,판매,오파,부동산임대업",12월,2022Q1,2022,1,55247777.0,5057576.0,4981641.0,9462924.0,284792424.0,156229951.0,130264861.0,87934159.0,154527563.0,94347242.0,40841951.0,-1874376.0,254179.0,96969.0,0.3815,500.0,31496785.0,12016023.0,8070.0,17248392.0,CFS
KOSPI,003160,디아이,"측정, 시험, 항해, 제어 및 기타 정밀기기 제조업; 광학기기 제외","반도체검사장비,전자부품,레저용품,석제품 제조,판매,오파,부동산임대업",12월,2022Q2,2022,2,60315752.0,5490592.0,4536483.0,10477405.0,294032297.0,164318389.0,135084475.0,98845074.0,158947821.0,98343647.0,33844024.0,6776648.0,184886.0,70534.0,0.3815,500.0,31496785.0,12016023.0,5870.0,17248392.0,CFS
KOSPI,003160,디아이,"측정, 시험, 항해, 제어 및 기타 정밀기기 제조업; 광학기기 제외","반도체검사장비,전자부품,레저용품,석제품 제조,판매,오파,부동산임대업",12월,2022Q3,2022,3,66173021.0,5161296.0,4769050.0,11227847.0,281047832.0,151215499.0,117346632.0,80775214.0,163701200.0,102933926.0,52063584.0,16009642.0,134019.0,51128.0,0.3815,500.0,31496785.0,12016023.0,4255.0,17248392.0,CFS
KOSPI,003160,디아이,"측정, 시험, 항해, 제어 및 기타 정밀기기 제조업; 광학기기 제외","반도체검사장비,전자부품,레저용품,석제품 제조,판매,오파,부동산임대업",12월,2022Q4,2022,4,49267819.0,-4556020.0,878115.0,14681370.0,274585823.0,132045534.0,111206587.0,74184325.0,163379236.0,93946832.0,36156204.0,-4186116.0,134284.0,72178.0,0.5375,500.0,28300000.0,15211250.0,4745.0,17248392.0,CFS
KOSPI,003160,디아이,"측정, 시험, 항해, 제어 및 기타 정밀기기 제조업; 광학기기 제외","반도체검사장비,전자부품,레저용품,석제품 제조,판매,오파,부동산임대업",12월,2023Q1,2023,1,39216900.0,865832.0,539659.0,9624189.0,278656593.0,135601866.0,117295817.0,80792375.0,161360775.0,92153403.0,27246466.0,-4278379.0,170649.0,91724.0,0.5375,500.0,28300000.0,15211250.0,6030.0,17248392.0,CFS
KOSPI,003160,디아이,"측정, 시험, 항해, 제어 및 기타 정밀기기 제조업; 광학기기 제외","반도체검사장비,전자부품,레저용품,석제품 제조,판매,오파,부동산임대업",12월,2023Q2,2023,2,64507427.0,5564127.0,3860443.0,10868442.0,289250231.0,146294940.0,124162654.0,97301319.0,165087577.0,96056447.0,21814862.0,-19858899.0,214231.0,115149.0,0.5375,500.0,28300000.0,15211250.0,7570.0,17248392.0,CFS
KOSPI,003160,디아이,"측정, 시험, 항해, 제어 및 기타 정밀기기 제조업; 광학기기 제외","반도체검사장비,전자부품,레저용품,석제품 제조,판매,오파,부동산임대업",12월,2023Q3,2023,3,57680707.0,2636074.0,280211.0,11144725.0,290221314.0,148666870.0,124816899.0,94769514.0,165404415.0,96518107.0,27763853.0,12721701.0,205175.0,110282.0,0.5375,500.0,28300000.0,15211250.0,7250.0,17248392.0,CFS
KOSPI,003160,디아이,"측정, 시험, 항해, 제어 및 기타 정밀기기 제조업; 광학기기 제외","반도체검사장비,전자부품,레저용품,석제품 제조,판매,오파,부동산임대업",12월,2023Q4,2023,4,53136902.0,-2926403.0,-2719649.0,13095362.0,280589482.0,138996290.0,119340064.0,86898504.0,161249418.0,93642378.0,47312347.0,26299645.0,178290.0,95831.0,0.5375,500.0,28300000.0,15211250.0,6300.0,17248392.0,CFS
KOSPI,003160,디아이,"측정, 시험, 항해, 제어 및 기타 정밀기기 제조업; 광학기기 제외","반도체검사장비,전자부품,레저용품,석제품 제조,판매,오파,부동산임대업",12월,2024Q1,2024,1,34732576.0,-1836830.0,-1300514.0,9639700.0,287100466.0,141883980.0,129654165.0,107458203.0,157446301.0,89637533.0,42511328.0,-6336634.0,360825.0,193943.0,0.5375,500.0,28300000.0,15211250.0,12750.0,17248392.0,CFS
KOSPI,003160,디아이,"측정, 시험, 항해, 제어 및 기타 정밀기기 제조업; 광학기기 제외","반도체검사장비,전자부품,레저용품,석제품 제조,판매,오파,부동산임대업",12월,2024Q2,2024,2,46133634.0,943509.0,-911652.0,9356318.0,300390867.0,158113650.0,139523094.0,92570622.0,160867773.0,88590322.0,46345330.0,-6503519.0,752780.0,411018.0,0.546,500.0,28300000.0,15451800.0,26600.0,17248392.0,CFS
KOSPI,003160,디아이,"측정, 시험, 항해, 제어 및 기타 정밀기기 제조업; 광학기기 제외","반도체검사장비,전자부품,레저용품,석제품 제조,판매,오파,부동산임대업",12월,2024Q3,2024,3,54268043.0,-1758906.0,-2534103.0,12718751.0,298319323.0,155393471.0,137994866.0,96590450.0,160324457.0,85903940.0,35541289.0,-3013967.0,419406.0,228996.0,0.546,500.0,28300000.0,15451800.0,14820.0,17248392.0,CFS
KOSPI,003160,디아이,"측정, 시험, 항해, 제어 및 기타 정밀기기 제조업; 광학기기 제외","반도체검사장비,전자부품,레저용품,석제품 제조,판매,오파,부동산임대업",12월,2024Q4,2024,4,78823150.0,5733624.0,7517297.0,10005953.0,319610580.0,173173365.0,151870737.0,105622992.0,167739843.0,91977805.0,42986101.0,928016.0,409784.0,223742.0,0.546,500.0,28300000.0,15451800.0,14480.0,17248392.0,CFS
KOSPI,003160,디아이,"측정, 시험, 항해, 제어 및 기타 정밀기기 제조업; 광학기기 제외","반도체검사장비,전자부품,레저용품,석제품 제조,판매,오파,부동산임대업",12월,2025Q1,2025,1,110044899.0,9925192.0,7315443.0,9831539.0,355132953.0,211796299.0,182759122.0,138864249.0,172373831.0,94671155.0,41899068.0,2660597.0,360259.0,196701.0,0.546,500.0,28300000.0,15451800.0,12730.0,17248392.0,CFS
KOSPI,003160,디아이,"측정, 시험, 항해, 제어 및 기타 정밀기기 제조업; 광학기기 제외","반도체검사장비,전자부품,레저용품,석제품 제조,판매,오파,부동산임대업",12월,2025Q2,2025,2,119269899.0,12249705.0,8841828.0,11122787.0,382365617.0,210635250.0,201468791.0,158930382.0,180896826.0,100162660.0,56019062.0,19900689.0,439499.0,239966.0,0.546,500.0,28300000.0,15451800.0,15530.0,17248392.0,CFS
KOSPI,003160,디아이,"측정, 시험, 항해, 제어 및 기타 정밀기기 제조업; 광학기기 제외","반도체검사장비,전자부품,레저용품,석제품 제조,판매,오파,부동산임대업",12월,2025Q3,2025,3,109063766.0,10005316.0,7664889.0,9718356.0,382204259.0,208967897.0,193631388.0,145916482.0,188572871.0,105609969.0,71394467.0,14463846.0,444027.0,242439.0,0.546,500.0,28300000.0,15451800.0,15690.0,17248392.0,CFS
KOSPI,003160,디아이,"측정, 시험, 항해, 제어 및 기타 정밀기기 제조업; 광학기기 제외","반도체검사장비,전자부품,레저용품,석제품 제조,판매,오파,부동산임대업",12월,2025Q4,2025,4,93914997.0,4328085.0,-10304872.0,24754428.0,373777691.0,211816503.0,187880358.0,125869508.0,185897333.0,95435084.0,107118966.0,12008825.0,604205.0,329896.0,0.546,500.0,28300000.0,15451800.0,21350.0,17248392.0,CFS
KOSPI,003160,디아이,"측정, 시험, 항해, 제어 및 기타 정밀기기 제조업; 광학기기 제외","반도체검사장비,전자부품,레저용품,석제품 제조,판매,오파,부동산임대업",12월,2026Q1,2026,1,105701282.0,18872013.0,14964023.0,11867444.0,430360562.0,270334071.0,219583157.0,182094334.0,210777405.0,99936099.0,81913549.0,-405527.0,798060.0,435741.0,0.546,500.0,28300000.0,15451800.0,28200.0,17248392.0,CFS
KOSDAQ,005290,동진쎄미켐,기초 화학물질 제조업,"반도체,LCD용재료(감광제,봉지제),발포제",12월,2020Q1,2020,1,224585897.0,31420945.0,24696502.0,20254580.0,906984468.0,482802797.0,517511275.0,471126165.0,389473193.0,213588759.0,159290821.0,35075442.0,686383.0,420821.0,0.6131,500.0,51414494.0,31522226.0,13350.0,25707247.0,CFS
KOSDAQ,005290,동진쎄미켐,기초 화학물질 제조업,"반도체,LCD용재료(감광제,봉지제),발포제",12월,2020Q2,2020,2,223691614.0,29167478.0,28927402.0,24171666.0,952559586.0,520469638.0,537030780.0,479417558.0,415528806.0,242475479.0,192132668.0,14746762.0,1447318.0,877219.0,0.6061,500.0,51414494.0,31162325.0,28150.0,25707247.0,CFS
KOSDAQ,005290,동진쎄미켐,기초 화학물질 제조업,"반도체,LCD용재료(감광제,봉지제),발포제",12월,2020Q3,2020,3,244233121.0,34827931.0,24622783.0,25558146.0,945572540.0,513999065.0,504660285.0,413304467.0,440912255.0,267099044.0,178205789.0,32051010.0,1524440.0,923963.0,0.6061,500.0,51414494.0,31162325.0,29650.0,25707247.0,CFS
KOSDAQ,005290,동진쎄미켐,기초 화학물질 제조업,"반도체,LCD용재료(감광제,봉지제),발포제",12월,2020Q4,2020,4,245290168.0,30841304.0,7011217.0,22888886.0,960791826.0,527429646.0,522783552.0,398740980.0,438008275.0,272429223.0,201286540.0,48367996.0,1876629.0,1137425.0,0.6061,500.0,51414494.0,31162325.0,36500.0,25707247.0,CFS
KOSDAQ,005290,동진쎄미켐,기초 화학물질 제조업,"반도체,LCD용재료(감광제,봉지제),발포제",12월,2021Q1,2021,1,251647748.0,28604021.0,24380251.0,24210615.0,1027691291.0,588599912.0,557656166.0,445547019.0,470035125.0,291708176.0,218278745.0,9172959.0,1676113.0,1015892.0,0.6061,500.0,51414494.0,31162325.0,32600.0,25707247.0,CFS
KOSDAQ,005290,동진쎄미켐,기초 화학물질 제조업,"반도체,LCD용재료(감광제,봉지제),발포제",12월,2021Q2,2021,2,274663980.0,28392513.0,19102100.0,24950321.0,1044572549.0,592315077.0,552589183.0,425792177.0,491983366.0,310826092.0,218565150.0,28331274.0,1473025.0,894126.0,0.607,500.0,51414494.0,31208598.0,28650.0,25707247.0,CFS
KOSDAQ,005290,동진쎄미켐,기초 화학물질 제조업,"반도체,LCD용재료(감광제,봉지제),발포제",12월,2021Q3,2021,3,298605231.0,34787442.0,30853841.0,28731613.0,1129634332.0,639984682.0,597503752.0,449421877.0,532130580.0,341837370.0,240392193.0,27871616.0,1616986.0,981511.0,0.607,500.0,51414494.0,31208598.0,31450.0,25707247.0,CFS
KOSDAQ,005290,동진쎄미켐,기초 화학물질 제조업,"반도체,LCD용재료(감광제,봉지제),발포제",12월,2021Q4,2021,4,336367118.0,40030957.0,28543034.0,30462713.0,1186189144.0,690201851.0,625155644.0,458726305.0,561033500.0,367863610.0,231211990.0,10722905.0,2622139.0,1609469.0,0.6138,500.0,51414494.0,31558216.0,51000.0,25707247.0,CFS
KOSDAQ,005290,동진쎄미켐,기초 화학물질 제조업,"반도체,LCD용재료(감광제,봉지제),발포제",12월,2022Q1,2022,1,348094364.0,47131722.0,37859724.0,25459831.0,1280749841.0,776424392.0,683013073.0,483840683.0,597736767.0,400156347.0,266383721.0,12289246.0,2020590.0,1240238.0,0.6138,500.0,51414494.0,31558216.0,39300.0,25707247.0,CFS
KOSDAQ,005290,동진쎄미켐,기초 화학물질 제조업,"반도체,LCD용재료(감광제,봉지제),발포제",12월,2022Q2,2022,2,358724700.0,48656793.0,37894854.0,32088741.0,1350922790.0,827478468.0,709339125.0,525235744.0,641583665.0,439482509.0,288135409.0,39640029.0,1650405.0,1013019.0,0.6138,500.0,51414494.0,31558216.0,32100.0,25707247.0,CFS
KOSDAQ,005290,동진쎄미켐,기초 화학물질 제조업,"반도체,LCD용재료(감광제,봉지제),발포제",12월,2022Q3,2022,3,377088379.0,62393336.0,53703007.0,30965250.0,1420256989.0,872893944.0,709126774.0,539771755.0,711130216.0,494427583.0,293366786.0,77327430.0,1362484.0,836293.0,0.6138,500.0,51414494.0,31558216.0,26500.0,25707247.0,CFS
KOSDAQ,005290,동진쎄미켐,기초 화학물질 제조업,"반도체,LCD용재료(감광제,봉지제),발포제",12월,2022Q4,2022,4,373307364.0,58126852.0,26737731.0,31966807.0,1374303530.0,826408328.0,673516166.0,531371592.0,700787364.0,521015824.0,280458845.0,60799537.0,1539864.0,945169.0,0.6138,500.0,51414494.0,31558216.0,29950.0,25707247.0,CFS
KOSDAQ,005290,동진쎄미켐,기초 화학물질 제조업,"반도체,LCD용재료(감광제,봉지제),발포제",12월,2023Q1,2023,1,345034995.0,51223273.0,41337638.0,28939910.0,1439801945.0,831540658.0,691768758.0,520548703.0,748033187.0,556489205.0,255658050.0,35626527.0,1696678.0,1041421.0,0.6138,500.0,51414494.0,31558216.0,33000.0,25707247.0,CFS
KOSDAQ,005290,동진쎄미켐,기초 화학물질 제조업,"반도체,LCD용재료(감광제,봉지제),발포제",12월,2023Q2,2023,2,331316793.0,45564772.0,25602778.0,32183914.0,1524472906.0,857595723.0,759334681.0,513357982.0,765138226.0,583859693.0,264838921.0,21232312.0,2164550.0,1328601.0,0.6138,500.0,51414494.0,31558216.0,42100.0,25707247.0,CFS
KOSDAQ,005290,동진쎄미켐,기초 화학물질 제조업,"반도체,LCD용재료(감광제,봉지제),발포제",12월,2023Q3,2023,3,311050115.0,42821115.0,32414675.0,30749721.0,1582237642.0,844917706.0,777420039.0,524459990.0,804817603.0,616620714.0,289120413.0,8760882.0,1727527.0,1060356.0,0.6138,500.0,51414494.0,31558216.0,33600.0,25707247.0,CFS
KOSDAQ,005290,동진쎄미켐,기초 화학물질 제조업,"반도체,LCD용재료(감광제,봉지제),발포제",12월,2023Q4,2023,4,322522535.0,36565155.0,24179269.0,32044276.0,1606588027.0,818373234.0,771106380.0,496221734.0,835481647.0,628992461.0,272560514.0,49065883.0,1989741.0,1221303.0,0.6138,500.0,51414494.0,31558216.0,38700.0,25707247.0,CFS
KOSDAQ,005290,동진쎄미켐,기초 화학물질 제조업,"반도체,LCD용재료(감광제,봉지제),발포제",12월,2024Q1,2024,1,332994454.0,47059844.0,36568994.0,34961858.0,1705452885.0,855436261.0,826184234.0,545178734.0,879268651.0,661584321.0,232365768.0,50911072.0,2480749.0,1522684.0,0.6138,500.0,51414494.0,31558216.0,48250.0,25707247.0,CFS
KOSDAQ,005290,동진쎄미켐,기초 화학물질 제조업,"반도체,LCD용재료(감광제,봉지제),발포제",12월,2024Q2,2024,2,355414493.0,49971733.0,43150828.0,36197099.0,1815622727.0,909948211.0,881868651.0,611899131.0,933754076.0,705405400.0,308358009.0,68170716.0,2059150.0,1263906.0,0.6138,500.0,51414494.0,31558216.0,40050.0,25707247.0,CFS
KOSDAQ,005290,동진쎄미켐,기초 화학물질 제조업,"반도체,LCD용재료(감광제,봉지제),발포제",12월,2024Q3,2024,3,359409001.0,61867999.0,33294727.0,35410441.0,1792187049.0,880378662.0,836991415.0,611004397.0,955195634.0,739610939.0,256964565.0,58695764.0,1491020.0,915188.0,0.6138,500.0,51414494.0,31558216.0,29000.0,25707247.0,CFS
KOSDAQ,005290,동진쎄미켐,기초 화학물질 제조업,"반도체,LCD용재료(감광제,봉지제),발포제",12월,2024Q4,2024,4,360326228.0,49326153.0,30470011.0,-311580.0,2016989003.0,1082970679.0,996558403.0,722768727.0,1020430601.0,775554117.0,417387384.0,49084371.0,1074563.0,659567.0,0.6138,500.0,51414494.0,31558216.0,20900.0,25707247.0,CFS
KOSDAQ,005290,동진쎄미켐,기초 화학물질 제조업,"반도체,LCD용재료(감광제,봉지제),발포제",12월,2025Q1,2025,1,368107778.0,58460606.0,36113431.0,29117874.0,2010099754.0,1067355378.0,966269143.0,704215153.0,1043830611.0,802763417.0,415143505.0,54866453.0,1498733.0,919922.0,0.6138,500.0,51414494.0,31558216.0,29150.0,25707247.0,CFS
KOSDAQ,005290,동진쎄미켐,기초 화학물질 제조업,"반도체,LCD용재료(감광제,봉지제),발포제",12월,2025Q2,2025,2,376841103.0,53838022.0,5480635.0,28670976.0,1885556564.0,970252439.0,863334142.0,647902451.0,1022222422.0,809634035.0,374002034.0,55624636.0,1681254.0,1031954.0,0.6138,500.0,51414494.0,31558216.0,32700.0,25707247.0,CFS
KOSDAQ,005290,동진쎄미켐,기초 화학물질 제조업,"반도체,LCD용재료(감광제,봉지제),발포제",12월,2025Q3,2025,3,139968853.0,18535781.0,23178568.0,8918582.0,1926762980.0,1050318992.0,865498489.0,540237008.0,1061264491.0,833241131.0,326136593.0,36428008.0,2115706.0,1298620.0,0.6138,500.0,51414494.0,31558216.0,41150.0,25707247.0,CFS
KOSDAQ,005290,동진쎄미켐,기초 화학물질 제조업,"반도체,LCD용재료(감광제,봉지제),발포제",12월,2025Q4,2025,4,309226800.0,41614481.0,29319592.0,29644937.0,2006130721.0,1130911258.0,904550189.0,579367200.0,1101580532.0,861609223.0,371911660.0,44338235.0,1884341.0,1155666.0,0.6133,500.0,51414494.0,31532509.0,36650.0,25707247.0,CFS
KOSDAQ,005290,동진쎄미켐,기초 화학물질 제조업,"반도체,LCD용재료(감광제,봉지제),발포제",12월,2026Q1,2026,1,328086476.0,66593162.0,66898997.0,26300357.0,2150894499.0,1231441793.0,1005143524.0,651353783.0,1145750975.0,896468018.0,408712423.0,69031070.0,2275091.0,1395313.0,0.6133,500.0,51414494.0,31532509.0,44250.0,25707247.0,CFS
KOSPI,007660,이수페타시스,전자부품 제조업,"P.C.B(인쇄회로기판),M.L.B 제조",12월,2020Q1,2020,1,122165800.0,-2951694.0,-6532271.0,11388472.0,443473805.0,253969933.0,374326472.0,332274063.0,69147333.0,10290846.0,39942470.0,-27005729.0,114726.0,74893.0,0.6528,1000.0,41268398.0,26940010.0,2780.0,41268398.0,CFS
KOSPI,007660,이수페타시스,전자부품 제조업,"P.C.B(인쇄회로기판),M.L.B 제조",12월,2020Q2,2020,2,124852160.0,3351360.0,2977804.0,12689090.0,449161517.0,268281611.0,377986908.0,330528955.0,71174610.0,11751349.0,42500787.0,-7074808.0,144027.0,94050.0,0.653,1000.0,41268398.0,26948264.0,3490.0,41268398.0,CFS
KOSPI,007660,이수페타시스,전자부품 제조업,"P.C.B(인쇄회로기판),M.L.B 제조",12월,2020Q3,2020,3,149538693.0,4356597.0,-59747.0,10662677.0,440459149.0,265492094.0,363140319.0,316370766.0,77318830.0,11704950.0,37973455.0,11318776.0,185914.0,121402.0,0.653,1000.0,41268398.0,26948264.0,4505.0,41268398.0,CFS
KOSPI,007660,이수페타시스,전자부품 제조업,"P.C.B(인쇄회로기판),M.L.B 제조",12월,2020Q4,2020,4,117631763.0,-2792715.0,-9890409.0,10222405.0,389384713.0,224299899.0,324275898.0,295044097.0,65108814.0,747750.0,23159628.0,566539.0,164867.0,113659.0,0.6894,1000.0,41268398.0,28450434.0,3995.0,41268398.0,CFS
KOSPI,007660,이수페타시스,전자부품 제조업,"P.C.B(인쇄회로기판),M.L.B 제조",12월,2021Q1,2021,1,122330821.0,-2768243.0,-2313454.0,10453057.0,420302781.0,254491292.0,359802970.0,329176498.0,60499811.0,-1565703.0,31687587.0,6975211.0,140725.0,97016.0,0.6894,1000.0,41268398.0,28450434.0,3410.0,41268398.0,CFS
KOSPI,007660,이수페타시스,전자부품 제조업,"P.C.B(인쇄회로기판),M.L.B 제조",12월,2021Q2,2021,2,94379198.0,16117833.0,2170255.0,7868056.0,431792048.0,267339028.0,367404540.0,325418543.0,64387508.0,92615.0,21006431.0,-14589069.0,171264.0,118480.0,0.6918,1000.0,41268398.0,28549478.0,4150.0,41268398.0,CFS
KOSPI,007660,이수페타시스,전자부품 제조업,"P.C.B(인쇄회로기판),M.L.B 제조",12월,2021Q3,2021,3,128972834.0,17030781.0,-3885679.0,9767129.0,423023646.0,277824815.0,363861057.0,323476699.0,59162588.0,-3793064.0,27956409.0,14198702.0,150836.0,104348.0,0.6918,1000.0,41268398.0,28549478.0,3655.0,41268398.0,CFS
KOSPI,007660,이수페타시스,전자부품 제조업,"P.C.B(인쇄회로기판),M.L.B 제조",12월,2021Q4,2021,4,123938240.0,16495209.0,425159.0,10535976.0,449678765.0,310268447.0,324186856.0,298215821.0,125491910.0,-5426965.0,44364623.0,-2612653.0,462331.0,340044.0,0.7355,1000.0,63246419.0,46517741.0,7310.0,63246419.0,CFS
KOSPI,007660,이수페타시스,전자부품 제조업,"P.C.B(인쇄회로기판),M.L.B 제조",12월,2022Q1,2022,1,140471681.0,18866105.0,14152224.0,10369342.0,461810769.0,323164421.0,322600236.0,295144250.0,139210534.0,11856106.0,44595743.0,8796333.0,464861.0,341905.0,0.7355,1000.0,63246419.0,46517741.0,7350.0,63246419.0,CFS
KOSPI,007660,이수페타시스,전자부품 제조업,"P.C.B(인쇄회로기판),M.L.B 제조",12월,2022Q2,2022,2,166089720.0,33146226.0,34103708.0,11935026.0,517348805.0,372546986.0,344350950.0,320165123.0,172997855.0,44501543.0,57527793.0,-4928770.0,426913.0,313311.0,0.7339,1000.0,63246419.0,46416547.0,6750.0,63246419.0,CFS
KOSPI,007660,이수페타시스,전자부품 제조업,"P.C.B(인쇄회로기판),M.L.B 제조",12월,2022Q3,2022,3,170719686.0,34325075.0,32185546.0,11034825.0,579943363.0,410731646.0,369718517.0,333707253.0,210224846.0,60338218.0,62911153.0,12201215.0,301053.0,220943.0,0.7339,1000.0,63246419.0,46416547.0,4760.0,63246419.0,CFS
KOSPI,007660,이수페타시스,전자부품 제조업,"P.C.B(인쇄회로기판),M.L.B 제조",12월,2022Q4,2022,4,165639447.0,30280739.0,22031560.0,13945251.0,546014161.0,373857466.0,323686082.0,286000684.0,222328078.0,76504547.0,45645080.0,13691477.0,356077.0,261325.0,0.7339,1000.0,63246419.0,46416547.0,5630.0,63246419.0,CFS
KOSPI,007660,이수페타시스,전자부품 제조업,"P.C.B(인쇄회로기판),M.L.B 제조",12월,2023Q1,2023,1,171976761.0,20167255.0,15727955.0,12715699.0,565401869.0,380494517.0,333442632.0,295060088.0,231959237.0,85907860.0,48586960.0,18482848.0,626140.0,459524.0,0.7339,1000.0,63246419.0,46416547.0,9900.0,63246419.0,CFS
KOSPI,007660,이수페타시스,전자부품 제조업,"P.C.B(인쇄회로기판),M.L.B 제조",12월,2023Q2,2023,2,163829862.0,18269182.0,15567734.0,10662918.0,572015508.0,368308037.0,326252736.0,295616657.0,245762772.0,101484855.0,39939731.0,29948844.0,1783549.0,1309303.0,0.7341,1000.0,63246419.0,46429196.0,28200.0,63246419.0,CFS
KOSPI,007660,이수페타시스,전자부품 제조업,"P.C.B(인쇄회로기판),M.L.B 제조",12월,2023Q3,2023,3,166214488.0,13164954.0,8216036.0,13655135.0,596756307.0,377857582.0,337305607.0,278739438.0,259450700.0,109700892.0,42211982.0,-817846.0,1764575.0,1295375.0,0.7341,1000.0,63246419.0,46429196.0,27900.0,63246419.0,CFS
KOSPI,007660,이수페타시스,전자부품 제조업,"P.C.B(인쇄회로기판),M.L.B 제조",12월,2023Q4,2023,4,173311645.0,10567667.0,8211326.0,17244889.0,626436319.0,383628200.0,359658155.0,290513986.0,266778163.0,114366332.0,47962801.0,4859343.0,1862607.0,1367340.0,0.7341,1000.0,63246419.0,46429196.0,29450.0,63246419.0,CFS
KOSPI,007660,이수페타시스,전자부품 제조업,"P.C.B(인쇄회로기판),M.L.B 제조",12월,2024Q1,2024,1,199610497.0,22988539.0,17542720.0,15005074.0,649996239.0,402705777.0,373164116.0,306531017.0,276832123.0,125584410.0,41780559.0,588905.0,2675324.0,1963955.0,0.7341,1000.0,63246419.0,46429196.0,42300.0,63246419.0,CFS
KOSPI,007660,이수페타시스,전자부품 제조업,"P.C.B(인쇄회로기판),M.L.B 제조",12월,2024Q2,2024,2,204739981.0,27501553.0,22044068.0,14842890.0,658812842.0,405099675.0,359322206.0,296543838.0,299490636.0,147628478.0,47840798.0,36915165.0,3712565.0,2725394.0,0.7341,1000.0,63246419.0,46429196.0,58700.0,63246419.0,CFS
KOSPI,007660,이수페타시스,전자부품 제조업,"P.C.B(인쇄회로기판),M.L.B 제조",12월,2024Q3,2024,3,206412070.0,25914194.0,14548114.0,10661324.0,663739857.0,411616541.0,353129658.0,289789962.0,310610199.0,161402195.0,68330281.0,55704802.0,2311657.0,1696987.0,0.7341,1000.0,63246419.0,46429196.0,36550.0,63246419.0,CFS
KOSPI,007660,이수페타시스,전자부품 제조업,"P.C.B(인쇄회로기판),M.L.B 제조",12월,2024Q4,2024,4,226104413.0,25474549.0,19899210.0,14212218.0,790136366.0,522697354.0,462609658.0,377363097.0,327526708.0,172267493.0,80356130.0,-8307962.0,1729790.0,1269839.0,0.7341,1000.0,63246419.0,46429196.0,27350.0,63246419.0,CFS
KOSPI,007660,이수페타시스,전자부품 제조업,"P.C.B(인쇄회로기판),M.L.B 제조",12월,2025Q1,2025,1,252489863.0,47684121.0,38303676.0,18691643.0,807120068.0,503329957.0,450026725.0,364761243.0,357093343.0,201084369.0,73770156.0,47034097.0,2251573.0,1652880.0,0.7341,1000.0,63246419.0,46429196.0,35600.0,63246419.0,CFS
KOSPI,007660,이수페타시스,전자부품 제조업,"P.C.B(인쇄회로기판),M.L.B 제조",12월,2025Q2,2025,2,241419470.0,42070314.0,31366224.0,13864009.0,1076450356.0,731068432.0,410631044.0,327941260.0,665819313.0,233541536.0,59825256.0,2461355.0,3839302.0,2831869.0,0.7376,1000.0,73409219.0,54146640.0,52300.0,73409219.0,CFS
KOSPI,007660,이수페타시스,전자부품 제조업,"P.C.B(인쇄회로기판),M.L.B 제조",12월,2025Q3,2025,3,296132768.0,58429668.0,47215131.0,18315293.0,1166674737.0,769314649.0,451199198.0,361746400.0,715475539.0,280756696.0,138054112.0,69238405.0,5234077.0,3860655.0,0.7376,1000.0,73409219.0,54146640.0,71300.0,73409219.0,CFS
KOSPI,007660,이수페타시스,전자부품 제조업,"P.C.B(인쇄회로기판),M.L.B 제조",12월,2025Q4,2025,4,297983018.0,56540428.0,43597530.0,26708926.0,1289510031.0,862769924.0,533312849.0,416473904.0,756197181.0,325777749.0,162780032.0,50018667.0,8750379.0,6463905.0,0.7387,1000.0,73409219.0,54227390.0,119200.0,73409219.0,CFS
KOSPI,007660,이수페타시스,전자부품 제조업,"P.C.B(인쇄회로기판),M.L.B 제조",12월,2026Q1,2026,1,340281879.0,67221357.0,50443436.0,17215197.0,1351670646.0,897374716.0,554587225.0,437091816.0,797083420.0,359336891.0,105209286.0,-76462058.0,7194103.0,5314284.0,0.7387,1000.0,73409219.0,54227390.0,98000.0,73409219.0,CFS
KOSPI,014680,한솔케미칼,기초 화학물질 제조업,"과산화수소,라텍스,요소수지,수소액화탄산,차아황산소다 제조,판매,디지털카메라용 인화필름 제조,수출",12월,2020Q1,2020,1,146616873.0,35178364.0,35247237.0,13254542.0,912841199.0,273359938.0,384837721.0,156392787.0,528003479.0,389740520.0,73675899.0,31526452.0,891191.0,740936.0,0.8314,5000.0,11295195.0,9390825.0,78900.0,56475975.0,CFS
KOSPI,014680,한솔케미칼,기초 화학물질 제조업,"과산화수소,라텍스,요소수지,수소액화탄산,차아황산소다 제조,판매,디지털카메라용 인화필름 제조,수출",12월,2020Q2,2020,2,148741282.0,38668045.0,32333023.0,13430608.0,905580967.0,250886000.0,342847245.0,151773635.0,562733723.0,419313066.0,82981076.0,49543896.0,1434490.0,1192635.0,0.8314,5000.0,11295195.0,9390825.0,127000.0,56475975.0,CFS
KOSPI,014680,한솔케미칼,기초 화학물질 제조업,"과산화수소,라텍스,요소수지,수소액화탄산,차아황산소다 제조,판매,디지털카메라용 인화필름 제조,수출",12월,2020Q3,2020,3,164688108.0,51288628.0,42158680.0,13945806.0,956056403.0,279054746.0,347329316.0,168830468.0,608727087.0,459232564.0,83274364.0,49031728.0,1688632.0,1403929.0,0.8314,5000.0,11295195.0,9390825.0,149500.0,56475975.0,CFS
KOSPI,014680,한솔케미칼,기초 화학물질 제조업,"과산화수소,라텍스,요소수지,수소액화탄산,차아황산소다 제조,판매,디지털카메라용 인화필름 제조,수출",12월,2020Q4,2020,4,159231416.0,26798793.0,20341777.0,21311241.0,999200502.0,307726381.0,376929964.0,171630786.0,622270538.0,470804268.0,98150172.0,34940067.0,2219506.0,1846185.0,0.8318,5000.0,11295195.0,9395343.0,196500.0,56475975.0,CFS
KOSPI,014680,한솔케미칼,기초 화학물질 제조업,"과산화수소,라텍스,요소수지,수소액화탄산,차아황산소다 제조,판매,디지털카메라용 인화필름 제조,수출",12월,2021Q1,2021,1,177038868.0,52240980.0,43613509.0,14717384.0,1126168579.0,414437332.0,476960020.0,247098861.0,649208559.0,492072369.0,126594837.0,30727678.0,2731782.0,2272296.0,0.8318,5000.0,11335195.0,9428615.0,241000.0,56675975.0,CFS
KOSPI,014680,한솔케미칼,기초 화학물질 제조업,"과산화수소,라텍스,요소수지,수소액화탄산,차아황산소다 제조,판매,디지털카메라용 인화필름 제조,수출",12월,2021Q2,2021,2,187339162.0,53919515.0,44975785.0,14733330.0,1118586232.0,363605384.0,421987659.0,206307501.0,696598573.0,534366671.0,89032637.0,53449404.0,2782790.0,2310272.0,0.8302,5000.0,11335195.0,9410479.0,245500.0,56675975.0,CFS
KOSPI,014680,한솔케미칼,기초 화학물질 제조업,"과산화수소,라텍스,요소수지,수소액화탄산,차아황산소다 제조,판매,디지털카메라용 인화필름 제조,수출",12월,2021Q3,2021,3,196510808.0,56015697.0,45703359.0,15962881.0,1160052984.0,383611814.0,413027629.0,174920704.0,747025356.0,577006535.0,64791616.0,41757382.0,3927645.0,3260731.0,0.8302,5000.0,11335195.0,9410479.0,346500.0,56675975.0,CFS
KOSPI,014680,한솔케미칼,기초 화학물질 제조업,"과산화수소,라텍스,요소수지,수소액화탄산,차아황산소다 제조,판매,디지털카메라용 인화필름 제조,수출",12월,2021Q4,2021,4,207799342.0,35508391.0,24378229.0,24873545.0,1197174769.0,411301737.0,429305068.0,199711858.0,767869701.0,595857948.0,66050681.0,17281823.0,3462902.0,2879749.0,0.8316,5000.0,11335195.0,9426348.0,305500.0,56675975.0,CFS
KOSPI,014680,한솔케미칼,기초 화학물질 제조업,"과산화수소,라텍스,요소수지,수소액화탄산,차아황산소다 제조,판매,디지털카메라용 인화필름 제조,수출",12월,2022Q1,2022,1,222228145.0,54120176.0,44185482.0,17083175.0,1186815246.0,388636157.0,399608942.0,166745326.0,787206304.0,613398769.0,72482863.0,31685482.0,2782790.0,2314168.0,0.8316,5000.0,11335195.0,9426348.0,245500.0,56675975.0,CFS
KOSPI,014680,한솔케미칼,기초 화학물질 제조업,"과산화수소,라텍스,요소수지,수소액화탄산,차아황산소다 제조,판매,디지털카메라용 인화필름 제조,수출",12월,2022Q2,2022,2,230685166.0,60436474.0,50070199.0,18664466.0,1231236586.0,392897141.0,424532522.0,140242861.0,806704064.0,659179720.0,66108049.0,64956667.0,2312380.0,1898695.0,0.8211,5000.0,11335195.0,9307329.0,204000.0,56675975.0,CFS
KOSPI,014680,한솔케미칼,기초 화학물질 제조업,"과산화수소,라텍스,요소수지,수소액화탄산,차아황산소다 제조,판매,디지털카메라용 인화필름 제조,수출",12월,2022Q3,2022,3,216016146.0,45728873.0,37662618.0,18859455.0,1235533074.0,387173777.0,417939447.0,129059422.0,817593628.0,693035980.0,66288926.0,35421713.0,1926983.0,1582246.0,0.8211,5000.0,11335195.0,9307329.0,170000.0,56675975.0,CFS
KOSPI,014680,한솔케미칼,기초 화학물질 제조업,"과산화수소,라텍스,요소수지,수소액화탄산,차아황산소다 제조,판매,디지털카메라용 인화필름 제조,수출",12월,2022Q4,2022,4,216541335.0,25704585.0,35059456.0,25084894.0,1253310603.0,386120253.0,400814014.0,153669790.0,852496588.0,733897019.0,99069598.0,41555901.0,2102679.0,1702119.0,0.8095,5000.0,11335195.0,9175840.0,185500.0,56675975.0,CFS
KOSPI,014680,한솔케미칼,기초 화학물질 제조업,"과산화수소,라텍스,요소수지,수소액화탄산,차아황산소다 제조,판매,디지털카메라용 인화필름 제조,수출",12월,2023Q1,2023,1,197252841.0,34896138.0,29122275.0,17778400.0,1279734317.0,365029982.0,414309027.0,165044916.0,865425290.0,739182610.0,83301051.0,24335010.0,2714779.0,2197614.0,0.8095,5000.0,11335195.0,9175840.0,239500.0,56675975.0,CFS
KOSPI,014680,한솔케미칼,기초 화학물질 제조업,"과산화수소,라텍스,요소수지,수소액화탄산,차아황산소다 제조,판매,디지털카메라용 인화필름 제조,수출",12월,2023Q2,2023,2,194652257.0,32642893.0,30646920.0,18690551.0,1293933275.0,352977190.0,398374570.0,244526907.0,895558704.0,768206866.0,64092336.0,52946707.0,2720447.0,2201658.0,0.8093,5000.0,11335195.0,9173573.0,240000.0,56675975.0,CFS
KOSPI,014680,한솔케미칼,기초 화학물질 제조업,"과산화수소,라텍스,요소수지,수소액화탄산,차아황산소다 제조,판매,디지털카메라용 인화필름 제조,수출",12월,2023Q3,2023,3,188272850.0,35583687.0,30290994.0,19654749.0,1354235069.0,391416925.0,428451852.0,266477547.0,925783218.0,797879095.0,89473389.0,35196733.0,1902046.0,1539326.0,0.8093,5000.0,11335195.0,9173573.0,167800.0,56675975.0,CFS
KOSPI,014680,한솔케미칼,기초 화학물질 제조업,"과산화수소,라텍스,요소수지,수소액화탄산,차아황산소다 제조,판매,디지털카메라용 인화필름 제조,수출",12월,2023Q4,2023,4,191476694.0,21021634.0,18629934.0,24692056.0,1350979663.0,367414634.0,409492210.0,247816973.0,941487453.0,811266524.0,67090723.0,31634113.0,2573089.0,2081372.0,0.8089,5000.0,11335195.0,9169039.0,227000.0,56675975.0,CFS
KOSPI,014680,한솔케미칼,기초 화학물질 제조업,"과산화수소,라텍스,요소수지,수소액화탄산,차아황산소다 제조,판매,디지털카메라용 인화필름 제조,수출",12월,2024Q1,2024,1,197873323.0,34187406.0,31747904.0,18960945.0,1423502763.0,414282273.0,474056431.0,285620943.0,949446332.0,820184358.0,150778394.0,33165297.0,2318047.0,1875068.0,0.8089,5000.0,11335195.0,9169039.0,204500.0,56675975.0,CFS
KOSPI,014680,한솔케미칼,기초 화학물질 제조업,"과산화수소,라텍스,요소수지,수소액화탄산,차아황산소다 제조,판매,디지털카메라용 인화필름 제조,수출",12월,2024Q2,2024,2,199075563.0,35120558.0,36522457.0,18466550.0,1446034922.0,342625162.0,394825049.0,283950187.0,1051209873.0,856616105.0,72041599.0,44868094.0,2070940.0,1759056.0,0.8494,5000.0,11335195.0,9628115.0,182700.0,56675975.0,CFS
KOSPI,014680,한솔케미칼,기초 화학물질 제조업,"과산화수소,라텍스,요소수지,수소액화탄산,차아황산소다 제조,판매,디지털카메라용 인화필름 제조,수출",12월,2024Q3,2024,3,190606175.0,37005572.0,32232899.0,14287459.0,1453141696.0,342365178.0,375834553.0,258309211.0,1077307143.0,887873692.0,95001475.0,57763940.0,1523450.0,1294018.0,0.8494,5000.0,11335195.0,9628115.0,134400.0,56675975.0,CFS
KOSPI,014680,한솔케미칼,기초 화학물질 제조업,"과산화수소,라텍스,요소수지,수소액화탄산,차아황산소다 제조,판매,디지털카메라용 인화필름 제조,수출",12월,2024Q4,2024,4,188801916.0,22511841.0,24390631.0,24223471.0,1464678817.0,348048080.0,393235114.0,272370414.0,1071443703.0,908748839.0,83682420.0,26559959.0,1099514.0,907649.0,0.8255,5000.0,11335195.0,9357203.0,97000.0,56675975.0,CFS
KOSPI,014680,한솔케미칼,기초 화학물질 제조업,"과산화수소,라텍스,요소수지,수소액화탄산,차아황산소다 제조,판매,디지털카메라용 인화필름 제조,수출",12월,2025Q1,2025,1,209572552.0,41696011.0,35543082.0,21144591.0,1602267472.0,488231684.0,516245709.0,363362984.0,1086021764.0,921918865.0,126107566.0,45801187.0,1340954.0,1106958.0,0.8255,5000.0,11335195.0,9357203.0,118300.0,56675975.0,CFS
KOSPI,014680,한솔케미칼,기초 화학물질 제조업,"과산화수소,라텍스,요소수지,수소액화탄산,차아황산소다 제조,판매,디지털카메라용 인화필름 제조,수출",12월,2025Q2,2025,2,221915819.0,48854536.0,48626211.0,19609398.0,1530567156.0,400252978.0,402149095.0,236098970.0,1128418061.0,970984748.0,51132054.0,49002823.0,1946253.0,1594370.0,0.8192,5000.0,11335195.0,9285792.0,171700.0,56675975.0,CFS
KOSPI,014680,한솔케미칼,기초 화학물질 제조업,"과산화수소,라텍스,요소수지,수소액화탄산,차아황산소다 제조,판매,디지털카메라용 인화필름 제조,수출",12월,2025Q3,2025,3,230042815.0,48806980.0,46471320.0,21480637.0,1566081794.0,424623568.0,405532191.0,253207964.0,1160549603.0,1016280989.0,73595961.0,70874872.0,2369056.0,1940731.0,0.8192,5000.0,11335195.0,9285792.0,209000.0,56675975.0,CFS
KOSPI,014680,한솔케미칼,기초 화학물질 제조업,"과산화수소,라텍스,요소수지,수소액화탄산,차아황산소다 제조,판매,디지털카메라용 인화필름 제조,수출",12월,2025Q4,2025,4,222437528.0,16875619.0,17494210.0,31901764.0,1600348080.0,447927419.0,423081692.0,274800694.0,1177266388.0,1030138295.0,112551480.0,34718863.0,2578757.0,2134695.0,0.8278,5000.0,11335195.0,9383274.0,227500.0,56675975.0,CFS
KOSPI,014680,한솔케미칼,기초 화학물질 제조업,"과산화수소,라텍스,요소수지,수소액화탄산,차아황산소다 제조,판매,디지털카메라용 인화필름 제조,수출",12월,2026Q1,2026,1,231868922.0,44412388.0,42534736.0,22144242.0,1695448187.0,525632321.0,494986274.0,266732771.0,1200461913.0,1043059316.0,113242429.0,38926419.0,2870974.0,2376592.0,0.8278,5000.0,11370195.0,9412247.0,252500.0,56850975.0,CFS
KOSDAQ,033160,엠케이전자,전자부품 제조업,반도체용세금선,12월,2020Q1,2020,1,212696220.0,43422619.0,33768431.0,4489389.0,1935127243.0,242551496.0,1043498503.0,367810762.0,891628740.0,306972036.0,40371103.0,60475964.0,124740.0,74757.0,0.5993,500.0,21807689.0,13069348.0,5720.0,10903844.0,CFS
KOSDAQ,033160,엠케이전자,전자부품 제조업,반도체용세금선,12월,2020Q2,2020,2,195401652.0,14234208.0,3602018.0,5350477.0,1903931148.0,226030428.0,1017979214.0,343592281.0,885951934.0,307287347.0,41250214.0,57587716.0,165520.0,99196.0,0.5993,500.0,21807689.0,13069348.0,7590.0,10903844.0,CFS
KOSDAQ,033160,엠케이전자,전자부품 제조업,반도체용세금선,12월,2020Q3,2020,3,220427693.0,26128490.0,26186405.0,4994572.0,2026794212.0,250584728.0,1122315847.0,374762320.0,904478365.0,316243908.0,25178990.0,41990608.0,223529.0,133961.0,0.5993,500.0,21807689.0,13069348.0,10250.0,10903844.0,CFS
KOSDAQ,033160,엠케이전자,전자부품 제조업,반도체용세금선,12월,2020Q4,2020,4,247233902.0,27225670.0,16569072.0,5079552.0,1982876095.0,243867927.0,1065032180.0,361808342.0,917843915.0,323441647.0,29876860.0,170437940.0,230071.0,137882.0,0.5993,500.0,21807689.0,13069348.0,10550.0,10903844.0,CFS
KOSDAQ,033160,엠케이전자,전자부품 제조업,반도체용세금선,12월,2021Q1,2021,1,220845336.0,20364211.0,22324710.0,4803292.0,2006346234.0,268165023.0,1083698089.0,383857652.0,922648145.0,329334807.0,37842868.0,49567823.0,245337.0,147030.0,0.5993,500.0,21807689.0,13069348.0,11250.0,10903844.0,CFS
KOSDAQ,033160,엠케이전자,전자부품 제조업,반도체용세금선,12월,2021Q2,2021,2,245232210.0,37758904.0,41619906.0,5156219.0,2030419439.0,253384330.0,1079347784.0,364313367.0,951071656.0,341097966.0,34801207.0,90626423.0,354375.0,212377.0,0.5993,500.0,21807689.0,13069348.0,16250.0,10903844.0,CFS
KOSDAQ,033160,엠케이전자,전자부품 제조업,반도체용세금선,12월,2021Q3,2021,3,238619016.0,43375742.0,39231908.0,5025544.0,2127981438.0,263829792.0,1113101181.0,346417693.0,1014880258.0,354778247.0,37146751.0,53434463.0,477588.0,286218.0,0.5993,500.0,21807689.0,13069348.0,21900.0,10903844.0,CFS
KOSDAQ,033160,엠케이전자,전자부품 제조업,반도체용세금선,12월,2021Q4,2021,4,253328955.0,7019217.0,15530127.0,6469681.0,2184462348.0,265365370.0,1158577597.0,348282573.0,1025884751.0,349872682.0,44904074.0,76763665.0,403442.0,241783.0,0.5993,500.0,21807689.0,13069348.0,18500.0,10903844.0,CFS
KOSDAQ,033160,엠케이전자,전자부품 제조업,반도체용세금선,12월,2022Q1,2022,1,246663927.0,20562241.0,21430111.0,6578816.0,2305887604.0,289032125.0,1276444615.0,364636533.0,1029442989.0,355148283.0,56010057.0,-91159306.0,379454.0,227407.0,0.5993,500.0,21807689.0,13069348.0,17400.0,10903844.0,CFS
KOSDAQ,033160,엠케이전자,전자부품 제조업,반도체용세금선,12월,2022Q2,2022,2,276001709.0,29891582.0,9358188.0,8111360.0,2233234512.0,312614776.0,1194083171.0,399508131.0,1039151342.0,359871343.0,63160252.0,-10758619.0,232252.0,139189.0,0.5993,500.0,21807689.0,13069348.0,10650.0,10903844.0,CFS
KOSDAQ,033160,엠케이전자,전자부품 제조업,반도체용세금선,12월,2022Q3,2022,3,245130847.0,26386301.0,395180.0,6342926.0,2236039406.0,313665853.0,1194594620.0,397607654.0,1041444786.0,360329880.0,77914746.0,50064740.0,203902.0,122198.0,0.5993,500.0,21807689.0,13069348.0,9350.0,10903844.0,CFS
KOSDAQ,033160,엠케이전자,전자부품 제조업,반도체용세금선,12월,2022Q4,2022,4,255413193.0,3440763.0,-28058697.0,6707197.0,2170017167.0,270790225.0,1152566695.0,355965739.0,1017450472.0,337540135.0,53389860.0,132083676.0,244246.0,146279.0,0.5989,500.0,21807689.0,13060625.0,11200.0,10903844.0,CFS
KOSDAQ,033160,엠케이전자,전자부품 제조업,반도체용세금선,12월,2023Q1,2023,1,228352876.0,7482947.0,-1352881.0,6500631.0,2066827005.0,279454006.0,1070165481.0,373217345.0,996661524.0,333424972.0,42522898.0,-171803179.0,329296.0,197215.0,0.5989,500.0,21807689.0,13060625.0,15100.0,10903844.0,CFS
KOSDAQ,033160,엠케이전자,전자부품 제조업,반도체용세금선,12월,2023Q2,2023,2,270689445.0,19689410.0,-12626182.0,6652953.0,2242735894.0,304248049.0,1260702888.0,397455676.0,982033007.0,330824700.0,47168274.0,-118089117.0,345559.0,208579.0,0.6036,500.0,22066331.0,13319237.0,15660.0,11033166.0,CFS
KOSDAQ,033160,엠케이전자,전자부품 제조업,반도체용세금선,12월,2023Q3,2023,3,274114521.0,5342382.0,-1953007.0,6349005.0,2269923747.0,320615556.0,1293822442.0,438210538.0,976101305.0,330588715.0,100173895.0,-29125902.0,269430.0,162628.0,0.6036,500.0,22066331.0,13319237.0,12210.0,11033166.0,CFS
KOSDAQ,033160,엠케이전자,전자부품 제조업,반도체용세금선,12월,2023Q4,2023,4,343817815.0,13936396.0,-23212997.0,7158069.0,2307897334.0,277683976.0,1330782092.0,398472782.0,977115243.0,299521171.0,151003884.0,-6730722.0,269871.0,162894.0,0.6036,500.0,22066331.0,13319237.0,12230.0,11033166.0,CFS
KOSDAQ,033160,엠케이전자,전자부품 제조업,반도체용세금선,12월,2024Q1,2024,1,272003351.0,8707022.0,-6187316.0,6915574.0,2367799457.0,318383701.0,1410079188.0,440915494.0,957720269.0,291889434.0,152217173.0,26258978.0,302750.0,182740.0,0.6036,500.0,22066331.0,13319237.0,13720.0,11033166.0,CFS
KOSDAQ,033160,엠케이전자,전자부품 제조업,반도체용세금선,12월,2024Q2,2024,2,295142382.0,21258998.0,-19172341.0,6862759.0,2294006463.0,329166534.0,1362792479.0,437380699.0,931213984.0,284022366.0,190663915.0,47164697.0,235227.0,140666.0,0.598,500.0,22066331.0,13195666.0,10660.0,11033166.0,CFS
KOSDAQ,033160,엠케이전자,전자부품 제조업,반도체용세금선,12월,2024Q3,2024,3,267906286.0,4873477.0,4249476.0,6864972.0,2252224077.0,312730359.0,1333917487.0,447940228.0,918306590.0,286360335.0,213888599.0,95911520.0,176531.0,105566.0,0.598,500.0,22066331.0,13195666.0,8000.0,11033166.0,CFS
KOSDAQ,033160,엠케이전자,전자부품 제조업,반도체용세금선,12월,2024Q4,2024,4,335548306.0,21236592.0,-16587039.0,8998884.0,2314197411.0,331733415.0,1400129015.0,446418759.0,914068396.0,269212291.0,226265051.0,-2884238.0,145196.0,86101.0,0.593,500.0,22066331.0,13085334.0,6580.0,11033166.0,CFS
KOSDAQ,033160,엠케이전자,전자부품 제조업,반도체용세금선,12월,2025Q1,2025,1,283651918.0,-1147762.0,5463361.0,7200974.0,2316695667.0,358068121.0,1403019790.0,473669105.0,913675876.0,268061136.0,130920900.0,-47690382.0,152037.0,90158.0,0.593,500.0,22066331.0,13085334.0,6890.0,11033166.0,CFS
KOSDAQ,033160,엠케이전자,전자부품 제조업,반도체용세금선,12월,2025Q2,2025,2,336132280.0,11765627.0,6267580.0,8293444.0,2287649757.0,363870446.0,1368215953.0,480589182.0,919433805.0,273354136.0,118013246.0,-18368151.0,169469.0,100495.0,0.593,500.0,22066331.0,13085334.0,7680.0,11033166.0,CFS
KOSDAQ,033160,엠케이전자,전자부품 제조업,반도체용세금선,12월,2025Q3,2025,3,376944401.0,-6429285.0,-7929108.0,7915189.0,2499569958.0,402596880.0,1477301852.0,494939204.0,1022268106.0,272068109.0,114373455.0,-39867781.0,196170.0,116329.0,0.593,500.0,22066331.0,13085334.0,8890.0,11033166.0,CFS
KOSDAQ,033160,엠케이전자,전자부품 제조업,반도체용세금선,12월,2025Q4,2025,4,407094225.0,9997860.0,9963097.0,10895630.0,2534008826.0,1082516370.0,1532501408.0,1098808064.0,1001507418.0,271884863.0,169483743.0,-53394104.0,189810.0,114911.0,0.6054,500.0,22596480.0,13679909.0,8400.0,11298240.0,CFS
KOSDAQ,033160,엠케이전자,전자부품 제조업,반도체용세금선,12월,2026Q1,2026,1,450123029.0,15148770.0,11512681.0,8747245.0,2651600595.0,1114143953.0,1632099748.0,1186037987.0,1019500848.0,275254261.0,150961869.0,-111218468.0,347335.0,210277.0,0.6054,500.0,22850972.0,13833978.0,15200.0,11701332.0,CFS
KOSDAQ,036540,SFA반도체,반도체 제조업,"반도체패키지(SOP,DIP,QFP)",12월,2020Q1,2020,1,143472834.0,7429545.0,7126597.0,6522871.0,692122142.0,243830965.0,332454316.0,306071836.0,359667826.0,-125099787.0,61588498.0,24041669.0,680530.0,350337.0,0.5148,555.0,148587288.0,76492736.0,4580.0,82487452.0,CFS
KOSDAQ,036540,SFA반도체,반도체 제조업,"반도체패키지(SOP,DIP,QFP)",12월,2020Q2,2020,2,153906631.0,8318701.0,4338026.0,3476058.0,684981988.0,252883633.0,323503363.0,298094277.0,361478625.0,-121509037.0,60158049.0,11159061.0,823946.0,368221.0,0.4469,500.0,164460303.0,73497309.0,5010.0,82487452.0,CFS
KOSDAQ,036540,SFA반도체,반도체 제조업,"반도체패키지(SOP,DIP,QFP)",12월,2020Q3,2020,3,138911664.0,8559292.0,4839425.0,3591733.0,590194320.0,168660129.0,226931259.0,74998912.0,363263061.0,-117082996.0,35576972.0,16993253.0,837103.0,374101.0,0.4469,500.0,164460303.0,73497309.0,5090.0,82487452.0,CFS
KOSDAQ,036540,SFA반도체,반도체 제조업,"반도체패키지(SOP,DIP,QFP)",12월,2020Q4,2020,4,136786410.0,9974480.0,1309915.0,3402295.0,586544873.0,174865843.0,231720076.0,65283827.0,354824797.0,-115925697.0,56575264.0,31148244.0,948936.0,424079.0,0.4469,500.0,164460303.0,73497309.0,5770.0,82487452.0,CFS
KOSDAQ,036540,SFA반도체,반도체 제조업,"반도체패키지(SOP,DIP,QFP)",12월,2021Q1,2021,1,139748758.0,14371614.0,11323406.0,3841881.0,604330601.0,196201160.0,231882232.0,66326488.0,372448369.0,-105110588.0,63996443.0,17884981.0,1241675.0,554905.0,0.4469,500.0,164460303.0,73497309.0,7550.0,82487452.0,CFS
KOSDAQ,036540,SFA반도체,반도체 제조업,"반도체패키지(SOP,DIP,QFP)",12월,2021Q2,2021,2,152623914.0,16671081.0,12705229.0,3579600.0,623198028.0,220059952.0,238357427.0,74487170.0,384840601.0,-93123575.0,50908060.0,27683402.0,1233452.0,551230.0,0.4469,500.0,164460303.0,73497309.0,7500.0,82487452.0,CFS
KOSDAQ,036540,SFA반도체,반도체 제조업,"반도체패키지(SOP,DIP,QFP)",12월,2021Q3,2021,3,167610353.0,19045463.0,17490003.0,3685607.0,631609429.0,226233544.0,220094776.0,87225699.0,411514654.0,-76359907.0,64084147.0,25756845.0,1027877.0,459358.0,0.4469,500.0,164460303.0,73497309.0,6250.0,82487452.0,CFS
KOSDAQ,036540,SFA반도체,반도체 제조업,"반도체패키지(SOP,DIP,QFP)",12월,2021Q4,2021,4,181125795.0,16408150.0,13580666.0,4920735.0,649395337.0,249648866.0,223536654.0,95205691.0,425858683.0,-62761828.0,68856111.0,30228829.0,1264700.0,565321.0,0.447,500.0,164460303.0,73513755.0,7690.0,82487452.0,CFS
KOSDAQ,036540,SFA반도체,반도체 제조업,"반도체패키지(SOP,DIP,QFP)",12월,2022Q1,2022,1,174290153.0,22497365.0,16829939.0,3805263.0,667504653.0,261009986.0,220213877.0,93066337.0,447290775.0,-46529321.0,56672908.0,17516626.0,1161090.0,519007.0,0.447,500.0,164460303.0,73513755.0,7060.0,82487452.0,CFS
KOSDAQ,036540,SFA반도체,반도체 제조업,"반도체패키지(SOP,DIP,QFP)",12월,2022Q2,2022,2,186368160.0,21148741.0,17886297.0,4053695.0,704913860.0,279131782.0,226537808.0,100080718.0,478376052.0,-29131019.0,63697649.0,28225771.0,828880.0,370509.0,0.447,500.0,164460303.0,73513755.0,5040.0,82487452.0,CFS
KOSDAQ,036540,SFA반도체,반도체 제조업,"반도체패키지(SOP,DIP,QFP)",12월,2022Q3,2022,3,182669239.0,16141604.0,15999155.0,4613372.0,738074980.0,291031256.0,220816531.0,94144191.0,517258449.0,-13727754.0,45107043.0,20085554.0,684155.0,305817.0,0.447,500.0,164460303.0,73513755.0,4160.0,82487452.0,CFS
KOSDAQ,036540,SFA반도체,반도체 제조업,"반도체패키지(SOP,DIP,QFP)",12월,2022Q4,2022,4,156084558.0,3093538.0,-5270383.0,4518133.0,674874342.0,271876332.0,190956704.0,89214693.0,483917638.0,-17329701.0,42435960.0,29080187.0,632350.0,282660.0,0.447,500.0,164460303.0,73513755.0,3845.0,82487452.0,CFS
KOSDAQ,036540,SFA반도체,반도체 제조업,"반도체패키지(SOP,DIP,QFP)",12월,2023Q1,2023,1,117200208.0,-1029326.0,-1321039.0,3854302.0,675620661.0,271161925.0,184368553.0,83017341.0,491252108.0,-18693110.0,121434614.0,7507900.0,930845.0,416088.0,0.447,500.0,164460303.0,73513755.0,5660.0,82487452.0,CFS
KOSDAQ,036540,SFA반도체,반도체 제조업,"반도체패키지(SOP,DIP,QFP)",12월,2023Q2,2023,2,127678630.0,820134.0,2526142.0,3983308.0,668144185.0,255587230.0,173445356.0,73972255.0,494698828.0,-16566140.0,125122140.0,13832179.0,891375.0,398445.0,0.447,500.0,164460303.0,73513755.0,5420.0,82487452.0,CFS
KOSDAQ,036540,SFA반도체,반도체 제조업,"반도체패키지(SOP,DIP,QFP)",12월,2023Q3,2023,3,95797470.0,-10770167.0,-9196070.0,3897159.0,633941595.0,192147532.0,146020759.0,47704357.0,487920836.0,-24798923.0,85566748.0,15564596.0,830525.0,371245.0,0.447,500.0,164460303.0,73513755.0,5050.0,82487452.0,CFS
KOSDAQ,036540,SFA반도체,반도체 제조업,"반도체패키지(SOP,DIP,QFP)",12월,2023Q4,2023,4,96909769.0,-5730761.0,-6052645.0,4311261.0,609910067.0,182721303.0,139749352.0,48736699.0,470160715.0,-31135057.0,78764171.0,-888911.0,991696.0,443288.0,0.447,500.0,164460303.0,73513755.0,6030.0,82487452.0,CFS
KOSDAQ,036540,SFA반도체,반도체 제조업,"반도체패키지(SOP,DIP,QFP)",12월,2024Q1,2024,1,122062972.0,2462902.0,17560138.0,4135553.0,647374600.0,156835727.0,153877285.0,56195160.0,493497315.0,-13232098.0,51900150.0,15510330.0,991696.0,443288.0,0.447,500.0,164460303.0,73513755.0,6030.0,82487452.0,CFS
KOSDAQ,036540,SFA반도체,반도체 제조업,"반도체패키지(SOP,DIP,QFP)",12월,2024Q2,2024,2,111350987.0,476180.0,1002380.0,4184077.0,647829364.0,218882055.0,146721787.0,49009317.0,501107577.0,-11961564.0,85059132.0,17099256.0,896309.0,400740.0,0.4471,500.0,164460303.0,73530201.0,5450.0,82487452.0,CFS
KOSDAQ,036540,SFA반도체,반도체 제조업,"반도체패키지(SOP,DIP,QFP)",12월,2024Q3,2024,3,85696364.0,2635914.0,11514478.0,1407289.0,627664514.0,234313477.0,128885676.0,97637768.0,498778838.0,-536683.0,139627403.0,7593054.0,612615.0,273900.0,0.4471,500.0,164460303.0,73530201.0,3725.0,82487452.0,CFS
KOSDAQ,036540,SFA반도체,반도체 제조업,"반도체패키지(SOP,DIP,QFP)",12월,2024Q4,2024,4,81372539.0,-5606000.0,-9618134.0,3390349.0,623485660.0,220511035.0,125578069.0,91517109.0,497907591.0,-10013730.0,95466242.0,12877756.0,507360.0,226841.0,0.4471,500.0,164460303.0,73530201.0,3085.0,82487452.0,CFS
KOSDAQ,036540,SFA반도체,반도체 제조업,"반도체패키지(SOP,DIP,QFP)",12월,2025Q1,2025,1,75259069.0,-6014135.0,-5857037.0,3579254.0,618096804.0,226394823.0,126714311.0,92547070.0,491382494.0,-15840587.0,104931112.0,15093780.0,495026.0,221326.0,0.4471,500.0,164460303.0,73530201.0,3010.0,82487452.0,CFS
KOSDAQ,036540,SFA반도체,반도체 제조업,"반도체패키지(SOP,DIP,QFP)",12월,2025Q2,2025,2,76104471.0,-6721677.0,-7151558.0,3541017.0,587873879.0,216295664.0,118472451.0,86116923.0,469401428.0,-22939790.0,105315132.0,3825116.0,518050.0,231620.0,0.4471,500.0,164460303.0,73530201.0,3150.0,82487452.0,CFS
KOSDAQ,036540,SFA반도체,반도체 제조업,"반도체패키지(SOP,DIP,QFP)",12월,2025Q3,2025,3,96471791.0,-6300778.0,-4971250.0,3381252.0,550228831.0,160844855.0,80686864.0,47280455.0,469541968.0,-27911916.0,34476235.0,-7420679.0,673465.0,301106.0,0.4471,500.0,164460303.0,73530201.0,4095.0,82487452.0,CFS
KOSDAQ,036540,SFA반도체,반도체 제조업,"반도체패키지(SOP,DIP,QFP)",12월,2025Q4,2025,4,119553818.0,-590081.0,-1151153.0,,549454598.0,160514677.0,76627410.0,43532906.0,472827188.0,-29349035.0,22630474.0,-6041893.0,752406.0,336401.0,0.4471,500.0,164460303.0,73530201.0,4575.0,82487452.0,CFS
KOSDAQ,036540,SFA반도체,반도체 제조업,"반도체패키지(SOP,DIP,QFP)",12월,2026Q1,2026,1,107319289.0,-6177693.0,1186655.0,,571608824.0,175043009.0,89399729.0,55108763.0,482209095.0,214837621.0,53300200.0,15015835.0,985117.0,440446.0,0.4471,500.0,164460303.0,73530201.0,5990.0,82487452.0,CFS
KOSDAQ,036930,주성엔지니어링,특수 목적용 기계 제조업,LP CVD,12월,2020Q1,2020,1,35312255.0,-2410131.0,-1172577.0,16611220.0,515131688.0,128433976.0,272018512.0,45434393.0,243113176.0,78767046.0,39186554.0,-558560.0,234491.0,169256.0,0.7218,500.0,48249212.0,34826281.0,4860.0,24124606.0,CFS
KOSDAQ,036930,주성엔지니어링,특수 목적용 기계 제조업,LP CVD,12월,2020Q2,2020,2,35633397.0,902179.0,-3647880.0,16048977.0,521000327.0,109274750.0,281507298.0,56678645.0,239493029.0,74878359.0,34411314.0,7970404.0,270196.0,193785.0,0.7172,500.0,48249212.0,34604335.0,5600.0,24124606.0,CFS
KOSDAQ,036930,주성엔지니어링,특수 목적용 기계 제조업,LP CVD,12월,2020Q3,2020,3,17624055.0,-13812796.0,-12608672.0,20266236.0,504447416.0,85413640.0,277603020.0,52054129.0,226844396.0,62128774.0,8911148.0,-9327203.0,335815.0,240847.0,0.7172,500.0,48249212.0,34604335.0,6960.0,24124606.0,CFS
KOSDAQ,036930,주성엔지니어링,특수 목적용 기계 제조업,LP CVD,12월,2020Q4,2020,4,29976158.0,-9712425.0,9211409.0,23465904.0,549203148.0,129641268.0,321799583.0,149999583.0,227403564.0,71046687.0,18536394.0,3487845.0,396126.0,281368.0,0.7103,500.0,48249212.0,34271415.0,8210.0,24124606.0,CFS
KOSDAQ,036930,주성엔지니어링,특수 목적용 기계 제조업,LP CVD,12월,2021Q1,2021,1,75324935.0,16055704.0,15944365.0,20267459.0,560477363.0,143766083.0,317170637.0,180572132.0,243306726.0,86887615.0,12797365.0,444847.0,540391.0,383840.0,0.7103,500.0,48249212.0,34271415.0,11200.0,24124606.0,CFS
KOSDAQ,036930,주성엔지니어링,특수 목적용 기계 제조업,LP CVD,12월,2021Q2,2021,2,72282181.0,12050232.0,11002199.0,19284238.0,588001139.0,167629015.0,333726992.0,195643945.0,254274147.0,97838671.0,64143984.0,40995212.0,747863.0,529711.0,0.7083,500.0,48249212.0,34174917.0,15500.0,24124606.0,CFS
KOSDAQ,036930,주성엔지니어링,특수 목적용 기계 제조업,LP CVD,12월,2021Q3,2021,3,88369689.0,23778765.0,26346088.0,20292779.0,604246790.0,183471033.0,323724170.0,185154094.0,280522620.0,123973199.0,74713316.0,23100878.0,562103.0,398138.0,0.7083,500.0,48249212.0,34174917.0,11650.0,24124606.0,CFS
KOSDAQ,036930,주성엔지니어링,특수 목적용 기계 제조업,LP CVD,12월,2021Q4,2021,4,141317827.0,50726361.0,92210829.0,31227356.0,711899410.0,230168927.0,342264094.0,134866259.0,369635316.0,214855707.0,119203187.0,46163042.0,1013233.0,719801.0,0.7104,500.0,48249212.0,34276240.0,21000.0,24124606.0,CFS
KOSDAQ,036930,주성엔지니어링,특수 목적용 기계 제조업,LP CVD,12월,2022Q1,2022,1,106988850.0,30595276.0,24629726.0,27302382.0,762687365.0,269206041.0,375966372.0,164690780.0,386720994.0,231894614.0,100109917.0,47320652.0,1249655.0,887755.0,0.7104,500.0,48249212.0,34276240.0,25900.0,24124606.0,CFS
KOSDAQ,036930,주성엔지니어링,특수 목적용 기계 제조업,LP CVD,12월,2022Q2,2022,2,118976388.0,34625504.0,28789117.0,28339960.0,755178185.0,257626493.0,348253490.0,131618330.0,406924695.0,258601042.0,101902721.0,11868203.0,815412.0,574295.0,0.7043,500.0,48249212.0,33981920.0,16900.0,24124606.0,CFS
KOSDAQ,036930,주성엔지니어링,특수 목적용 기계 제조업,LP CVD,12월,2022Q3,2022,3,105150090.0,30644998.0,31325273.0,30302119.0,772420468.0,,332906984.0,,439513484.0,291927596.0,107083401.0,9435110.0,559691.0,394190.0,0.7043,500.0,48249212.0,33981920.0,11600.0,24124606.0,CFS
KOSDAQ,036930,주성엔지니어링,특수 목적용 기계 제조업,LP CVD,12월,2022Q4,2022,4,106823392.0,28018222.0,21427175.0,37748332.0,833063199.0,290340647.0,348454880.0,127276917.0,484608319.0,311292465.0,120982181.0,32371605.0,511442.0,359595.0,0.7031,500.0,48249212.0,33924021.0,10600.0,24124606.0,CFS
KOSDAQ,036930,주성엔지니어링,특수 목적용 기계 제조업,LP CVD,12월,2023Q1,2023,1,68704739.0,11592543.0,10413071.0,31825033.0,842640411.0,,359938816.0,,482701595.0,312332876.0,139009744.0,27097723.0,776812.0,546177.0,0.7031,500.0,48249212.0,33924021.0,16100.0,24124606.0,CFS
KOSDAQ,036930,주성엔지니어링,특수 목적용 기계 제조업,LP CVD,12월,2023Q2,2023,2,31665171.0,-8735134.0,-7350782.0,26891264.0,790135288.0,,321053693.0,,469081595.0,304914206.0,78847810.0,-44880161.0,916735.0,632547.0,0.69,500.0,48249212.0,33291956.0,19000.0,24124606.0,CFS
KOSDAQ,036930,주성엔지니어링,특수 목적용 기계 제조업,LP CVD,12월,2023Q3,2023,3,86070880.0,6181322.0,3958458.0,32230966.0,752854703.0,,279875444.0,,472979259.0,308803598.0,47211197.0,-29139010.0,1297904.0,895554.0,0.69,500.0,48249212.0,33291956.0,26900.0,24124606.0,CFS
KOSDAQ,036930,주성엔지니어링,특수 목적용 기계 제조업,LP CVD,12월,2023Q4,2023,4,98304456.0,19898732.0,26980055.0,30218789.0,805261391.0,239031396.0,290513574.0,61548331.0,514747818.0,335192986.0,110639608.0,47808078.0,1650123.0,1138750.0,0.6901,500.0,48249212.0,33296781.0,34200.0,24124606.0,CFS
KOSDAQ,036930,주성엔지니어링,특수 목적용 기계 제조업,LP CVD,12월,2024Q1,2024,1,56571325.0,7029890.0,16084036.0,26255842.0,894428318.0,326339267.0,365986798.0,137429566.0,528441521.0,348783828.0,174153405.0,66668201.0,1768334.0,1220327.0,0.6901,500.0,48249212.0,33296781.0,36650.0,24124606.0,CFS
KOSDAQ,036930,주성엔지니어링,특수 목적용 기계 제조업,LP CVD,12월,2024Q2,2024,2,97332738.0,36063378.0,33072712.0,31031280.0,947866442.0,378746962.0,386219900.0,156449127.0,561646542.0,381816306.0,215079647.0,47610336.0,1802108.0,1243995.0,0.6903,500.0,48249212.0,33306431.0,37350.0,24124606.0,CFS
KOSDAQ,036930,주성엔지니어링,특수 목적용 기계 제조업,LP CVD,12월,2024Q3,2024,3,147204571.0,52171424.0,35601363.0,35929294.0,960065523.0,377469226.0,363107577.0,132422275.0,596957946.0,400581485.0,227184084.0,39944160.0,1266791.0,874466.0,0.6903,500.0,47268321.0,32629322.0,26800.0,24124606.0,CFS
KOSDAQ,036930,주성엔지니어링,특수 목적용 기계 제조업,LP CVD,12월,2024Q4,2024,4,108284738.0,1931519.0,22056000.0,58554157.0,986824795.0,398129947.0,420234496.0,191704928.0,566590300.0,421753870.0,250695296.0,70450034.0,1392052.0,933371.0,0.6705,500.0,47268321.0,31693409.0,29450.0,24124606.0,CFS
KOSDAQ,036930,주성엔지니어링,특수 목적용 기계 제조업,LP CVD,12월,2025Q1,2025,1,120846474.0,33907651.0,27716220.0,38844248.0,949612882.0,363481734.0,368577088.0,139661728.0,581035794.0,436211155.0,219853076.0,9031941.0,1803286.0,1209103.0,0.6705,500.0,47268321.0,31693409.0,38150.0,24124606.0,CFS
KOSDAQ,036930,주성엔지니어링,특수 목적용 기계 제조업,LP CVD,12월,2025Q2,2025,2,78792213.0,6575447.0,5039631.0,35384349.0,880403676.0,265950870.0,294705448.0,65671937.0,585698228.0,441197470.0,178194328.0,-47230442.0,1467681.0,980851.0,0.6683,500.0,47268321.0,31589419.0,31050.0,24124606.0,CFS
KOSDAQ,036930,주성엔지니어링,특수 목적용 기계 제조업,LP CVD,12월,2025Q3,2025,3,58773455.0,3355821.0,7633538.0,35084505.0,871607744.0,237084030.0,278195120.0,50126751.0,593412624.0,448775972.0,145213469.0,-16165787.0,1460591.0,976113.0,0.6683,500.0,47268321.0,31589419.0,30900.0,24124606.0,CFS
KOSDAQ,036930,주성엔지니어링,특수 목적용 기계 제조업,LP CVD,12월,2025Q4,2025,4,52280443.0,-12581108.0,-4695971.0,36737520.0,887892914.0,246007881.0,297436348.0,68048965.0,590456566.0,444596308.0,164383610.0,23686128.0,1309332.0,871884.0,0.6659,500.0,47268321.0,31475975.0,27700.0,24124606.0,CFS
KOSDAQ,036930,주성엔지니어링,특수 목적용 기계 제조업,LP CVD,12월,2026Q1,2026,1,54879093.0,-7031234.0,-1190969.0,35658408.0,871893342.0,221415421.0,285072465.0,56104401.0,586820877.0,415832325.0,139942114.0,-16376769.0,2821404.0,1878773.0,0.6659,500.0,46481121.0,30951778.0,60700.0,24124606.0,CFS
KOSDAQ,039030,이오테크닉스,특수 목적용 기계 제조업,레이저 마커 및 레이저 응용기기,12월,2020Q1,2020,1,62676388.0,6410143.0,10569795.0,9456281.0,465727791.0,265943149.0,62633285.0,62308809.0,403094506.0,317429487.0,61959207.0,5361076.0,746565.0,514682.0,0.6894,500.0,12319550.0,8493098.0,60600.0,6159775.0,CFS
KOSDAQ,039030,이오테크닉스,특수 목적용 기계 제조업,레이저 마커 및 레이저 응용기기,12월,2020Q2,2020,2,85510284.0,15637479.0,10736421.0,8839016.0,479164373.0,280422865.0,68306028.0,67959568.0,410858345.0,325205401.0,57184076.0,765080.0,1164197.0,792935.0,0.6811,500.0,12319550.0,8390846.0,94500.0,6159775.0,CFS
KOSDAQ,039030,이오테크닉스,특수 목적용 기계 제조업,레이저 마커 및 레이저 응용기기,12월,2020Q3,2020,3,107071482.0,20239772.0,13007513.0,11202549.0,486413186.0,297543204.0,62458664.0,62058335.0,423954522.0,337949937.0,77484237.0,10057956.0,1220867.0,831533.0,0.6811,500.0,12319550.0,8390846.0,99100.0,6159775.0,CFS
KOSDAQ,039030,이오테크닉스,특수 목적용 기계 제조업,레이저 마커 및 레이저 응용기기,12월,2020Q4,2020,4,69865985.0,-3802002.0,-12759412.0,10935983.0,481155773.0,283812070.0,71342149.0,70299708.0,409813624.0,327940001.0,96802642.0,34768174.0,1441387.0,982017.0,0.6813,500.0,12319550.0,8393309.0,117000.0,6159775.0,CFS
KOSDAQ,039030,이오테크닉스,특수 목적용 기계 제조업,레이저 마커 및 레이저 응용기기,12월,2021Q1,2021,1,82259249.0,14338932.0,16788772.0,10760228.0,506879111.0,311110206.0,81401027.0,80059582.0,425478084.0,341065567.0,80806651.0,-17461612.0,1461099.0,995447.0,0.6813,500.0,12319550.0,8393309.0,118600.0,6159775.0,CFS
KOSDAQ,039030,이오테크닉스,특수 목적용 기계 제조업,레이저 마커 및 레이저 응용기기,12월,2021Q2,2021,2,115237361.0,31241240.0,21450427.0,10704897.0,527873707.0,331226223.0,80163047.0,77912077.0,447710661.0,361896933.0,70262198.0,-5648097.0,1466026.0,998804.0,0.6813,500.0,12319550.0,8393309.0,119000.0,6159775.0,CFS
KOSDAQ,039030,이오테크닉스,특수 목적용 기계 제조업,레이저 마커 및 레이저 응용기기,12월,2021Q3,2021,3,108155425.0,23467990.0,23809851.0,15047070.0,547653213.0,352811450.0,73722743.0,71650499.0,473930470.0,385564251.0,73912347.0,5350550.0,1318192.0,898084.0,0.6813,500.0,12319550.0,8393309.0,107000.0,6159775.0,CFS
KOSDAQ,039030,이오테크닉스,특수 목적용 기계 제조업,레이저 마커 및 레이저 응용기기,12월,2021Q4,2021,4,85208154.0,9088196.0,10300732.0,16035761.0,566044583.0,370725059.0,81264753.0,80666358.0,484779831.0,396152787.0,92844986.0,19322013.0,1472186.0,1003000.0,0.6813,500.0,12319550.0,8393309.0,119500.0,6159775.0,CFS
KOSDAQ,039030,이오테크닉스,특수 목적용 기계 제조업,레이저 마커 및 레이저 응용기기,12월,2022Q1,2022,1,103941704.0,22483637.0,20320823.0,13797403.0,590638957.0,393465094.0,97238781.0,96577733.0,493400176.0,405299733.0,75529042.0,-4666611.0,1339135.0,912353.0,0.6813,500.0,12319550.0,8393309.0,108700.0,6159775.0,CFS
KOSDAQ,039030,이오테크닉스,특수 목적용 기계 제조업,레이저 마커 및 레이저 응용기기,12월,2022Q2,2022,2,122178847.0,30990932.0,25394971.0,16581712.0,605136634.0,413052438.0,88786017.0,88054936.0,516350617.0,429985057.0,88918176.0,20721928.0,992956.0,672231.0,0.677,500.0,12319550.0,8340335.0,80600.0,6159775.0,CFS
KOSDAQ,039030,이오테크닉스,특수 목적용 기계 제조업,레이저 마커 및 레이저 응용기기,12월,2022Q3,2022,3,115758653.0,23528330.0,31201710.0,15614383.0,631006164.0,443271922.0,86194199.0,85382816.0,544811965.0,460813133.0,126757363.0,21601909.0,723158.0,489578.0,0.677,500.0,12319550.0,8340335.0,58700.0,6159775.0,CFS
KOSDAQ,039030,이오테크닉스,특수 목적용 기계 제조업,레이저 마커 및 레이저 응용기기,12월,2022Q4,2022,4,105278386.0,15795781.0,325794.0,13974646.0,615867392.0,423736682.0,76752867.0,76183627.0,539114525.0,461816223.0,159217919.0,55087904.0,820482.0,551118.0,0.6717,500.0,12319550.0,8275042.0,66600.0,6159775.0,CFS
KOSDAQ,039030,이오테크닉스,특수 목적용 기계 제조업,레이저 마커 및 레이저 응용기기,12월,2023Q1,2023,1,83883759.0,9593217.0,13537594.0,14425757.0,620434647.0,425565984.0,77847647.0,77658229.0,542587000.0,463368746.0,148555506.0,-4271345.0,1097672.0,737306.0,0.6717,500.0,12319550.0,8275042.0,89100.0,6159775.0,CFS
KOSDAQ,039030,이오테크닉스,특수 목적용 기계 제조업,레이저 마커 및 레이저 응용기기,12월,2023Q2,2023,2,86856561.0,10943716.0,12571375.0,15130998.0,614951982.0,435043838.0,59043507.0,58782634.0,555908475.0,475910353.0,157222641.0,-9879928.0,1378558.0,925977.0,0.6717,500.0,12319550.0,8275042.0,111900.0,6159775.0,CFS
KOSDAQ,039030,이오테크닉스,특수 목적용 기계 제조업,레이저 마커 및 레이저 응용기기,12월,2023Q3,2023,3,73960527.0,2952096.0,7910056.0,15058206.0,606260707.0,431272949.0,42963603.0,42628664.0,563297104.0,483904418.0,186759480.0,24272256.0,1725969.0,1159333.0,0.6717,500.0,12319550.0,8275042.0,140100.0,6159775.0,CFS
KOSDAQ,039030,이오테크닉스,특수 목적용 기계 제조업,레이저 마커 및 레이저 응용기기,12월,2023Q4,2023,4,71683174.0,4845726.0,2374228.0,12191026.0,611678998.0,429338087.0,49219484.0,47021472.0,562459515.0,486374901.0,200056020.0,21462449.0,1883659.0,1265254.0,0.6717,500.0,12319550.0,8275042.0,152900.0,6159775.0,CFS
KOSDAQ,039030,이오테크닉스,특수 목적용 기계 제조업,레이저 마커 및 레이저 응용기기,12월,2024Q1,2024,1,72839993.0,5549303.0,10468721.0,13989409.0,635294095.0,456816845.0,67175280.0,64658904.0,568118815.0,491548387.0,231971429.0,26769548.0,2568626.0,1725346.0,0.6717,500.0,12319550.0,8275042.0,208500.0,6159775.0,CFS
KOSDAQ,039030,이오테크닉스,특수 목적용 기계 제조업,레이저 마커 및 레이저 응용기기,12월,2024Q2,2024,2,74426708.0,6574286.0,10869733.0,15444049.0,637790081.0,444914843.0,56915926.0,54999034.0,580874155.0,502424634.0,214937107.0,508264.0,2302524.0,1546605.0,0.6717,500.0,12319550.0,8275042.0,186900.0,6159775.0,CFS
KOSDAQ,039030,이오테크닉스,특수 목적용 기계 제조업,레이저 마커 및 레이저 응용기기,12월,2024Q3,2024,3,82969295.0,10428536.0,4733684.0,13809376.0,633484622.0,418061496.0,50053893.0,47974432.0,583430729.0,507287302.0,184722904.0,-850506.0,1887355.0,1267736.0,0.6717,500.0,12319550.0,8275042.0,153200.0,6159775.0,CFS
KOSDAQ,039030,이오테크닉스,특수 목적용 기계 제조업,레이저 마커 및 레이저 응용기기,12월,2024Q4,2024,4,90709499.0,8648960.0,16598132.0,14581469.0,653015311.0,445645617.0,49983890.0,48106248.0,603031421.0,523774882.0,222229676.0,28933805.0,1714881.0,1151886.0,0.6717,500.0,12319550.0,8275042.0,139200.0,6159775.0,CFS
KOSDAQ,039030,이오테크닉스,특수 목적용 기계 제조업,레이저 마커 및 레이저 응용기기,12월,2025Q1,2025,1,84824768.0,14482419.0,14461318.0,13258155.0,682383108.0,464215292.0,70690157.0,68661373.0,611692951.0,562131228.0,246925093.0,26946683.0,1633572.0,1097270.0,0.6717,500.0,12319550.0,8275042.0,132600.0,6159775.0,CFS
KOSDAQ,039030,이오테크닉스,특수 목적용 기계 제조업,레이저 마커 및 레이저 응용기기,12월,2025Q2,2025,2,94250015.0,25825067.0,2793919.0,11903629.0,683362035.0,461217826.0,73160456.0,71140844.0,610201578.0,564627684.0,237660189.0,14357735.0,2072148.0,1391862.0,0.6717,500.0,12319550.0,8275042.0,168200.0,6159775.0,CFS
KOSDAQ,039030,이오테크닉스,특수 목적용 기계 제조업,레이저 마커 및 레이저 응용기기,12월,2025Q3,2025,3,100513672.0,26002276.0,23171490.0,13533321.0,750578006.0,528224053.0,82712882.0,80750710.0,667865124.0,587788466.0,267363157.0,30930275.0,2870455.0,1928085.0,0.6717,500.0,12319550.0,8275042.0,233000.0,6159775.0,CFS
KOSDAQ,039030,이오테크닉스,특수 목적용 기계 제조업,레이저 마커 및 레이저 응용기기,12월,2025Q4,2025,4,101302153.0,14443513.0,17138046.0,19650463.0,777751432.0,546296544.0,89852216.0,87824923.0,687899216.0,604926512.0,236305276.0,28053084.0,3350918.0,2310123.0,0.6894,500.0,12319550.0,8493098.0,272000.0,6159775.0,CFS
KOSDAQ,039030,이오테크닉스,특수 목적용 기계 제조업,레이저 마커 및 레이저 응용기기,12월,2026Q1,2026,1,115101798.0,29797834.0,31212894.0,14875489.0,803407191.0,563602907.0,96552222.0,94387150.0,706854969.0,621355946.0,223655733.0,26840793.0,4736867.0,3265596.0,0.6894,500.0,12319550.0,8493098.0,384500.0,6159775.0,CFS
KOSPI,042700,한미반도체,특수 목적용 기계 제조업,"반도체 후공정장비,반도체금형 제조/부동산 매매,임대",12월,2020Q1,2020,1,39615650.0,7441127.0,7609591.0,6785656.0,291698890.0,165053974.0,68671150.0,61992362.0,223027740.0,171480676.0,62372672.0,-799918.0,353815.0,135193.0,0.3821,200.0,51501501.0,19678724.0,6870.0,12716420.0,CFS
KOSPI,042700,한미반도체,특수 목적용 기계 제조업,"반도체 후공정장비,반도체금형 제조/부동산 매매,임대",12월,2020Q2,2020,2,61911008.0,20060471.0,14267993.0,7899485.0,286337457.0,157583231.0,48791727.0,41610401.0,237545730.0,185746385.0,28516128.0,-9899422.0,384716.0,166774.0,0.4335,200.0,51501501.0,22325901.0,7470.0,12716420.0,CFS
KOSPI,042700,한미반도체,특수 목적용 기계 제조업,"반도체 후공정장비,반도체금형 제조/부동산 매매,임대",12월,2020Q3,2020,3,77902632.0,24868397.0,18260492.0,7857639.0,304529904.0,174500524.0,56659312.0,48942349.0,247870593.0,204002645.0,26379499.0,9193275.0,538191.0,233306.0,0.4335,200.0,51501501.0,22325901.0,10450.0,12716420.0,CFS
KOSPI,042700,한미반도체,특수 목적용 기계 제조업,"반도체 후공정장비,반도체금형 제조/부동산 매매,임대",12월,2020Q4,2020,4,77956607.0,14279472.0,9993409.0,9648237.0,326966868.0,208937099.0,69876325.0,67572881.0,257090543.0,215235788.0,81154268.0,38990062.0,932177.0,388811.0,0.4171,200.0,51501501.0,21481276.0,18100.0,12716420.0,CFS
KOSPI,042700,한미반도체,특수 목적용 기계 제조업,"반도체 후공정장비,반도체금형 제조/부동산 매매,임대",12월,2021Q1,2021,1,70919007.0,19335219.0,20363487.0,8258223.0,333770643.0,209587539.0,69536774.0,66548919.0,264233869.0,199423143.0,50012758.0,-6709549.0,1206821.0,503365.0,0.4171,200.0,49459877.0,20629715.0,24400.0,12716420.0,CFS
KOSPI,042700,한미반도체,특수 목적용 기계 제조업,"반도체 후공정장비,반도체금형 제조/부동산 매매,임대",12월,2021Q2,2021,2,108908071.0,36431336.0,27671931.0,10464100.0,373112607.0,203791209.0,81988699.0,78544235.0,291123909.0,227099869.0,6529651.0,-2052454.0,1674217.0,738330.0,0.441,200.0,49459877.0,21811806.0,33850.0,12716420.0,CFS
KOSPI,042700,한미반도체,특수 목적용 기계 제조업,"반도체 후공정장비,반도체금형 제조/부동산 매매,임대",12월,2021Q3,2021,3,91698276.0,30929901.0,26678300.0,9071878.0,410967115.0,240999432.0,92946319.0,88994380.0,318020796.0,253786574.0,12821370.0,16388070.0,1538202.0,678347.0,0.441,200.0,49459877.0,21811806.0,31100.0,12716420.0,CFS
KOSPI,042700,한미반도체,특수 목적용 기계 제조업,"반도체 후공정장비,반도체금형 제조/부동산 매매,임대",12월,2021Q4,2021,4,101644048.0,35723010.0,29724587.0,11750371.0,429285683.0,249783840.0,82473641.0,80692132.0,346812042.0,282619540.0,49608465.0,44653024.0,1872056.0,828010.0,0.4423,200.0,49459877.0,21876104.0,37850.0,12716420.0,CFS
KOSPI,042700,한미반도체,특수 목적용 기계 제조업,"반도체 후공정장비,반도체금형 제조/부동산 매매,임대",12월,2022Q1,2022,1,63191838.0,21258352.0,19620044.0,8725916.0,408157204.0,225872302.0,71447896.0,68408516.0,336709307.0,272565435.0,27950941.0,12339887.0,1731096.0,765664.0,0.4423,200.0,49459877.0,21876104.0,35000.0,12716420.0,CFS
KOSPI,042700,한미반도체,특수 목적용 기계 제조업,"반도체 후공정장비,반도체금형 제조/부동산 매매,임대",12월,2022Q2,2022,2,123179514.0,43888677.0,36841911.0,20413129.0,453738601.0,268131400.0,87785312.0,84091814.0,365953289.0,309406420.0,34425673.0,3764041.0,1241443.0,541269.0,0.436,129.0,98919754.0,43129013.0,12550.0,12716420.0,CFS
KOSPI,042700,한미반도체,특수 목적용 기계 제조업,"반도체 후공정장비,반도체금형 제조/부동산 매매,임대",12월,2022Q3,2022,3,80313449.0,32195531.0,38698904.0,11773777.0,473765523.0,287870738.0,80985696.0,76840346.0,392779827.0,348102977.0,38382464.0,26644869.0,1068333.0,465793.0,0.436,129.0,98919754.0,43129013.0,10800.0,12716420.0,CFS
KOSPI,042700,한미반도체,특수 목적용 기계 제조업,"반도체 후공정장비,반도체금형 제조/부동산 매매,임대",12월,2022Q4,2022,4,60907258.0,14516862.0,-2901601.0,13997609.0,455432966.0,266177447.0,65336210.0,63044831.0,390096756.0,325269341.0,90895692.0,66753011.0,1119402.0,486380.0,0.4345,129.0,97339302.0,42293927.0,11500.0,12716420.0,CFS
KOSPI,042700,한미반도체,특수 목적용 기계 제조업,"반도체 후공정장비,반도체금형 제조/부동산 매매,임대",12월,2023Q1,2023,1,26524032.0,2074899.0,133155922.0,5388619.0,596366893.0,251741098.0,92373048.0,90228291.0,503993846.0,438967763.0,94789962.0,10112604.0,2014924.0,875484.0,0.4345,129.0,97339302.0,42293927.0,20700.0,12716420.0,CFS
KOSPI,042700,한미반도체,특수 목적용 기계 제조업,"반도체 후공정장비,반도체금형 제조/부동산 매매,임대",12월,2023Q2,2023,2,49070266.0,11176247.0,33982990.0,9798569.0,622124677.0,258478875.0,79521319.0,42070849.0,542603358.0,472981400.0,91583855.0,5448682.0,2934780.0,1326814.0,0.4521,131.0,97339302.0,44007098.0,30150.0,12716420.0,CFS
KOSPI,042700,한미반도체,특수 목적용 기계 제조업,"반도체 후공정장비,반도체금형 제조/부동산 매매,임대",12월,2023Q3,2023,3,31199155.0,2902894.0,14668122.0,6105803.0,636435788.0,242268999.0,79146237.0,41744912.0,557289551.0,487696924.0,111945948.0,12799184.0,5129781.0,2319174.0,0.4521,131.0,97339302.0,44007098.0,52700.0,12716420.0,CFS
KOSPI,042700,한미반도체,특수 목적용 기계 제조업,"반도체 후공정장비,반도체금형 제조/부동산 매매,임대",12월,2023Q4,2023,4,52215076.0,18417371.0,85360482.0,7679857.0,723839104.0,319391329.0,151940479.0,105009651.0,571898625.0,532248974.0,179732421.0,16630338.0,6005835.0,2702025.0,0.4499,129.0,97339302.0,43792952.0,61700.0,12716420.0,CFS
KOSPI,042700,한미반도체,특수 목적용 기계 제조업,"반도체 후공정장비,반도체금형 제조/부동산 매매,임대",12월,2024Q1,2024,1,77317697.0,28705687.0,69601287.0,5917170.0,769723157.0,311649811.0,145826476.0,86412420.0,623896681.0,601958125.0,142759892.0,23156713.0,13014265.0,5855118.0,0.4499,129.0,97339302.0,43792952.0,133700.0,12716420.0,CFS
KOSPI,042700,한미반도체,특수 목적용 기계 제조업,"반도체 후공정장비,반도체금형 제조/부동산 매매,임대",12월,2024Q2,2024,2,123477831.0,55438446.0,-11811402.0,8590670.0,720847516.0,344503482.0,151847014.0,114450886.0,569000502.0,570136954.0,110989461.0,9235832.0,16712003.0,7445197.0,0.4455,131.0,96993634.0,43210664.0,172300.0,12716420.0,CFS
KOSPI,042700,한미반도체,특수 목적용 기계 제조업,"반도체 후공정장비,반도체금형 제조/부동산 매매,임대",12월,2024Q3,2024,3,208525481.0,99304856.0,38390587.0,16292867.0,724965834.0,402105218.0,173956192.0,153629354.0,551009642.0,608519437.0,86672249.0,23952840.0,10504411.0,4679715.0,0.4455,131.0,96993634.0,43210664.0,108300.0,12716420.0,CFS
KOSPI,042700,한미반도체,특수 목적용 기계 제조업,"반도체 후공정장비,반도체금형 제조/부동산 매매,임대",12월,2024Q4,2024,4,149596182.0,71942615.0,56434026.0,10475041.0,710872367.0,407791209.0,169984503.0,160040613.0,540887863.0,610049963.0,103966004.0,85018435.0,7970676.0,3460070.0,0.4341,132.0,96614259.0,41940250.0,82500.0,12716420.0,CFS
KOSPI,042700,한미반도체,특수 목적용 기계 제조업,"반도체 후공정장비,반도체금형 제조/부동산 매매,임대",12월,2025Q1,2025,1,147391786.0,69632219.0,54748867.0,17782900.0,685889992.0,362277831.0,164197370.0,155312530.0,521692622.0,611395393.0,32852808.0,29188001.0,6589092.0,2860325.0,0.4341,132.0,96614259.0,41940250.0,68200.0,12716420.0,CFS
KOSPI,042700,한미반도체,특수 목적용 기계 제조업,"반도체 후공정장비,반도체금형 제조/부동산 매매,임대",12월,2025Q2,2025,2,180047311.0,86308098.0,64687279.0,15206865.0,746165721.0,433974618.0,157286521.0,152658814.0,588879200.0,545777955.0,37279340.0,-36354286.0,9721844.0,4264001.0,0.4386,133.0,95312200.0,41803931.0,102000.0,12716420.0,CFS
KOSPI,042700,한미반도체,특수 목적용 기계 제조업,"반도체 후공정장비,반도체금형 제조/부동산 매매,임대",12월,2025Q3,2025,3,166231357.0,67822012.0,65713248.0,14261833.0,784062204.0,487890910.0,127426796.0,122173841.0,656635408.0,611468165.0,198219507.0,147432132.0,9197627.0,4034079.0,0.4386,133.0,95312200.0,41803931.0,96500.0,12716420.0,CFS
KOSPI,042700,한미반도체,특수 목적용 기계 제조업,"반도체 후공정장비,반도체금형 제조/부동산 매매,임대",12월,2025Q4,2025,4,83014165.0,27627814.0,28858154.0,14029538.0,813331626.0,493274638.0,123004107.0,120120330.0,690327520.0,639253489.0,276235378.0,88360914.0,12142774.0,5320964.0,0.4382,133.0,95312200.0,41765806.0,127400.0,12716420.0,CFS
KOSPI,042700,한미반도체,특수 목적용 기계 제조업,"반도체 후공정장비,반도체금형 제조/부동산 매매,임대",12월,2026Q1,2026,1,50902077.0,8456257.0,19031751.0,14234056.0,742689287.0,430429940.0,106819715.0,104047508.0,635869572.0,582331790.0,174701747.0,-38406029.0,23923362.0,10483217.0,0.4382,133.0,95312200.0,41765806.0,251000.0,12716420.0,CFS
KOSDAQ,061970,LB세미콘,반도체 제조업,"골드범핑, 솔더범핑 등",12월,2020Q1,2020,1,98352260.0,8630455.0,6146865.0,6690770.0,468941141.0,115798139.0,275705180.0,172727374.0,193235961.0,94605911.0,10992312.0,14040755.0,258767.0,160694.0,0.621,500.0,43784592.0,27190232.0,5910.0,21892296.0,CFS
KOSDAQ,061970,LB세미콘,반도체 제조업,"골드범핑, 솔더범핑 등",12월,2020Q2,2020,2,106689794.0,8110896.0,4683360.0,7214970.0,473178523.0,125848285.0,275240706.0,171807271.0,197937817.0,98166999.0,16170687.0,14979711.0,354655.0,217226.0,0.6125,500.0,43784592.0,26818063.0,8100.0,21892296.0,CFS
KOSDAQ,061970,LB세미콘,반도체 제조업,"골드범핑, 솔더범핑 등",12월,2020Q3,2020,3,117466459.0,10082137.0,7777031.0,8843705.0,491960149.0,139579127.0,286239804.0,187067204.0,205720345.0,104528154.0,23743452.0,19892512.0,518847.0,317794.0,0.6125,500.0,43784592.0,26818063.0,11850.0,21892296.0,CFS
KOSDAQ,061970,LB세미콘,반도체 제조업,"골드범핑, 솔더범핑 등",12월,2020Q4,2020,4,120281550.0,15941302.0,13015359.0,7013214.0,527479200.0,155768824.0,309213720.0,196144481.0,218265480.0,116074380.0,43106852.0,30555323.0,645823.0,395567.0,0.6125,500.0,43784592.0,26818063.0,14750.0,21892296.0,CFS
KOSDAQ,061970,LB세미콘,반도체 제조업,"골드범핑, 솔더범핑 등",12월,2021Q1,2021,1,113897049.0,10639062.0,10864969.0,6521380.0,603483219.0,175577306.0,376355100.0,237600924.0,227128119.0,123229960.0,58261505.0,32548090.0,602038.0,368748.0,0.6125,500.0,43784592.0,26818063.0,13750.0,21892296.0,CFS
KOSDAQ,061970,LB세미콘,반도체 제조업,"골드범핑, 솔더범핑 등",12월,2021Q2,2021,2,121603932.0,12398643.0,11637036.0,6908547.0,659716023.0,222957257.0,340917122.0,194309748.0,318798901.0,133729907.0,108424505.0,21130625.0,591092.0,362044.0,0.6125,500.0,43784592.0,26818063.0,13500.0,21892296.0,CFS
KOSDAQ,061970,LB세미콘,반도체 제조업,"골드범핑, 솔더범핑 등",12월,2021Q3,2021,3,129421154.0,16510602.0,13121545.0,6883754.0,673483999.0,233133238.0,342559878.0,195194920.0,330924121.0,143025832.0,58442791.0,27537412.0,534172.0,327180.0,0.6125,500.0,43784592.0,26818063.0,12200.0,21892296.0,CFS
KOSDAQ,061970,LB세미콘,반도체 제조업,"골드범핑, 솔더범핑 등",12월,2021Q4,2021,4,131314838.0,4676930.0,2688633.0,8892251.0,700319379.0,229529809.0,364873718.0,215830594.0,335445661.0,146849598.0,57203628.0,28660892.0,584524.0,369127.0,0.6315,500.0,43784592.0,27649970.0,13350.0,21892296.0,CFS
KOSDAQ,061970,LB세미콘,반도체 제조업,"골드범핑, 솔더범핑 등",12월,2022Q1,2022,1,132720090.0,16954008.0,14084726.0,7290508.0,753061129.0,238236135.0,405491227.0,225588614.0,347569902.0,156194341.0,64207858.0,11524258.0,534172.0,337330.0,0.6315,500.0,43784592.0,27649970.0,12200.0,21892296.0,CFS
KOSDAQ,061970,LB세미콘,반도체 제조업,"골드범핑, 솔더범핑 등",12월,2022Q2,2022,2,144589075.0,19829557.0,14986926.0,9022594.0,755830508.0,238704491.0,393080913.0,217245876.0,362749595.0,168228327.0,98192105.0,44184070.0,366915.0,233174.0,0.6355,500.0,43784592.0,27825108.0,8380.0,21892296.0,CFS
KOSDAQ,061970,LB세미콘,반도체 제조업,"골드범핑, 솔더범핑 등",12월,2022Q3,2022,3,131846452.0,16338272.0,11983612.0,8123801.0,764128130.0,241535929.0,389194613.0,213735951.0,374933517.0,179509719.0,112281013.0,41576856.0,310871.0,197559.0,0.6355,500.0,43784592.0,27825108.0,7100.0,21892296.0,CFS
KOSDAQ,061970,LB세미콘,반도체 제조업,"골드범핑, 솔더범핑 등",12월,2022Q4,2022,4,115449717.0,3675060.0,3659960.0,9776184.0,767094160.0,207335454.0,385945617.0,216354907.0,381148544.0,187135848.0,69989777.0,26732711.0,288540.0,183915.0,0.6374,500.0,43784592.0,27908299.0,6590.0,21892296.0,CFS
KOSDAQ,061970,LB세미콘,반도체 제조업,"골드범핑, 솔더범핑 등",12월,2023Q1,2023,1,94750856.0,-5210666.0,-5267269.0,6857137.0,759319033.0,191537078.0,383437622.0,214384859.0,375881410.0,182095519.0,74910490.0,12630828.0,390121.0,248663.0,0.6374,500.0,43784592.0,27908299.0,8910.0,21892296.0,CFS
KOSDAQ,061970,LB세미콘,반도체 제조업,"골드범핑, 솔더범핑 등",12월,2023Q2,2023,2,103279444.0,410387.0,-2014706.0,7260731.0,763758861.0,207316212.0,389900862.0,203300215.0,373857999.0,179917639.0,102319700.0,26419159.0,365601.0,232010.0,0.6346,500.0,43784592.0,27785702.0,8350.0,21892296.0,CFS
KOSDAQ,061970,LB세미콘,반도체 제조업,"골드범핑, 솔더범핑 등",12월,2023Q3,2023,3,104583204.0,-4659638.0,-5983579.0,8598987.0,792760980.0,209560608.0,422161046.0,251171443.0,370599934.0,173806515.0,81540189.0,9413717.0,271464.0,172271.0,0.6346,500.0,43784592.0,27785702.0,6200.0,21892296.0,CFS
KOSDAQ,061970,LB세미콘,반도체 제조업,"골드범핑, 솔더범핑 등",12월,2023Q4,2023,4,114257031.0,-3245116.0,-3331614.0,12715155.0,791197661.0,225115638.0,425050150.0,268262635.0,366147511.0,170819719.0,116028026.0,32288024.0,338455.0,216171.0,0.6387,500.0,43784592.0,27965219.0,7730.0,21892296.0,CFS
KOSDAQ,061970,LB세미콘,반도체 제조업,"골드범핑, 솔더범핑 등",12월,2024Q1,2024,1,102823545.0,-7476350.0,-2926401.0,9025123.0,785121426.0,176236771.0,421512426.0,247664268.0,363609000.0,169199378.0,52371629.0,-1154077.0,362099.0,231273.0,0.6387,500.0,43784592.0,27965219.0,8270.0,21892296.0,CFS
KOSDAQ,061970,LB세미콘,반도체 제조업,"골드범핑, 솔더범핑 등",12월,2024Q2,2024,2,123226506.0,1257478.0,-1063884.0,9168943.0,800096168.0,187757938.0,434379580.0,262639248.0,365716588.0,167706044.0,38017780.0,6560223.0,270589.0,172825.0,0.6387,500.0,43784592.0,27965219.0,6180.0,21892296.0,CFS
KOSDAQ,061970,LB세미콘,반도체 제조업,"골드범핑, 솔더범핑 등",12월,2024Q3,2024,3,119363532.0,-2159722.0,-6731268.0,9589315.0,771392158.0,160749221.0,412436625.0,259708582.0,358955533.0,160877544.0,38972218.0,29515855.0,186960.0,119411.0,0.6387,500.0,43784592.0,27965219.0,4270.0,21892296.0,CFS
KOSDAQ,061970,LB세미콘,반도체 제조업,"골드범핑, 솔더범핑 등",12월,2024Q4,2024,4,105451197.0,-10444828.0,-12297920.0,9262251.0,806049637.0,193261923.0,459813471.0,303283159.0,346236166.0,148226533.0,72221486.0,17115663.0,155873.0,99556.0,0.6387,500.0,43784592.0,27965219.0,3560.0,21892296.0,CFS
KOSDAQ,061970,LB세미콘,반도체 제조업,"골드범핑, 솔더범핑 등",12월,2025Q1,2025,1,116812443.0,-4009668.0,-2822044.0,8914038.0,834945618.0,217163577.0,497806669.0,340877852.0,337138949.0,149884950.0,50335492.0,-7406750.0,187027.0,119454.0,0.6387,500.0,58083006.0,37097616.0,3220.0,29041503.0,CFS
KOSDAQ,061970,LB세미콘,반도체 제조업,"골드범핑, 솔더범핑 등",12월,2025Q2,2025,2,115688096.0,-3306404.0,-10950827.0,8339572.0,762874156.0,167688682.0,436736315.0,321386787.0,326137841.0,139176860.0,11742549.0,-5508114.0,208228.0,146030.0,0.7013,500.0,58083006.0,40733612.0,3585.0,29041503.0,CFS
KOSDAQ,061970,LB세미콘,반도체 제조업,"골드범핑, 솔더범핑 등",12월,2025Q3,2025,3,125550109.0,-6278961.0,-2556801.0,8428441.0,769188538.0,183328987.0,445643283.0,327652741.0,323545255.0,136773361.0,18087362.0,14419044.0,299708.0,210185.0,0.7013,500.0,58083006.0,40733612.0,5160.0,29041503.0,CFS
KOSDAQ,061970,LB세미콘,반도체 제조업,"골드범핑, 솔더범핑 등",12월,2025Q4,2025,4,121731289.0,-26205026.0,-134545857.0,10277396.0,684133639.0,211080236.0,414092818.0,315248940.0,270040821.0,3016061.0,33088638.0,8023917.0,252371.0,183625.0,0.7276,500.0,58083006.0,42261195.0,4345.0,29041503.0,CFS
KOSDAQ,061970,LB세미콘,반도체 제조업,"골드범핑, 솔더범핑 등",12월,2026Q1,2026,1,134251849.0,7643230.0,10417930.0,7205170.0,694032896.0,220892775.0,412654252.0,321307004.0,281378644.0,13111193.0,18518608.0,-1046893.0,230590.0,167777.0,0.7276,500.0,58083006.0,42261195.0,3970.0,29041503.0,CFS
KOSDAQ,064290,인텍플러스,특수 목적용 기계 제조업,"LED 외관검사장비, 반도체 외관검사장비, 태양전지 외관검사장비등",12월,2020Q1,2020,1,12901171.0,1304326.0,1484295.0,4380169.0,43156164.0,29937618.0,19868571.0,16715528.0,23287593.0,-1994636.0,6765064.0,-946406.0,79909.0,63080.0,0.7894,500.0,12524962.0,9887205.0,6380.0,6262481.0,CFS
KOSDAQ,064290,인텍플러스,특수 목적용 기계 제조업,"LED 외관검사장비, 반도체 외관검사장비, 태양전지 외관검사장비등",12월,2020Q2,2020,2,11054722.0,1285868.0,1569827.0,4114906.0,46310345.0,32242366.0,20860033.0,19295400.0,25450312.0,-364635.0,7206389.0,-1511042.0,152792.0,123120.0,0.8058,500.0,12575462.0,10133307.0,12150.0,6287731.0,CFS
KOSDAQ,064290,인텍플러스,특수 목적용 기계 제조업,"LED 외관검사장비, 반도체 외관검사장비, 태양전지 외관검사장비등",12월,2020Q3,2020,3,13527260.0,2487314.0,2215328.0,4211112.0,49120040.0,34771968.0,21725625.0,19884735.0,27394415.0,1764720.0,8346456.0,2253297.0,175944.0,141776.0,0.8058,500.0,12612462.0,10163122.0,13950.0,6306231.0,CFS
KOSDAQ,064290,인텍플러스,특수 목적용 기계 제조업,"LED 외관검사장비, 반도체 외관검사장비, 태양전지 외관검사장비등",12월,2020Q4,2020,4,18776420.0,1940944.0,3954735.0,5871845.0,52622823.0,35790486.0,21951702.0,19127347.0,30671121.0,4909244.0,6653686.0,-854462.0,198016.0,159680.0,0.8064,500.0,12612462.0,10170689.0,15700.0,6306231.0,CFS
KOSDAQ,064290,인텍플러스,특수 목적용 기계 제조업,"LED 외관검사장비, 반도체 외관검사장비, 태양전지 외관검사장비등",12월,2021Q1,2021,1,17310973.0,2452263.0,2525429.0,5754167.0,66438843.0,49548938.0,34391059.0,29009750.0,32047784.0,6168114.0,4269341.0,-5587506.0,298915.0,241045.0,0.8064,500.0,12612462.0,10170689.0,23700.0,6306231.0,CFS
KOSDAQ,064290,인텍플러스,특수 목적용 기계 제조업,"LED 외관검사장비, 반도체 외관검사장비, 태양전지 외관검사장비등",12월,2021Q2,2021,2,30690115.0,6890524.0,5094901.0,6482687.0,69464662.0,54231115.0,31905970.0,26978652.0,37558693.0,11240721.0,3755397.0,-3710082.0,280570.0,226588.0,0.8076,500.0,12695462.0,10252855.0,22100.0,6347731.0,CFS
KOSDAQ,064290,인텍플러스,특수 목적용 기계 제조업,"LED 외관검사장비, 반도체 외관검사장비, 태양전지 외관검사장비등",12월,2021Q3,2021,3,38198397.0,13747417.0,11197547.0,6427499.0,96911713.0,80446287.0,48038361.0,42608007.0,48873352.0,22403448.0,8801213.0,2347876.0,274857.0,221975.0,0.8076,500.0,12695462.0,10252855.0,21650.0,6347731.0,CFS
KOSDAQ,064290,인텍플러스,특수 목적용 기계 제조업,"LED 외관검사장비, 반도체 외관검사장비, 태양전지 외관검사장비등",12월,2021Q4,2021,4,33461621.0,4441140.0,3824911.0,8380008.0,107364092.0,89569227.0,56553680.0,51959421.0,50810412.0,26075965.0,14215769.0,6116501.0,412049.0,330257.0,0.8015,500.0,12697962.0,10177417.0,32450.0,6348981.0,CFS
KOSDAQ,064290,인텍플러스,특수 목적용 기계 제조업,"LED 외관검사장비, 반도체 외관검사장비, 태양전지 외관검사장비등",12월,2022Q1,2022,1,31623251.0,5828615.0,4928357.0,8820231.0,108933109.0,88509591.0,55603735.0,50491474.0,53329373.0,28533663.0,15779745.0,3924373.0,339697.0,272267.0,0.8015,500.0,12698962.0,10178218.0,26750.0,6349481.0,CFS
KOSDAQ,064290,인텍플러스,특수 목적용 기계 제조업,"LED 외관검사장비, 반도체 외관검사장비, 태양전지 외관검사장비등",12월,2022Q2,2022,2,30972653.0,6719648.0,6119460.0,7269340.0,116502347.0,93625706.0,56696158.0,51538822.0,59806190.0,34637511.0,11249651.0,-3412482.0,257296.0,206248.0,0.8016,500.0,12705962.0,10185099.0,20250.0,6352981.0,CFS
KOSDAQ,064290,인텍플러스,특수 목적용 기계 제조업,"LED 외관검사장비, 반도체 외관검사장비, 태양전지 외관검사장비등",12월,2022Q3,2022,3,27463142.0,3722156.0,4379103.0,7205194.0,118041444.0,93799999.0,53425025.0,48209380.0,64616419.0,38998419.0,16041046.0,1032146.0,175515.0,140693.0,0.8016,500.0,12718462.0,10195119.0,13800.0,6359231.0,CFS
KOSDAQ,064290,인텍플러스,특수 목적용 기계 제조업,"LED 외관검사장비, 반도체 외관검사장비, 태양전지 외관검사장비등",12월,2022Q4,2022,4,28777680.0,3092868.0,908117.0,8975619.0,116215727.0,87305013.0,49031052.0,48653048.0,67184675.0,41004969.0,9994374.0,5341671.0,175394.0,140736.0,0.8024,500.0,12755962.0,10235384.0,13750.0,6378481.0,CFS
KOSDAQ,064290,인텍플러스,특수 목적용 기계 제조업,"LED 외관검사장비, 반도체 외관검사장비, 태양전지 외관검사장비등",12월,2023Q1,2023,1,10706170.0,-4381064.0,-4039688.0,7855373.0,114203809.0,84338619.0,53338115.0,52965425.0,60865694.0,34488645.0,10891127.0,6294864.0,267279.0,214465.0,0.8024,500.0,12757962.0,10236989.0,20950.0,6378981.0,CFS
KOSDAQ,064290,인텍플러스,특수 목적용 기계 제조업,"LED 외관검사장비, 반도체 외관검사장비, 태양전지 외관검사장비등",12월,2023Q2,2023,2,20137421.0,-4515864.0,-4064599.0,10210217.0,115604376.0,84865420.0,58354799.0,57869160.0,57249577.0,30408828.0,12040812.0,6908759.0,389789.0,312884.0,0.8027,500.0,12779962.0,10258475.0,30500.0,6389981.0,CFS
KOSDAQ,064290,인텍플러스,특수 목적용 기계 제조업,"LED 외관검사장비, 반도체 외관검사장비, 태양전지 외관검사장비등",12월,2023Q3,2023,3,17284061.0,-2668682.0,-2109566.0,8074450.0,113184263.0,82720227.0,57711494.0,57279396.0,55472769.0,28268034.0,6886044.0,-9461637.0,405796.0,325732.0,0.8027,500.0,12780962.0,10259278.0,31750.0,6392981.0,CFS
KOSDAQ,064290,인텍플러스,특수 목적용 기계 제조업,"LED 외관검사장비, 반도체 외관검사장비, 태양전지 외관검사장비등",12월,2023Q4,2023,4,26674594.0,473874.0,-577402.0,7761603.0,131883508.0,99219137.0,76010928.0,54342998.0,55872580.0,27995270.0,26511645.0,-2011647.0,388288.0,313543.0,0.8075,500.0,12835962.0,10365039.0,30250.0,6417981.0,CFS
KOSDAQ,064290,인텍플러스,특수 목적용 기계 제조업,"LED 외관검사장비, 반도체 외관검사장비, 태양전지 외관검사장비등",12월,2024Q1,2024,1,18898067.0,-2481245.0,-2218570.0,9288079.0,130925469.0,97718835.0,76768894.0,54804145.0,54156575.0,25747453.0,8249603.0,-9616468.0,483991.0,390823.0,0.8075,500.0,12837962.0,10366654.0,37700.0,6418981.0,CFS
KOSDAQ,064290,인텍플러스,특수 목적용 기계 제조업,"LED 외관검사장비, 반도체 외관검사장비, 태양전지 외관검사장비등",12월,2024Q2,2024,2,22900562.0,-5139171.0,-4229892.0,9981080.0,133060987.0,100648076.0,82132022.0,81879975.0,50928965.0,21497512.0,19440187.0,11418211.0,356975.0,288400.0,0.8079,500.0,12863962.0,10392795.0,27750.0,6431981.0,CFS
KOSDAQ,064290,인텍플러스,특수 목적용 기계 제조업,"LED 외관검사장비, 반도체 외관검사장비, 태양전지 외관검사장비등",12월,2024Q3,2024,3,17575916.0,-1810152.0,-3200736.0,7800063.0,134256753.0,101672307.0,85977975.0,85672837.0,48278777.0,18256401.0,22980148.0,-1282123.0,181511.0,146643.0,0.8079,500.0,12863962.0,10392795.0,14110.0,6431981.0,CFS
KOSDAQ,064290,인텍플러스,특수 목적용 기계 제조업,"LED 외관검사장비, 반도체 외관검사장비, 태양전지 외관검사장비등",12월,2024Q4,2024,4,24498875.0,-6156776.0,-2219462.0,12968831.0,124069358.0,87523094.0,78563621.0,78273234.0,45505737.0,15430397.0,15504568.0,-7822675.0,129026.0,104240.0,0.8079,500.0,12863962.0,10392795.0,10030.0,6431981.0,CFS
KOSDAQ,064290,인텍플러스,특수 목적용 기계 제조업,"LED 외관검사장비, 반도체 외관검사장비, 태양전지 외관검사장비등",12월,2025Q1,2025,1,14407119.0,-4476332.0,-5004470.0,9142691.0,130128200.0,95077933.0,89500255.0,81114736.0,40627945.0,10376350.0,22588418.0,-706395.0,114489.0,92496.0,0.8079,500.0,12863962.0,10392795.0,8900.0,6431981.0,CFS
KOSDAQ,064290,인텍플러스,특수 목적용 기계 제조업,"LED 외관검사장비, 반도체 외관검사장비, 태양전지 외관검사장비등",12월,2025Q2,2025,2,25149575.0,1575597.0,1047493.0,7569950.0,125111521.0,89093570.0,83819295.0,75545396.0,41292226.0,12915360.0,20852746.0,6012852.0,114489.0,90801.0,0.7931,500.0,12863962.0,10202408.0,8900.0,6431981.0,CFS
KOSDAQ,064290,인텍플러스,특수 목적용 기계 제조업,"LED 외관검사장비, 반도체 외관검사장비, 태양전지 외관검사장비등",12월,2025Q3,2025,3,9925509.0,-4916420.0,-4978764.0,8253812.0,121958588.0,86603259.0,85447519.0,77046849.0,36511069.0,7897341.0,20746038.0,-2255440.0,241585.0,191601.0,0.7931,500.0,12863962.0,10202408.0,18780.0,6431981.0,CFS
KOSDAQ,064290,인텍플러스,특수 목적용 기계 제조업,"LED 외관검사장비, 반도체 외관검사장비, 태양전지 외관검사장비등",12월,2025Q4,2025,4,40282890.0,4082526.0,5616828.0,8480358.0,118814867.0,81121117.0,72861564.0,65271045.0,45953303.0,13805751.0,24023988.0,2691398.0,166974.0,141477.0,0.8473,500.0,12863962.0,10899635.0,12980.0,6431981.0,CFS
KOSDAQ,064290,인텍플러스,특수 목적용 기계 제조업,"LED 외관검사장비, 반도체 외관검사장비, 태양전지 외관검사장비등",12월,2026Q1,2026,1,12805345.0,-1907566.0,-1447303.0,7909972.0,112874369.0,75151376.0,68142377.0,60260874.0,44731992.0,12316820.0,8340483.0,1578264.0,216243.0,183223.0,0.8473,500.0,12863962.0,10899635.0,16810.0,6431981.0,CFS
KOSDAQ,067310,하나마이크론,반도체 제조업,"반도체패키징,IOT",12월,2020Q1,2020,1,120875707.0,6269425.0,-7097701.0,9986941.0,760419258.0,183022201.0,531654806.0,307131029.0,228764452.0,-11756484.0,23939803.0,10019468.0,119273.0,83360.0,0.6989,500.0,29305297.0,20481472.0,4070.0,14652648.0,CFS
KOSDAQ,067310,하나마이크론,반도체 제조업,"반도체패키징,IOT",12월,2020Q2,2020,2,122855381.0,9406356.0,12259896.0,10932087.0,759718859.0,197900817.0,524900708.0,312588506.0,234818151.0,-4607714.0,43401467.0,6413129.0,140003.0,101530.0,0.7252,500.0,30369511.0,22023969.0,4610.0,15184756.0,CFS
KOSDAQ,067310,하나마이크론,반도체 제조업,"반도체패키징,IOT",12월,2020Q3,2020,3,146113841.0,10779638.0,2798596.0,10951121.0,795064639.0,238063883.0,559145715.0,330189951.0,235918925.0,-6228688.0,50950904.0,26112673.0,265308.0,192401.0,0.7252,500.0,30495161.0,22115091.0,8700.0,15309826.0,CFS
KOSDAQ,067310,하나마이크론,반도체 제조업,"반도체패키징,IOT",12월,2020Q4,2020,4,149615264.0,24556231.0,-4328102.0,10963655.0,764827234.0,219791126.0,518088138.0,300775157.0,246739096.0,-21249156.0,53779287.0,40239017.0,347923.0,253601.0,0.7289,500.0,30654023.0,22343717.0,11350.0,15332712.0,CFS
KOSDAQ,067310,하나마이크론,반도체 제조업,"반도체패키징,IOT",12월,2021Q1,2021,1,143468623.0,20217682.0,8391712.0,10762195.0,798852761.0,257264396.0,508529253.0,293040128.0,290323508.0,-19890750.0,91907227.0,33219994.0,374347.0,272862.0,0.7289,500.0,31859299.0,23222243.0,11750.0,15965940.0,CFS
KOSDAQ,067310,하나마이크론,반도체 제조업,"반도체패키징,IOT",12월,2021Q2,2021,2,154138659.0,22620648.0,24891974.0,12045879.0,841587463.0,295811246.0,550162720.0,305520780.0,291424742.0,-15822406.0,117244041.0,35534875.0,507765.0,365743.0,0.7203,500.0,31934879.0,23002693.0,15900.0,15967440.0,CFS
KOSDAQ,067310,하나마이크론,반도체 제조업,"반도체패키징,IOT",12월,2021Q3,2021,3,176125447.0,28626996.0,17268987.0,12208292.0,853590322.0,300504133.0,549091662.0,304313240.0,304498661.0,-8248373.0,110347576.0,17106827.0,528522.0,380694.0,0.7203,500.0,31934879.0,23002693.0,16550.0,15967440.0,CFS
KOSDAQ,067310,하나마이크론,반도체 제조업,"반도체패키징,IOT",12월,2021Q4,2021,4,195779234.0,33255019.0,13716285.0,14832390.0,1030393395.0,330074313.0,598562441.0,339179846.0,431830954.0,2234540.0,123077706.0,63364364.0,810678.0,584337.0,0.7208,500.0,39934879.0,28785061.0,20300.0,23960927.0,CFS
KOSDAQ,067310,하나마이크론,반도체 제조업,"반도체패키징,IOT",12월,2022Q1,2022,1,215660307.0,33864568.0,33349986.0,15876433.0,1136436929.0,358260498.0,669643703.0,428207247.0,466793225.0,70580261.0,84154687.0,13415306.0,891346.0,642482.0,0.7208,500.0,47921854.0,34542072.0,18600.0,23960927.0,CFS
KOSDAQ,067310,하나마이크론,반도체 제조업,"반도체패키징,IOT",12월,2022Q2,2022,2,242225704.0,36025175.0,18264561.0,17445744.0,1208934137.0,381907392.0,719258783.0,448706292.0,489675354.0,78110276.0,90802374.0,29512389.0,620588.0,447320.0,0.7208,500.0,47921854.0,34542072.0,12950.0,23960927.0,CFS
KOSDAQ,067310,하나마이크론,반도체 제조업,"반도체패키징,IOT",12월,2022Q3,2022,3,219807037.0,25497933.0,21850519.0,14079921.0,1354097490.0,407099797.0,833478804.0,508887419.0,520618686.0,86749567.0,94385590.0,26571060.0,439923.0,317096.0,0.7208,500.0,47921854.0,34542072.0,9180.0,23960927.0,CFS
KOSDAQ,067310,하나마이크론,반도체 제조업,"반도체패키징,IOT",12월,2022Q4,2022,4,216702845.0,8160596.0,-15234494.0,18976283.0,1409048795.0,383477864.0,920833275.0,442084131.0,488215520.0,76891012.0,100683159.0,60456381.0,445194.0,320940.0,0.7209,500.0,47921854.0,34546865.0,9290.0,23960927.0,CFS
KOSDAQ,067310,하나마이크론,반도체 제조업,"반도체패키징,IOT",12월,2023Q1,2023,1,237890460.0,16782689.0,13869142.0,17597509.0,1544844504.0,381748240.0,985895630.0,489849784.0,558948873.0,79173031.0,99120666.0,1285038.0,781126.0,563114.0,0.7209,500.0,47921854.0,34546865.0,16300.0,23960927.0,CFS
KOSDAQ,067310,하나마이크론,반도체 제조업,"반도체패키징,IOT",12월,2023Q2,2023,2,249241716.0,18467716.0,19061508.0,16147014.0,1631570438.0,376534640.0,1049311153.0,577550905.0,582259285.0,90803660.0,99696931.0,67277298.0,1047093.0,754849.0,0.7209,500.0,47921854.0,34546865.0,21850.0,23960927.0,CFS
KOSDAQ,067310,하나마이크론,반도체 제조업,"반도체패키징,IOT",12월,2023Q3,2023,3,239389902.0,15843164.0,670472.0,17027738.0,1781605122.0,463515187.0,1200270699.0,610947500.0,581334423.0,86921780.0,158079388.0,-3815214.0,1202839.0,867127.0,0.7209,500.0,47921854.0,34546865.0,25100.0,23960927.0,CFS
KOSDAQ,067310,하나마이크론,반도체 제조업,"반도체패키징,IOT",12월,2023Q4,2023,4,241449407.0,6811107.0,-32638027.0,15167724.0,1725090132.0,431596264.0,1180702762.0,644682194.0,544387369.0,60218387.0,106682628.0,18367972.0,1398613.0,1007001.0,0.72,500.0,47979854.0,34545495.0,29150.0,23989927.0,CFS
KOSDAQ,067310,하나마이크론,반도체 제조업,"반도체패키징,IOT",12월,2024Q1,2024,1,268960709.0,10826212.0,-16855504.0,17766306.0,1804909572.0,509804209.0,1276087403.0,705295703.0,528822170.0,40055901.0,104456333.0,1323214.0,1493710.0,1075471.0,0.72,500.0,52136475.0,37538262.0,28650.0,26068238.0,CFS
KOSDAQ,067310,하나마이크론,반도체 제조업,"반도체패키징,IOT",12월,2024Q2,2024,2,285938045.0,18618287.0,-9252203.0,19626087.0,1790957047.0,506214727.0,1271871914.0,709595098.0,519085133.0,28286713.0,70909409.0,-2677476.0,1069474.0,777721.0,0.7272,500.0,52169475.0,37937642.0,20500.0,26084738.0,CFS
KOSDAQ,067310,하나마이크론,반도체 제조업,"반도체패키징,IOT",12월,2024Q3,2024,3,312110685.0,17466999.0,3192664.0,20160038.0,1880840398.0,568774979.0,1297098420.0,629505966.0,583741978.0,27825898.0,134846282.0,32835961.0,771845.0,561286.0,0.7272,500.0,65744896.0,47809688.0,11740.0,32872448.0,CFS
KOSDAQ,067310,하나마이크론,반도체 제조업,"반도체패키징,IOT",12월,2024Q4,2024,4,383683136.0,59881381.0,11757753.0,,1944648853.0,615552798.0,1338819768.0,620248022.0,605829084.0,32042844.0,155039335.0,9489331.0,612353.0,450324.0,0.7354,500.0,66271949.0,48736391.0,9240.0,33135974.0,CFS
KOSDAQ,067310,하나마이크론,반도체 제조업,"반도체패키징,IOT",12월,2025Q1,2025,1,311772740.0,11740572.0,574196.0,21814268.0,1965629935.0,640851321.0,1368855666.0,668031792.0,596774269.0,44331256.0,184908688.0,42018236.0,775382.0,570216.0,0.7354,500.0,66271949.0,48736391.0,11700.0,33135974.0,CFS
KOSDAQ,067310,하나마이크론,반도체 제조업,"반도체패키징,IOT",12월,2025Q2,2025,2,340178667.0,30213757.0,7089201.0,21024112.0,1910040369.0,630190187.0,1325667197.0,668539394.0,584373173.0,47497621.0,106415542.0,90461644.0,791950.0,583192.0,0.7364,500.0,66271949.0,48802663.0,11950.0,33135974.0,CFS
KOSDAQ,067310,하나마이크론,반도체 제조업,"반도체패키징,IOT",12월,2025Q3,2025,3,432396038.0,38389843.0,21788773.0,21160562.0,2033460787.0,728413432.0,1419996719.0,858089045.0,613464067.0,63318788.0,119222871.0,-24090826.0,1467924.0,1080979.0,0.7364,500.0,66271949.0,48802663.0,22150.0,33135974.0,CFS
KOSDAQ,067310,하나마이크론,반도체 제조업,"반도체패키징,IOT",12월,2025Q4,2025,4,450071429.0,47345157.0,36126349.0,20604615.0,2017838854.0,700533709.0,1365163251.0,827150434.0,652675603.0,86172611.0,95587857.0,66529841.0,1709237.0,1259708.0,0.737,500.0,66378151.0,48920697.0,25750.0,33189076.0,CFS
KOSDAQ,067310,하나마이크론,반도체 제조업,"반도체패키징,IOT",12월,2026Q1,2026,1,507676214.0,72040746.0,72812951.0,29206631.0,2164787254.0,814277915.0,1432096974.0,951202157.0,732690281.0,172887626.0,156185237.0,99283348.0,1846852.0,1361130.0,0.737,500.0,66433526.0,48961509.0,27800.0,33232113.0,CFS
KOSDAQ,086390,유니테스트,특수 목적용 기계 제조업,"반도체메모리주검사장비생산(메모리컴포넌트테스터,메모리모듈테스트)",12월,2020Q1,2020,1,20423186.0,-5656961.0,-3789615.0,9364990.0,196229230.0,131764900.0,42949250.0,25665305.0,153279980.0,115596596.0,83830939.0,356566.0,245156.0,184504.0,0.7526,500.0,21134126.0,15905543.0,11600.0,10567063.0,CFS
KOSDAQ,086390,유니테스트,특수 목적용 기계 제조업,"반도체메모리주검사장비생산(메모리컴포넌트테스터,메모리모듈테스트)",12월,2020Q2,2020,2,32132675.0,1130099.0,802971.0,7199653.0,188944041.0,123721899.0,34870956.0,17900935.0,154073085.0,116481082.0,79740427.0,2279699.0,257836.0,194460.0,0.7542,500.0,21134126.0,15939358.0,12200.0,10567063.0,CFS
KOSDAQ,086390,유니테스트,특수 목적용 기계 제조업,"반도체메모리주검사장비생산(메모리컴포넌트테스터,메모리모듈테스트)",12월,2020Q3,2020,3,15089371.0,-1123606.0,-1014378.0,8029406.0,193155718.0,125989850.0,40939325.0,23657933.0,152216392.0,115215433.0,72928697.0,-3070111.0,535750.0,404063.0,0.7542,500.0,21134126.0,15939358.0,25350.0,10567063.0,CFS
KOSDAQ,086390,유니테스트,특수 목적용 기계 제조업,"반도체메모리주검사장비생산(메모리컴포넌트테스터,메모리모듈테스트)",12월,2020Q4,2020,4,55827030.0,8329027.0,5229726.0,7328988.0,199001487.0,126148298.0,42748486.0,23278976.0,156253001.0,120797109.0,70895636.0,4291191.0,574848.0,433033.0,0.7533,500.0,21134126.0,15920337.0,27200.0,10567063.0,CFS
KOSDAQ,086390,유니테스트,특수 목적용 기계 제조업,"반도체메모리주검사장비생산(메모리컴포넌트테스터,메모리모듈테스트)",12월,2021Q1,2021,1,27394135.0,-2939105.0,-738976.0,7918029.0,197018852.0,122700110.0,39631241.0,17684456.0,157387611.0,120282070.0,65934802.0,-2574263.0,467064.0,351839.0,0.7533,500.0,21134126.0,15920337.0,22100.0,10567063.0,CFS
KOSDAQ,086390,유니테스트,특수 목적용 기계 제조업,"반도체메모리주검사장비생산(메모리컴포넌트테스터,메모리모듈테스트)",12월,2021Q2,2021,2,27154186.0,-2367851.0,-1479079.0,8540429.0,205250854.0,125601848.0,49147320.0,24572930.0,156103533.0,118834546.0,67108778.0,2223140.0,478688.0,361553.0,0.7553,500.0,21134126.0,15962605.0,22650.0,10567063.0,CFS
KOSDAQ,086390,유니테스트,특수 목적용 기계 제조업,"반도체메모리주검사장비생산(메모리컴포넌트테스터,메모리모듈테스트)",12월,2021Q3,2021,3,34537252.0,-1385511.0,-427712.0,8863486.0,205018915.0,120013154.0,47822388.0,19456290.0,157196527.0,118396685.0,67340147.0,3426885.0,525183.0,396671.0,0.7553,500.0,21134126.0,15962605.0,24850.0,10567063.0,CFS
KOSDAQ,086390,유니테스트,특수 목적용 기계 제조업,"반도체메모리주검사장비생산(메모리컴포넌트테스터,메모리모듈테스트)",12월,2021Q4,2021,4,25492956.0,-2357147.0,-3951948.0,9271699.0,205869436.0,116738814.0,52557615.0,23474039.0,153311821.0,114637851.0,38138559.0,-8890730.0,626627.0,473667.0,0.7559,500.0,21134126.0,15975286.0,29650.0,10567063.0,CFS
KOSDAQ,086390,유니테스트,특수 목적용 기계 제조업,"반도체메모리주검사장비생산(메모리컴포넌트테스터,메모리모듈테스트)",12월,2022Q1,2022,1,17922054.0,-2759582.0,-3003927.0,8880346.0,201860838.0,113189797.0,51496331.0,22143686.0,150364507.0,111809012.0,38510319.0,2109654.0,578018.0,436924.0,0.7559,500.0,21134126.0,15975286.0,27350.0,10567063.0,CFS
KOSDAQ,086390,유니테스트,특수 목적용 기계 제조업,"반도체메모리주검사장비생산(메모리컴포넌트테스터,메모리모듈테스트)",12월,2022Q2,2022,2,18832459.0,-7155386.0,-5334063.0,11989309.0,200960181.0,110922863.0,55483160.0,28429200.0,145477021.0,106582608.0,41059004.0,786328.0,371961.0,0.0,0.0,500.0,21134126.0,0.0,17600.0,10567063.0,CFS
KOSDAQ,086390,유니테스트,특수 목적용 기계 제조업,"반도체메모리주검사장비생산(메모리컴포넌트테스터,메모리모듈테스트)",12월,2022Q3,2022,3,31485169.0,-3529136.0,-2459235.0,10974704.0,194350451.0,104722698.0,50213312.0,22821741.0,144137139.0,104523272.0,26884449.0,-16366206.0,294821.0,0.0,0.0,500.0,21134126.0,0.0,13950.0,10567063.0,CFS
KOSDAQ,086390,유니테스트,특수 목적용 기계 제조업,"반도체메모리주검사장비생산(메모리컴포넌트테스터,메모리모듈테스트)",12월,2022Q4,2022,4,55540284.0,7452012.0,4583414.0,3993355.0,189702479.0,107111005.0,46551588.0,33724407.0,143150891.0,105827512.0,30447883.0,-6376164.0,221908.0,168007.0,0.7571,500.0,21134126.0,16000647.0,10500.0,10567063.0,CFS
KOSDAQ,086390,유니테스트,특수 목적용 기계 제조업,"반도체메모리주검사장비생산(메모리컴포넌트테스터,메모리모듈테스트)",12월,2023Q1,2023,1,36298471.0,-434327.0,-453564.0,8909892.0,223761946.0,141699975.0,81471998.0,68655009.0,142289947.0,104687900.0,58655804.0,29499124.0,297568.0,225289.0,0.7571,500.0,21134126.0,16000647.0,14080.0,10567063.0,CFS
KOSDAQ,086390,유니테스트,특수 목적용 기계 제조업,"반도체메모리주검사장비생산(메모리컴포넌트테스터,메모리모듈테스트)",12월,2023Q2,2023,2,76291487.0,6462854.0,6814224.0,9785474.0,209098714.0,128313304.0,60251545.0,47298156.0,148847169.0,111716163.0,35090952.0,-33655102.0,317012.0,240390.0,0.7583,500.0,21134126.0,16026008.0,15000.0,10567063.0,CFS
KOSDAQ,086390,유니테스트,특수 목적용 기계 제조업,"반도체메모리주검사장비생산(메모리컴포넌트테스터,메모리모듈테스트)",12월,2023Q3,2023,3,37071191.0,6438401.0,6389295.0,8312143.0,210036279.0,130632155.0,54919690.0,42854918.0,155116589.0,118185726.0,23711496.0,13075768.0,252764.0,191671.0,0.7583,500.0,21134126.0,16026008.0,11960.0,10567063.0,CFS
KOSDAQ,086390,유니테스트,특수 목적용 기계 제조업,"반도체메모리주검사장비생산(메모리컴포넌트테스터,메모리모듈테스트)",12월,2023Q4,2023,4,18108161.0,-5324119.0,-6640461.0,8794665.0,197018360.0,118905444.0,48858453.0,36654444.0,148159907.0,111350558.0,46256069.0,9614022.0,282986.0,214786.0,0.759,500.0,21134126.0,16040802.0,13390.0,10567063.0,CFS
KOSDAQ,086390,유니테스트,특수 목적용 기계 제조업,"반도체메모리주검사장비생산(메모리컴포넌트테스터,메모리모듈테스트)",12월,2024Q1,2024,1,9009899.0,-7938510.0,-7430828.0,8486642.0,183899521.0,105127833.0,46062160.0,33861205.0,137837362.0,101247227.0,20460782.0,-5702862.0,352095.0,267240.0,0.759,500.0,21134126.0,16040802.0,16660.0,10567063.0,CFS
KOSDAQ,086390,유니테스트,특수 목적용 기계 제조업,"반도체메모리주검사장비생산(메모리컴포넌트테스터,메모리모듈테스트)",12월,2024Q2,2024,2,20600608.0,-8649068.0,-7544259.0,9791374.0,179550495.0,97962871.0,50019356.0,37726390.0,129531139.0,93004846.0,21491583.0,-4220056.0,308558.0,234442.0,0.7598,500.0,21134126.0,16057709.0,14600.0,10567063.0,CFS
KOSDAQ,086390,유니테스트,특수 목적용 기계 제조업,"반도체메모리주검사장비생산(메모리컴포넌트테스터,메모리모듈테스트)",12월,2024Q3,2024,3,25509835.0,1474405.0,458011.0,8512507.0,182174626.0,101665907.0,52594591.0,40765286.0,129580035.0,93574811.0,23391871.0,62393.0,197815.0,150300.0,0.7598,500.0,21134126.0,16057709.0,9360.0,10567063.0,CFS
KOSDAQ,086390,유니테스트,특수 목적용 기계 제조업,"반도체메모리주검사장비생산(메모리컴포넌트테스터,메모리모듈테스트)",12월,2024Q4,2024,4,37313851.0,-8326004.0,-12753256.0,12444233.0,184970622.0,110768047.0,68014028.0,45424092.0,116956594.0,80774776.0,32502166.0,-10540744.0,185769.0,141389.0,0.7611,500.0,21134126.0,16085183.0,8790.0,10567063.0,CFS
KOSDAQ,086390,유니테스트,특수 목적용 기계 제조업,"반도체메모리주검사장비생산(메모리컴포넌트테스터,메모리모듈테스트)",12월,2025Q1,2025,1,22397115.0,-3988572.0,-4701874.0,9212777.0,199255429.0,125838815.0,87192005.0,59601476.0,112063424.0,76405083.0,23329360.0,-9469721.0,234589.0,178546.0,0.7611,500.0,21134126.0,16085183.0,11100.0,10567063.0,CFS
KOSDAQ,086390,유니테스트,특수 목적용 기계 제조업,"반도체메모리주검사장비생산(메모리컴포넌트테스터,메모리모듈테스트)",12월,2025Q2,2025,2,29198075.0,-4392442.0,-6157564.0,8581563.0,186775031.0,114588860.0,80558647.0,52004383.0,106216384.0,70539182.0,28586256.0,3516781.0,232475.0,177146.0,0.762,500.0,21134126.0,16104204.0,11000.0,10567063.0,CFS
KOSDAQ,086390,유니테스트,특수 목적용 기계 제조업,"반도체메모리주검사장비생산(메모리컴포넌트테스터,메모리모듈테스트)",12월,2025Q3,2025,3,31266450.0,-443239.0,160740.0,8852968.0,185435048.0,114444482.0,79120769.0,48686349.0,106314280.0,71038070.0,18172539.0,-9032138.0,453327.0,345435.0,0.762,500.0,21134126.0,16104204.0,21450.0,10567063.0,CFS
KOSDAQ,086390,유니테스트,특수 목적용 기계 제조업,"반도체메모리주검사장비생산(메모리컴포넌트테스터,메모리모듈테스트)",12월,2025Q4,2025,4,27333385.0,-12264307.0,-11743040.0,9736446.0,171297106.0,100187414.0,77314884.0,64546978.0,93982222.0,59846547.0,20920241.0,-7792724.0,287001.0,219326.0,0.7642,500.0,21134126.0,16150699.0,13580.0,10567063.0,CFS
KOSDAQ,086390,유니테스트,특수 목적용 기계 제조업,"반도체메모리주검사장비생산(메모리컴포넌트테스터,메모리모듈테스트)",12월,2026Q1,2026,1,22398799.0,-2532997.0,-787179.0,9238356.0,183783293.0,112635865.0,90152639.0,77144962.0,93630654.0,59232681.0,15600898.0,6432500.0,333285.0,254696.0,0.7642,500.0,21134126.0,16150699.0,15770.0,10567063.0,CFS
KOSDAQ,089030,테크윙,특수 목적용 기계 제조업,"반도체테스트핸들러,C.O.K(Change Over Kit)",12월,2020Q1,2020,1,53995311.0,9664640.0,2000125.0,10392694.0,398431936.0,189021290.0,212136202.0,137695222.0,186295734.0,123292139.0,18586155.0,1308445.0,211541.0,159206.0,0.7526,500.0,19318786.0,14539318.0,10950.0,9723110.0,CFS
KOSDAQ,089030,테크윙,특수 목적용 기계 제조업,"반도체테스트핸들러,C.O.K(Change Over Kit)",12월,2020Q2,2020,2,59232636.0,12233715.0,10406150.0,10487528.0,410875078.0,201789878.0,214386761.0,132034439.0,196488318.0,133552857.0,36529741.0,12976224.0,340977.0,256619.0,0.7526,500.0,19318786.0,14539318.0,17650.0,9723110.0,CFS
KOSDAQ,089030,테크윙,특수 목적용 기계 제조업,"반도체테스트핸들러,C.O.K(Change Over Kit)",12월,2020Q3,2020,3,65156158.0,12936682.0,12088192.0,11678425.0,417030471.0,201103120.0,209262505.0,156842984.0,207767966.0,144908346.0,24855673.0,711282.0,373819.0,281336.0,0.7526,500.0,19318786.0,14539318.0,19350.0,9723110.0,CFS
KOSDAQ,089030,테크윙,특수 목적용 기계 제조업,"반도체테스트핸들러,C.O.K(Change Over Kit)",12월,2020Q4,2020,4,49769219.0,3075237.0,8433894.0,12954060.0,416008702.0,192299069.0,199693816.0,138631907.0,216314886.0,152985981.0,29730891.0,10103632.0,456889.0,343855.0,0.7526,500.0,19318786.0,14539318.0,23650.0,9723110.0,CFS
KOSDAQ,089030,테크윙,특수 목적용 기계 제조업,"반도체테스트핸들러,C.O.K(Change Over Kit)",12월,2021Q1,2021,1,38865684.0,1957410.0,-2545044.0,10363384.0,416936683.0,186854609.0,207170806.0,145539786.0,209765877.0,146022800.0,24377504.0,8851691.0,404247.0,304236.0,0.7526,500.0,19388368.0,14591686.0,20850.0,9757901.0,CFS
KOSDAQ,089030,테크윙,특수 목적용 기계 제조업,"반도체테스트핸들러,C.O.K(Change Over Kit)",12월,2021Q2,2021,2,82991709.0,15755196.0,12953921.0,11568334.0,489361560.0,217012081.0,266573609.0,178161084.0,222787951.0,158415655.0,18715934.0,-4055643.0,514761.0,432811.0,0.8408,500.0,19388368.0,16301740.0,26550.0,9757901.0,CFS
KOSDAQ,089030,테크윙,특수 목적용 기계 제조업,"반도체테스트핸들러,C.O.K(Change Over Kit)",12월,2021Q3,2021,3,65913158.0,10738335.0,1805232.0,12604984.0,494214684.0,221346667.0,269220399.0,134999717.0,224994284.0,160964646.0,24603574.0,-2907331.0,408125.0,343152.0,0.8408,500.0,19388368.0,16301740.0,21050.0,9757901.0,CFS
KOSDAQ,089030,테크윙,특수 목적용 기계 제조업,"반도체테스트핸들러,C.O.K(Change Over Kit)",12월,2021Q4,2021,4,68144666.0,7768466.0,4896355.0,16255729.0,508771976.0,229483477.0,278333001.0,146870849.0,230438974.0,167037694.0,20266402.0,517981.0,438177.0,368419.0,0.8408,500.0,19388368.0,16301740.0,22600.0,9757901.0,CFS
KOSDAQ,089030,테크윙,특수 목적용 기계 제조업,"반도체테스트핸들러,C.O.K(Change Over Kit)",12월,2022Q1,2022,1,66909760.0,14208745.0,9711842.0,11848720.0,507254964.0,229057948.0,274547301.0,143457021.0,232707663.0,172240847.0,15998954.0,7077915.0,398431.0,335001.0,0.8408,500.0,19388368.0,16301740.0,20550.0,9757901.0,CFS
KOSDAQ,089030,테크윙,특수 목적용 기계 제조업,"반도체테스트핸들러,C.O.K(Change Over Kit)",12월,2022Q2,2022,2,84736643.0,22387726.0,8737939.0,13217681.0,526115452.0,245843941.0,284679146.0,162720556.0,241436306.0,181819912.0,22238635.0,18731436.0,289856.0,240580.0,0.83,500.0,19388368.0,16092345.0,14950.0,9757901.0,CFS
KOSDAQ,089030,테크윙,특수 목적용 기계 제조업,"반도체테스트핸들러,C.O.K(Change Over Kit)",12월,2022Q3,2022,3,64871680.0,13983326.0,-6017907.0,12893236.0,522959814.0,237591671.0,289928097.0,206843392.0,233031717.0,167417555.0,23386605.0,19069315.0,205072.0,170210.0,0.83,500.0,37353645.0,31003525.0,5490.0,18977722.0,CFS
KOSDAQ,089030,테크윙,특수 목적용 기계 제조업,"반도체테스트핸들러,C.O.K(Change Over Kit)",12월,2022Q4,2022,4,50973008.0,7093113.0,20805987.0,13814600.0,488252355.0,181278224.0,242694770.0,176912625.0,245557585.0,187130538.0,23330438.0,23292323.0,210675.0,173491.0,0.8235,500.0,37353645.0,30760727.0,5640.0,18977722.0,CFS
KOSDAQ,089030,테크윙,특수 목적용 기계 제조업,"반도체테스트핸들러,C.O.K(Change Over Kit)",12월,2023Q1,2023,1,28622483.0,391454.0,-7228176.0,11673425.0,479198055.0,180751069.0,260109596.0,180727376.0,219088459.0,175095090.0,31831293.0,-6565857.0,286129.0,235627.0,0.8235,500.0,37353645.0,30760727.0,7660.0,18977722.0,CFS
KOSDAQ,089030,테크윙,특수 목적용 기계 제조업,"반도체테스트핸들러,C.O.K(Change Over Kit)",12월,2023Q2,2023,2,39490614.0,2430951.0,-962415.0,13048805.0,478999319.0,166659805.0,260228673.0,173823312.0,218770646.0,175372906.0,32139923.0,9660936.0,311529.0,256544.0,0.8235,500.0,37353645.0,30760727.0,8340.0,18977722.0,CFS
KOSDAQ,089030,테크윙,특수 목적용 기계 제조업,"반도체테스트핸들러,C.O.K(Change Over Kit)",12월,2023Q3,2023,3,24330700.0,-2689973.0,-11573333.0,11722846.0,484835750.0,153434485.0,277062392.0,140261163.0,207773358.0,164689954.0,21160084.0,-2371927.0,251764.0,207328.0,0.8235,500.0,37353645.0,30760727.0,6740.0,18977722.0,CFS
KOSDAQ,089030,테크윙,특수 목적용 기계 제조업,"반도체테스트핸들러,C.O.K(Change Over Kit)",12월,2023Q4,2023,4,41160463.0,3028055.0,8666592.0,9942478.0,485887421.0,143794835.0,270300485.0,139213885.0,215586935.0,172490180.0,13614104.0,19648366.0,427699.0,352210.0,0.8235,500.0,37353645.0,30760727.0,11450.0,18977722.0,CFS
KOSDAQ,089030,테크윙,특수 목적용 기계 제조업,"반도체테스트핸들러,C.O.K(Change Over Kit)",12월,2024Q1,2024,1,40339439.0,5573117.0,-8215251.0,10467713.0,499714223.0,155733624.0,297429670.0,167038767.0,202284553.0,159147798.0,21054588.0,1182878.0,1292436.0,1064321.0,0.8235,500.0,37353645.0,30760727.0,34600.0,18977722.0,CFS
KOSDAQ,089030,테크윙,특수 목적용 기계 제조업,"반도체테스트핸들러,C.O.K(Change Over Kit)",12월,2024Q2,2024,2,50769762.0,7175304.0,-1424242.0,13010374.0,498871658.0,168836450.0,298167002.0,151387535.0,200704656.0,157849429.0,20082843.0,778163.0,2383163.0,1959198.0,0.8221,500.0,37353645.0,30708432.0,63800.0,18977722.0,CFS
KOSDAQ,089030,테크윙,특수 목적용 기계 제조업,"반도체테스트핸들러,C.O.K(Change Over Kit)",12월,2024Q3,2024,3,46721567.0,6176779.0,14105109.0,12558272.0,502168994.0,163099455.0,287283804.0,200795608.0,214885190.0,172511836.0,22613934.0,14072245.0,1391423.0,1143889.0,0.8221,500.0,37353645.0,30708432.0,37250.0,18977722.0,CFS
KOSDAQ,089030,테크윙,특수 목적용 기계 제조업,"반도체테스트핸들러,C.O.K(Change Over Kit)",12월,2024Q4,2024,4,47676403.0,4485878.0,-26436068.0,12038200.0,506220626.0,156076110.0,317917191.0,218505564.0,188303435.0,146226837.0,25482851.0,16688992.0,1436248.0,1179160.0,0.821,500.0,37353645.0,30667343.0,38450.0,18977722.0,CFS
KOSDAQ,089030,테크윙,특수 목적용 기계 제조업,"반도체테스트핸들러,C.O.K(Change Over Kit)",12월,2025Q1,2025,1,34587215.0,1783377.0,-1587356.0,12861812.0,520661091.0,153663676.0,340007379.0,242180261.0,180653712.0,138881457.0,18494525.0,11817977.0,1172904.0,962954.0,0.821,500.0,37353645.0,30667343.0,31400.0,18977722.0,CFS
KOSDAQ,089030,테크윙,특수 목적용 기계 제조업,"반도체테스트핸들러,C.O.K(Change Over Kit)",12월,2025Q2,2025,2,48893653.0,6361082.0,21722830.0,12467433.0,541601160.0,173129158.0,338538830.0,241212135.0,203062330.0,161090204.0,17314240.0,-13964963.0,1245744.0,894693.0,0.7182,500.0,37353645.0,26827388.0,33350.0,18977722.0,CFS
KOSDAQ,089030,테크윙,특수 목적용 기계 제조업,"반도체테스트핸들러,C.O.K(Change Over Kit)",12월,2025Q3,2025,3,41765844.0,7111095.0,-6686894.0,12248046.0,551448912.0,187259658.0,354475820.0,162019792.0,196973092.0,155462546.0,17007900.0,-16824520.0,2196394.0,1577450.0,0.7182,500.0,37353645.0,26827388.0,58800.0,18977722.0,CFS
KOSDAQ,089030,테크윙,특수 목적용 기계 제조업,"반도체테스트핸들러,C.O.K(Change Over Kit)",12월,2025Q4,2025,4,33881687.0,582019.0,-4452454.0,13780228.0,633699354.0,264156996.0,421579671.0,153794926.0,212119684.0,148761905.0,42167522.0,2882453.0,1697057.0,1227312.0,0.7232,500.0,37053645.0,26797196.0,45800.0,18977722.0,CFS
KOSDAQ,089030,테크윙,특수 목적용 기계 제조업,"반도체테스트핸들러,C.O.K(Change Over Kit)",12월,2026Q1,2026,1,52399688.0,9702116.0,-6098168.0,11834879.0,650635963.0,275550865.0,449159246.0,195918427.0,201476717.0,152919543.0,58176419.0,2716933.0,1678530.0,1213913.0,0.7232,500.0,37053645.0,26797196.0,45300.0,18977722.0,CFS
KOSDAQ,095340,ISC,기계장비 및 관련 물품 도매업,반도체테스트소켓,12월,2020Q1,2020,1,26756102.0,5946951.0,5638266.0,4148486.0,245541139.0,98785692.0,57244070.0,28449616.0,188297069.0,101253916.0,41464321.0,3935905.0,131525.0,76087.0,0.5785,500.0,14142508.0,8181441.0,9300.0,7071254.0,CFS
KOSDAQ,095340,ISC,기계장비 및 관련 물품 도매업,반도체테스트소켓,12월,2020Q2,2020,2,32697002.0,7621130.0,5431379.0,4002604.0,260183298.0,105782255.0,69909949.0,35471759.0,190273349.0,107363943.0,41808103.0,4991336.0,234766.0,135812.0,0.5785,500.0,14142508.0,8181441.0,16600.0,7071254.0,CFS
KOSDAQ,095340,ISC,기계장비 및 관련 물품 도매업,반도체테스트소켓,12월,2020Q3,2020,3,29741975.0,4075829.0,2035133.0,5133544.0,244787670.0,91424177.0,69766054.0,34827501.0,175021616.0,99995525.0,37030338.0,16234189.0,263051.0,152175.0,0.5785,500.0,14142508.0,8181441.0,18600.0,7071254.0,CFS
KOSDAQ,095340,ISC,기계장비 및 관련 물품 도매업,반도체테스트소켓,12월,2020Q4,2020,4,32574379.0,434198.0,-7599496.0,5594017.0,239465749.0,78255891.0,66743884.0,59235251.0,172721865.0,102009545.0,37125953.0,-404648.0,381848.0,220326.0,0.577,500.0,14142508.0,8160227.0,27000.0,7071254.0,CFS
KOSDAQ,095340,ISC,기계장비 및 관련 물품 도매업,반도체테스트소켓,12월,2021Q1,2021,1,36550676.0,6549607.0,5597245.0,4647312.0,244578332.0,83382952.0,49613052.0,42280682.0,194965280.0,105579216.0,37308820.0,4768265.0,352877.0,203610.0,0.577,500.0,16224248.0,9361391.0,21750.0,8112124.0,CFS
KOSDAQ,095340,ISC,기계장비 및 관련 물품 도매업,반도체테스트소켓,12월,2021Q2,2021,2,34385324.0,13370147.0,11792922.0,4811488.0,254848469.0,102808083.0,48468637.0,42253283.0,206379831.0,117152998.0,41215747.0,4998218.0,397415.0,252120.0,0.6344,500.0,16354526.0,10375311.0,24300.0,8177263.0,CFS
KOSDAQ,095340,ISC,기계장비 및 관련 물품 도매업,반도체테스트소켓,12월,2021Q3,2021,3,38786156.0,9168480.0,6781652.0,6497208.0,238622523.0,87735526.0,38745543.0,33013430.0,199876981.0,123717917.0,34705523.0,14176121.0,383833.0,243504.0,0.6344,500.0,16544516.0,10495841.0,23200.0,8272258.0,CFS
KOSDAQ,095340,ISC,기계장비 및 관련 물품 도매업,반도체테스트소켓,12월,2021Q4,2021,4,34947669.0,8429139.0,5912916.0,9342225.0,261724661.0,98338761.0,39149163.0,34848240.0,222575497.0,130580341.0,51108660.0,15311554.0,584849.0,355647.0,0.6081,500.0,16544516.0,10060720.0,35350.0,8272258.0,CFS
KOSDAQ,095340,ISC,기계장비 및 관련 물품 도매업,반도체테스트소켓,12월,2022Q1,2022,1,41719739.0,15888364.0,13761102.0,5850297.0,298039072.0,133803554.0,57777365.0,33377960.0,240261707.0,141320070.0,73810019.0,3698656.0,517634.0,314773.0,0.6081,500.0,17399471.0,10580618.0,29750.0,8699736.0,CFS
KOSDAQ,095340,ISC,기계장비 및 관련 물품 도매업,반도체테스트소켓,12월,2022Q2,2022,2,54713090.0,22643400.0,20994705.0,9110112.0,338602423.0,159284270.0,76409013.0,71468706.0,262193410.0,162050398.0,79103656.0,16220798.0,542863.0,315186.0,0.5806,500.0,17399471.0,10102133.0,31200.0,8699736.0,CFS
KOSDAQ,095340,ISC,기계장비 및 관련 물품 도매업,반도체테스트소켓,12월,2022Q3,2022,3,49027574.0,15829848.0,16671689.0,7675659.0,353619783.0,171187182.0,74770333.0,70456224.0,278849450.0,178831337.0,104767840.0,32689049.0,560263.0,325289.0,0.5806,500.0,17399471.0,10102133.0,32200.0,8699736.0,CFS
KOSDAQ,095340,ISC,기계장비 및 관련 물품 도매업,반도체테스트소켓,12월,2022Q4,2022,4,33410862.0,1519986.0,-7490845.0,5881135.0,358432438.0,161742958.0,90405304.0,81385857.0,268027134.0,170873906.0,53687150.0,12807338.0,545473.0,316702.0,0.5806,500.0,17399471.0,10102133.0,31350.0,8699736.0,CFS
KOSDAQ,095340,ISC,기계장비 및 관련 물품 도매업,반도체테스트소켓,12월,2023Q1,2023,1,46378507.0,9781779.0,11080012.0,9291651.0,358190698.0,159928844.0,89401007.0,80597415.0,268789691.0,171881097.0,43982554.0,-9271325.0,695979.0,404085.0,0.5806,500.0,17399471.0,10102133.0,40000.0,8699736.0,CFS
KOSDAQ,095340,ISC,기계장비 및 관련 물품 도매업,반도체테스트소켓,12월,2023Q2,2023,2,35979811.0,6477532.0,4966875.0,8300141.0,348376243.0,160576551.0,70032175.0,66079434.0,278344068.0,176736807.0,47545998.0,7772466.0,960451.0,557542.0,0.5805,500.0,17399471.0,10100393.0,55200.0,8699736.0,CFS
KOSDAQ,095340,ISC,기계장비 및 관련 물품 도매업,반도체테스트소켓,12월,2023Q3,2023,3,32917976.0,-7987702.0,-4405446.0,20463192.0,347809240.0,167558489.0,75300701.0,65780737.0,272508539.0,171950955.0,61126579.0,15553623.0,1371078.0,795911.0,0.5805,500.0,17399471.0,10100393.0,78800.0,8699736.0,CFS
KOSDAQ,095340,ISC,기계장비 및 관련 물품 도매업,반도체테스트소켓,12월,2023Q4,2023,4,24945647.0,2465097.0,1941806.0,6372812.0,541813160.0,361800587.0,68360512.0,58252322.0,473452648.0,173300468.0,267986764.0,8323860.0,1702124.0,811062.0,0.4765,500.0,21197058.0,10100398.0,80300.0,10598529.0,CFS
KOSDAQ,095340,ISC,기계장비 및 관련 물품 도매업,반도체테스트소켓,12월,2024Q1,2024,1,35072613.0,8557791.0,15802475.0,6375130.0,555039364.0,372250330.0,69876535.0,59505140.0,485162830.0,184963659.0,170697629.0,9588295.0,2077312.0,989839.0,0.4765,500.0,21197058.0,10100398.0,98000.0,10598529.0,CFS
KOSDAQ,095340,ISC,기계장비 및 관련 물품 도매업,반도체테스트소켓,12월,2024Q2,2024,2,49758426.0,14912035.0,16055606.0,7435632.0,572399743.0,390863452.0,71670140.0,64184378.0,500729603.0,199533807.0,29371028.0,-1166626.0,1388407.0,661576.0,0.4765,500.0,21197058.0,10100398.0,65500.0,10598529.0,CFS
KOSDAQ,095340,ISC,기계장비 및 관련 물품 도매업,반도체테스트소켓,12월,2024Q3,2024,3,50392542.0,13814068.0,11179820.0,7387215.0,567858089.0,386273130.0,56487016.0,48578883.0,511371073.0,210365956.0,33609516.0,15645835.0,1227310.0,584813.0,0.4765,500.0,21197058.0,10100398.0,57900.0,10598529.0,CFS
KOSDAQ,095340,ISC,기계장비 및 관련 물품 도매업,반도체테스트소켓,12월,2024Q4,2024,4,39256512.0,7500373.0,11861076.0,8415516.0,582882970.0,405104881.0,59741369.0,52271210.0,523141601.0,222040653.0,39868509.0,26604930.0,1528308.0,728239.0,0.4765,500.0,21197058.0,10100398.0,72100.0,10598529.0,CFS
KOSDAQ,095340,ISC,기계장비 및 관련 물품 도매업,반도체테스트소켓,12월,2025Q1,2025,1,31683387.0,6991603.0,6834427.0,7247626.0,584018163.0,407730195.0,70959077.0,63547912.0,513059086.0,212064924.0,28539087.0,3913793.0,1098008.0,523201.0,0.4765,500.0,21197058.0,10100398.0,51800.0,10598529.0,CFS
KOSDAQ,095340,ISC,기계장비 및 관련 물품 도매업,반도체테스트소켓,12월,2025Q2,2025,2,51659254.0,13712860.0,11548567.0,8835655.0,574834592.0,401213367.0,77868894.0,73600795.0,496965698.0,223118634.0,80168231.0,15218160.0,1267584.0,604004.0,0.4765,500.0,21197058.0,10100398.0,59800.0,10598529.0,CFS
KOSDAQ,095340,ISC,기계장비 및 관련 물품 도매업,반도체테스트소켓,12월,2025Q3,2025,3,64521776.0,17420766.0,16220200.0,10183845.0,592754182.0,422994319.0,78485010.0,76527981.0,514269173.0,239243009.0,51489941.0,2499358.0,1649131.0,785811.0,0.4765,500.0,21197058.0,10100398.0,77800.0,10598529.0,CFS
KOSDAQ,095340,ISC,기계장비 및 관련 물품 도매업,반도체테스트소켓,12월,2025Q4,2025,4,72330336.0,21928658.0,21740078.0,11417802.0,622420257.0,446710162.0,85159587.0,82881899.0,537260669.0,260800559.0,79871448.0,20080710.0,2354993.0,1122154.0,0.4765,500.0,21197058.0,10100398.0,111100.0,10598529.0,CFS
KOSDAQ,095340,ISC,기계장비 및 관련 물품 도매업,반도체테스트소켓,12월,2026Q1,2026,1,68272306.0,23616393.0,20599737.0,11770008.0,631704357.0,457836978.0,88605176.0,86081395.0,543099181.0,263647867.0,84483364.0,6111365.0,4938915.0,2353393.0,0.4765,500.0,21197058.0,10100398.0,233000.0,10598529.0,CFS
KOSDAQ,102710,이엔에프테크놀로지,기타 화학제품 제조업,LCD/반도체용 케미칼,12월,2020Q1,2020,1,120419448.0,18697667.0,13194447.0,11630919.0,399611112.0,159610325.0,117274110.0,87195213.0,282337002.0,253735235.0,33017862.0,21767820.0,320126.0,205713.0,0.6426,500.0,14227836.0,9142807.0,22500.0,7113918.0,CFS
KOSDAQ,102710,이엔에프테크놀로지,기타 화학제품 제조업,LCD/반도체용 케미칼,12월,2020Q2,2020,2,120301512.0,22049624.0,14133631.0,10737600.0,422218013.0,169344516.0,126286775.0,90875427.0,295931237.0,267418057.0,41271251.0,12903429.0,498686.0,320755.0,0.6432,500.0,14227836.0,9151344.0,35050.0,7113918.0,CFS
KOSDAQ,102710,이엔에프테크놀로지,기타 화학제품 제조업,LCD/반도체용 케미칼,12월,2020Q3,2020,3,127836863.0,20010761.0,16024193.0,11672672.0,450435557.0,173271203.0,138067893.0,103871900.0,312367664.0,283046412.0,29040742.0,13446751.0,616651.0,396630.0,0.6432,500.0,14257836.0,9170640.0,43250.0,7128918.0,CFS
KOSDAQ,102710,이엔에프테크놀로지,기타 화학제품 제조업,LCD/반도체용 케미칼,12월,2020Q4,2020,4,118049400.0,7409225.0,4079260.0,15486875.0,463470437.0,169267611.0,148988519.0,118645268.0,314481918.0,286515246.0,47301262.0,25900479.0,679386.0,437525.0,0.644,500.0,14257836.0,9182046.0,47650.0,7128918.0,CFS
KOSDAQ,102710,이엔에프테크놀로지,기타 화학제품 제조업,LCD/반도체용 케미칼,12월,2021Q1,2021,1,115670282.0,4688963.0,5203928.0,13717408.0,474923592.0,168490263.0,154175076.0,122978044.0,320748516.0,289612934.0,28157368.0,-9885668.0,566513.0,364834.0,0.644,500.0,14287836.0,9201366.0,39650.0,7143918.0,CFS
KOSDAQ,102710,이엔에프테크놀로지,기타 화학제품 제조업,LCD/반도체용 케미칼,12월,2021Q2,2021,2,121188113.0,5411897.0,974597.0,13836975.0,503263678.0,188447881.0,181131549.0,119570506.0,322132129.0,290526729.0,50408484.0,15485666.0,508647.0,328383.0,0.6456,500.0,14287836.0,9224227.0,35600.0,7143918.0,CFS
KOSDAQ,102710,이엔에프테크놀로지,기타 화학제품 제조업,LCD/반도체용 케미칼,12월,2021Q3,2021,3,137375333.0,13192386.0,11899347.0,13403770.0,536877003.0,205198070.0,198883721.0,150441617.0,337993282.0,302576034.0,54979286.0,11154814.0,436493.0,281800.0,0.6456,500.0,14287836.0,9224227.0,30550.0,7143918.0,CFS
KOSDAQ,102710,이엔에프테크놀로지,기타 화학제품 제조업,LCD/반도체용 케미칼,12월,2021Q4,2021,4,147561995.0,2711023.0,-41545.0,18424815.0,582802441.0,215618838.0,236554070.0,185960816.0,346248371.0,304267628.0,45250377.0,-2013343.0,489358.0,314902.0,0.6435,500.0,14287836.0,9194222.0,34250.0,7143918.0,CFS
KOSDAQ,102710,이엔에프테크놀로지,기타 화학제품 제조업,LCD/반도체용 케미칼,12월,2022Q1,2022,1,166456873.0,13841970.0,10921602.0,16529339.0,634397146.0,252956783.0,276366915.0,207366340.0,358030231.0,313245771.0,37375293.0,-30430359.0,421491.0,271229.0,0.6435,500.0,14287836.0,9194222.0,29500.0,7143918.0,CFS
KOSDAQ,102710,이엔에프테크놀로지,기타 화학제품 제조업,LCD/반도체용 케미칼,12월,2022Q2,2022,2,175595573.0,21651673.0,17749699.0,17026823.0,657732863.0,272441563.0,279946283.0,217750642.0,377786580.0,331450127.0,61377857.0,37670632.0,414347.0,266632.0,0.6435,500.0,14287836.0,9194222.0,29000.0,7143918.0,CFS
KOSDAQ,102710,이엔에프테크놀로지,기타 화학제품 제조업,LCD/반도체용 케미칼,12월,2022Q3,2022,3,175215596.0,20627299.0,18857283.0,18215867.0,675280348.0,282230240.0,273376065.0,208287345.0,401904283.0,350540473.0,66840563.0,25180221.0,315047.0,202733.0,0.6435,500.0,14287836.0,9194222.0,22050.0,7143918.0,CFS
KOSDAQ,102710,이엔에프테크놀로지,기타 화학제품 제조업,LCD/반도체용 케미칼,12월,2022Q4,2022,4,162938938.0,8524491.0,-2526317.0,19004160.0,662279123.0,259136756.0,270602941.0,187596594.0,391676182.0,350514841.0,59803720.0,28456579.0,288614.0,185752.0,0.6436,500.0,14287836.0,9195651.0,20200.0,7143918.0,CFS
KOSDAQ,102710,이엔에프테크놀로지,기타 화학제품 제조업,LCD/반도체용 케미칼,12월,2023Q1,2023,1,141887712.0,5233820.0,4623175.0,17307342.0,649788587.0,239589432.0,255615084.0,174686365.0,394173504.0,353204175.0,48844655.0,1337066.0,312904.0,201385.0,0.6436,500.0,14287836.0,9195651.0,21900.0,7143918.0,CFS
KOSDAQ,102710,이엔에프테크놀로지,기타 화학제품 제조업,LCD/반도체용 케미칼,12월,2023Q2,2023,2,138410265.0,4509769.0,-3274618.0,16231553.0,663621109.0,236126318.0,271785628.0,192955006.0,391835481.0,350718450.0,44783791.0,3407310.0,381485.0,245524.0,0.6436,500.0,14287836.0,9195651.0,26700.0,7143918.0,CFS
KOSDAQ,102710,이엔에프테크놀로지,기타 화학제품 제조업,LCD/반도체용 케미칼,12월,2023Q3,2023,3,141992611.0,10386646.0,5504090.0,15993215.0,697339532.0,240465523.0,298680509.0,220605631.0,398659023.0,356434774.0,49864933.0,23771817.0,281327.0,181062.0,0.6436,500.0,14287836.0,9195651.0,19690.0,7143918.0,CFS
KOSDAQ,102710,이엔에프테크놀로지,기타 화학제품 제조업,LCD/반도체용 케미칼,12월,2023Q4,2023,4,152471780.0,4570230.0,-30097404.0,17803873.0,658600745.0,221277355.0,292358800.0,221079523.0,366241945.0,329645231.0,46376681.0,23258769.0,352910.0,227133.0,0.6436,500.0,14287836.0,9195651.0,24700.0,7143918.0,CFS
KOSDAQ,102710,이엔에프테크놀로지,기타 화학제품 제조업,LCD/반도체용 케미칼,12월,2024Q1,2024,1,143194750.0,7513918.0,5131792.0,17779949.0,694761160.0,236419212.0,320415368.0,259213005.0,374345792.0,334364368.0,58947653.0,19304223.0,378628.0,243685.0,0.6436,500.0,14287836.0,9195651.0,26500.0,7143918.0,CFS
KOSDAQ,102710,이엔에프테크놀로지,기타 화학제품 제조업,LCD/반도체용 케미칼,12월,2024Q2,2024,2,150903207.0,16588433.0,9958754.0,16868910.0,708764001.0,233179192.0,324156293.0,267586999.0,384607708.0,344273160.0,57104826.0,35870575.0,410061.0,264038.0,0.6439,500.0,14287836.0,9199938.0,28700.0,7143918.0,CFS
KOSDAQ,102710,이엔에프테크놀로지,기타 화학제품 제조업,LCD/반도체용 케미칼,12월,2024Q3,2024,3,166369628.0,19881792.0,11976260.0,17217232.0,697544182.0,224825286.0,299739626.0,252268443.0,397804556.0,356398029.0,50412401.0,18706656.0,320048.0,206079.0,0.6439,500.0,14287836.0,9199938.0,22400.0,7143918.0,CFS
KOSDAQ,102710,이엔에프테크놀로지,기타 화학제품 제조업,LCD/반도체용 케미칼,12월,2024Q4,2024,4,121966130.0,15348286.0,2661878.0,21003027.0,723550621.0,246158715.0,322156442.0,281201183.0,401394179.0,360365338.0,38461691.0,33972500.0,240321.0,154767.0,0.644,500.0,14287836.0,9201366.0,16820.0,7143918.0,CFS
KOSDAQ,102710,이엔에프테크놀로지,기타 화학제품 제조업,LCD/반도체용 케미칼,12월,2025Q1,2025,1,157790503.0,21460067.0,14130558.0,18138384.0,744189043.0,263360016.0,330431158.0,254734798.0,413757885.0,372703348.0,76762004.0,14357294.0,359339.0,231414.0,0.644,500.0,14287836.0,9201366.0,25150.0,7143918.0,CFS
KOSDAQ,102710,이엔에프테크놀로지,기타 화학제품 제조업,LCD/반도체용 케미칼,12월,2025Q2,2025,2,164227404.0,23502017.0,14718916.0,18869624.0,699736223.0,223870523.0,274018898.0,201074611.0,425717325.0,387753922.0,46551775.0,29018592.0,552939.0,356314.0,0.6444,500.0,14287836.0,9207082.0,38700.0,7143918.0,CFS
KOSDAQ,102710,이엔에프테크놀로지,기타 화학제품 제조업,LCD/반도체용 케미칼,12월,2025Q3,2025,3,172096928.0,21995984.0,15613374.0,19808486.0,730118650.0,247585039.0,286906496.0,210182113.0,443212154.0,403650661.0,64335094.0,31462385.0,792975.0,510993.0,0.6444,500.0,14287836.0,9207082.0,55500.0,7143918.0,CFS
KOSDAQ,102710,이엔에프테크놀로지,기타 화학제품 제조업,LCD/반도체용 케미칼,12월,2025Q4,2025,4,176781455.0,11118723.0,5843365.0,23315753.0,749300530.0,262422660.0,299203662.0,222758922.0,450096868.0,409094766.0,78668081.0,28241955.0,671528.0,433337.0,0.6453,500.0,14287836.0,9219941.0,47000.0,7143918.0,CFS
KOSDAQ,102710,이엔에프테크놀로지,기타 화학제품 제조업,LCD/반도체용 케미칼,12월,2026Q1,2026,1,170869057.0,24918179.0,19739929.0,21309105.0,773197418.0,278125044.0,296386379.0,221452778.0,476811039.0,425625484.0,70637792.0,6177939.0,667242.0,430571.0,0.6453,500.0,14287836.0,9219941.0,46700.0,7143918.0,CFS
KOSDAQ,104830,원익머트리얼즈,기초 화학물질 제조업,"저메인가스,디실란,아산화질소,암모니아 등",12월,2020Q1,2020,1,66305370.0,10818762.0,8391782.0,10463375.0,372164025.0,105537106.0,56870954.0,54444172.0,315293071.0,241650701.0,42307065.0,10324218.0,238291.0,129416.0,0.5431,500.0,12608000.0,6847405.0,18900.0,6304000.0,CFS
KOSDAQ,104830,원익머트리얼즈,기초 화학물질 제조업,"저메인가스,디실란,아산화질소,암모니아 등",12월,2020Q2,2020,2,67606520.0,11645569.0,2063575.0,8080987.0,372436826.0,107637725.0,55573984.0,52527615.0,316862842.0,243721277.0,42914252.0,18036124.0,345459.0,187619.0,0.5431,500.0,12608000.0,6847405.0,27400.0,6304000.0,CFS
KOSDAQ,104830,원익머트리얼즈,기초 화학물질 제조업,"저메인가스,디실란,아산화질소,암모니아 등",12월,2020Q3,2020,3,73525015.0,13335097.0,12150779.0,10352991.0,392675365.0,118142467.0,63532456.0,60991431.0,329142909.0,255879039.0,53590264.0,26966316.0,355546.0,193097.0,0.5431,500.0,12608000.0,6847405.0,28200.0,6304000.0,CFS
KOSDAQ,104830,원익머트리얼즈,기초 화학물질 제조업,"저메인가스,디실란,아산화질소,암모니아 등",12월,2020Q4,2020,4,69319221.0,10133023.0,10531482.0,11918861.0,400109186.0,113743386.0,61495881.0,58779180.0,338613305.0,266233104.0,49911739.0,14063426.0,441910.0,240001.0,0.5431,500.0,12608000.0,6847405.0,35050.0,6304000.0,CFS
KOSDAQ,104830,원익머트리얼즈,기초 화학물질 제조업,"저메인가스,디실란,아산화질소,암모니아 등",12월,2021Q1,2021,1,69555032.0,10501719.0,11268223.0,9571321.0,409615684.0,116982665.0,61242861.0,58039823.0,348372822.0,274973447.0,53438426.0,8668767.0,477843.0,259517.0,0.5431,500.0,12608000.0,6847405.0,37900.0,6304000.0,CFS
KOSDAQ,104830,원익머트리얼즈,기초 화학물질 제조업,"저메인가스,디실란,아산화질소,암모니아 등",12월,2021Q2,2021,2,72445703.0,12201465.0,22260108.0,10140567.0,430707440.0,122896569.0,59862458.0,56271285.0,370844982.0,297149330.0,56656093.0,17559124.0,445062.0,241713.0,0.5431,500.0,12608000.0,6847405.0,35300.0,6304000.0,CFS
KOSDAQ,104830,원익머트리얼즈,기초 화학물질 제조업,"저메인가스,디실란,아산화질소,암모니아 등",12월,2021Q3,2021,3,79266241.0,14257719.0,13155211.0,11293229.0,453402102.0,136919672.0,68241944.0,63945417.0,385160158.0,310254518.0,52706895.0,15278805.0,411021.0,223226.0,0.5431,500.0,12608000.0,6847405.0,32600.0,6304000.0,CFS
KOSDAQ,104830,원익머트리얼즈,기초 화학물질 제조업,"저메인가스,디실란,아산화질소,암모니아 등",12월,2021Q4,2021,4,89462326.0,13550502.0,6114139.0,13221307.0,462931344.0,137372514.0,70656710.0,68771025.0,392274633.0,316960521.0,44864402.0,17517360.0,446323.0,242398.0,0.5431,500.0,12608000.0,6847405.0,35400.0,6304000.0,CFS
KOSDAQ,104830,원익머트리얼즈,기초 화학물질 제조업,"저메인가스,디실란,아산화질소,암모니아 등",12월,2022Q1,2022,1,102484862.0,15946703.0,14596639.0,12650208.0,477307207.0,144171752.0,74910710.0,72461005.0,402396497.0,326513961.0,28615729.0,-11821727.0,453258.0,246164.0,0.5431,500.0,12608000.0,6847405.0,35950.0,6304000.0,CFS
KOSDAQ,104830,원익머트리얼즈,기초 화학물질 제조업,"저메인가스,디실란,아산화질소,암모니아 등",12월,2022Q2,2022,2,132275950.0,23003472.0,20324276.0,14732466.0,531942262.0,196168381.0,108799024.0,105803031.0,423143238.0,346838237.0,25722056.0,-26347231.0,407238.0,221171.0,0.5431,500.0,12608000.0,6847405.0,32300.0,6304000.0,CFS
KOSDAQ,104830,원익머트리얼즈,기초 화학물질 제조업,"저메인가스,디실란,아산화질소,암모니아 등",12월,2022Q3,2022,3,153858208.0,25804436.0,21049631.0,21128301.0,588050279.0,249537958.0,142803374.0,138949151.0,445246905.0,367887868.0,21242068.0,-24135881.0,312678.0,169815.0,0.5431,500.0,12608000.0,6847405.0,24800.0,6304000.0,CFS
KOSDAQ,104830,원익머트리얼즈,기초 화학물질 제조업,"저메인가스,디실란,아산화질소,암모니아 등",12월,2022Q4,2022,4,192639005.0,24043295.0,1761287.0,8748270.0,583018187.0,246955279.0,137651227.0,136389984.0,445366959.0,370413439.0,54928453.0,52478087.0,358067.0,194395.0,0.5429,500.0,12608000.0,6844883.0,28400.0,6304000.0,CFS
KOSDAQ,104830,원익머트리얼즈,기초 화학물질 제조업,"저메인가스,디실란,아산화질소,암모니아 등",12월,2023Q1,2023,1,132866102.0,8696291.0,8767792.0,13295420.0,573857395.0,239131083.0,128935104.0,127457664.0,444922291.0,369094830.0,96814737.0,47561471.0,359328.0,195079.0,0.5429,500.0,12608000.0,6844883.0,28500.0,6304000.0,CFS
KOSDAQ,104830,원익머트리얼즈,기초 화학물질 제조업,"저메인가스,디실란,아산화질소,암모니아 등",12월,2023Q2,2023,2,91175439.0,5001976.0,4443612.0,12904599.0,525347649.0,192512338.0,76862536.0,75315879.0,448485113.0,373538442.0,76586428.0,29880577.0,395261.0,214587.0,0.5429,500.0,12608000.0,6844883.0,31350.0,6304000.0,CFS
KOSDAQ,104830,원익머트리얼즈,기초 화학물질 제조업,"저메인가스,디실란,아산화질소,암모니아 등",12월,2023Q3,2023,3,75490026.0,4050654.0,4333720.0,12669193.0,503719688.0,169588851.0,50492610.0,48719592.0,453227078.0,377872162.0,75013448.0,30230325.0,328438.0,178309.0,0.5429,500.0,12608000.0,6844883.0,26050.0,6304000.0,CFS
KOSDAQ,104830,원익머트리얼즈,기초 화학물질 제조업,"저메인가스,디실란,아산화질소,암모니아 등",12월,2023Q4,2023,4,92143018.0,6941052.0,-3700198.0,14312916.0,498231220.0,133049048.0,49969021.0,47541952.0,448262199.0,373396043.0,51396471.0,26211575.0,378870.0,205689.0,0.5429,500.0,12608000.0,6844883.0,30050.0,6304000.0,CFS
KOSDAQ,104830,원익머트리얼즈,기초 화학물질 제조업,"저메인가스,디실란,아산화질소,암모니아 등",12월,2024Q1,2024,1,75298572.0,11353623.0,9213572.0,14996878.0,514932691.0,136775886.0,58576488.0,55961885.0,456356203.0,380718415.0,58709243.0,34003237.0,464605.0,252234.0,0.5429,500.0,12608000.0,6844883.0,36850.0,6304000.0,CFS
KOSDAQ,104830,원익머트리얼즈,기초 화학물질 제조업,"저메인가스,디실란,아산화질소,암모니아 등",12월,2024Q2,2024,2,76483499.0,15945259.0,13901730.0,14057210.0,528888434.0,147737174.0,57648963.0,54899842.0,471239471.0,394620145.0,68400867.0,25021770.0,424259.0,230330.0,0.5429,500.0,12608000.0,6844883.0,33650.0,6304000.0,CFS
KOSDAQ,104830,원익머트리얼즈,기초 화학물질 제조업,"저메인가스,디실란,아산화질소,암모니아 등",12월,2024Q3,2024,3,79336973.0,12025485.0,9131061.0,20132051.0,590498335.0,196456776.0,110900207.0,101582442.0,479598129.0,403751205.0,86391571.0,32128065.0,334742.0,181731.0,0.5429,500.0,12608000.0,6844883.0,26550.0,6304000.0,CFS
KOSDAQ,104830,원익머트리얼즈,기초 화학물질 제조업,"저메인가스,디실란,아산화질소,암모니아 등",12월,2024Q4,2024,4,79596161.0,12595123.0,-439388.0,15495951.0,583295677.0,179352753.0,102129933.0,87800075.0,481165744.0,402530433.0,36988678.0,7795012.0,217362.0,118049.0,0.5431,500.0,12608000.0,6847405.0,17240.0,6304000.0,CFS
KOSDAQ,104830,원익머트리얼즈,기초 화학물질 제조업,"저메인가스,디실란,아산화질소,암모니아 등",12월,2025Q1,2025,1,77995653.0,14763368.0,12140042.0,16675467.0,597160615.0,127737382.0,108187569.0,93686385.0,488973046.0,410257675.0,52764097.0,12138041.0,243334.0,132155.0,0.5431,500.0,12608000.0,6847405.0,19300.0,6304000.0,CFS
KOSDAQ,104830,원익머트리얼즈,기초 화학물질 제조업,"저메인가스,디실란,아산화질소,암모니아 등",12월,2025Q2,2025,2,74996289.0,11310472.0,9942765.0,16845781.0,630473035.0,153203313.0,132818483.0,88220281.0,497654551.0,420200440.0,82237714.0,15500344.0,277376.0,150560.0,0.5428,500.0,12608000.0,6843622.0,22000.0,6304000.0,CFS
KOSDAQ,104830,원익머트리얼즈,기초 화학물질 제조업,"저메인가스,디실란,아산화질소,암모니아 등",12월,2025Q3,2025,3,82832573.0,14153534.0,12534061.0,17656222.0,634789854.0,130296019.0,123995272.0,72567547.0,510794582.0,432734501.0,56431861.0,32384418.0,404717.0,219680.0,0.5428,500.0,12608000.0,6843622.0,32100.0,6304000.0,CFS
KOSDAQ,104830,원익머트리얼즈,기초 화학물질 제조업,"저메인가스,디실란,아산화질소,암모니아 등",12월,2025Q4,2025,4,86642897.0,16270434.0,14084189.0,15403654.0,637777094.0,125379549.0,112293525.0,58056719.0,525483569.0,446933486.0,54195955.0,17692389.0,389587.0,211468.0,0.5428,500.0,12608000.0,6843622.0,30900.0,6304000.0,CFS
KOSDAQ,104830,원익머트리얼즈,기초 화학물질 제조업,"저메인가스,디실란,아산화질소,암모니아 등",12월,2026Q1,2026,1,88180261.0,15700515.0,14442508.0,19085769.0,666026272.0,145977090.0,131410436.0,76252394.0,534615836.0,455071994.0,73065785.0,28619756.0,503690.0,273403.0,0.5428,500.0,12608000.0,6843622.0,39950.0,6304000.0,CFS
KOSDAQ,112290,와이씨켐,기타 화학제품 제조업,반도체 및 디스플레이용 화학소재,12월,2022Q3,2022,3,,,,,117169077.0,53016387.0,49942444.0,36328713.0,67226633.0,17720301.0,2472648.0,,130932.0,,,1000.0,10110545.0,,12950.0,10110545.0,OFS
KOSDAQ,112290,와이씨켐,기타 화학제품 제조업,반도체 및 디스플레이용 화학소재,12월,2022Q4,2022,4,20882775.0,739751.0,319290.0,4301010.0,116088114.0,50572504.0,48541169.0,35566497.0,67546944.0,18039591.0,974684.0,-288750.0,115766.0,69355.0,0.5991,1000.0,10110545.0,6057228.0,11450.0,10110545.0,OFS
KOSDAQ,112290,와이씨켐,기타 화학제품 제조업,반도체 및 디스플레이용 화학소재,12월,2023Q1,2023,1,16410630.0,-277586.0,-494965.0,3779033.0,115500205.0,48764856.0,49456599.0,38114783.0,66043606.0,16533572.0,698050.0,349269.0,155702.0,93281.0,0.5991,1000.0,10110545.0,6057228.0,15400.0,10110545.0,OFS
KOSDAQ,112290,와이씨켐,기타 화학제품 제조업,반도체 및 디스플레이용 화학소재,12월,2023Q2,2023,2,16115275.0,-1027045.0,-630508.0,4187765.0,115871677.0,48891593.0,50455180.0,37268051.0,65416497.0,15903064.0,1004224.0,-1348074.0,138110.0,82742.0,0.5991,1000.0,10110545.0,6057228.0,13660.0,10110545.0,OFS
KOSDAQ,112290,와이씨켐,기타 화학제품 제조업,반도체 및 디스플레이용 화학소재,12월,2023Q3,2023,3,14798691.0,-2348421.0,-2181529.0,4334499.0,116501315.0,47734617.0,53270234.0,39264567.0,63231081.0,13721535.0,2616179.0,-1153037.0,102521.0,61420.0,0.5991,1000.0,10110545.0,6057228.0,10140.0,10110545.0,OFS
KOSDAQ,112290,와이씨켐,기타 화학제품 제조업,반도체 및 디스플레이용 화학소재,12월,2023Q4,2023,4,14947083.0,-4172955.0,-2744968.0,5282324.0,119568598.0,47462577.0,59082674.0,41643398.0,60485923.0,10976567.0,8157786.0,-2279462.0,115462.0,69173.0,0.5991,1000.0,10110545.0,6057228.0,11420.0,10110545.0,OFS
KOSDAQ,112290,와이씨켐,기타 화학제품 제조업,반도체 및 디스플레이용 화학소재,12월,2024Q1,2024,1,15896062.0,-2608994.0,-2860897.0,4564450.0,120313964.0,46543711.0,62687966.0,44369971.0,57625998.0,8115670.0,8075177.0,-2525531.0,188157.0,112725.0,0.5991,1000.0,10110545.0,6057228.0,18610.0,10110545.0,OFS
KOSDAQ,112290,와이씨켐,기타 화학제품 제조업,반도체 및 디스플레이용 화학소재,12월,2024Q2,2024,2,17603825.0,-2094350.0,-1812039.0,4920014.0,125704371.0,48593842.0,69889733.0,49196267.0,55814638.0,6303632.0,5261363.0,-2267540.0,236587.0,141739.0,0.5991,1000.0,10110545.0,6057228.0,23400.0,10110545.0,OFS
KOSDAQ,112290,와이씨켐,기타 화학제품 제조업,반도체 및 디스플레이용 화학소재,12월,2024Q3,2024,3,18507102.0,-1982871.0,-5691324.0,5067305.0,121456601.0,45050458.0,71333081.0,51349816.0,50123520.0,612307.0,5226911.0,227585.0,186135.0,111513.0,0.5991,1000.0,10110545.0,6057228.0,18410.0,10110545.0,OFS
KOSDAQ,112290,와이씨켐,기타 화학제품 제조업,반도체 및 디스플레이용 화학소재,12월,2024Q4,2024,4,18295959.0,-1475955.0,-5624967.0,5100111.0,116280165.0,43548942.0,71779900.0,50569152.0,44500264.0,-5012660.0,3028116.0,-2366749.0,132044.0,79108.0,0.5991,1000.0,10110545.0,6057228.0,13060.0,10110545.0,OFS
KOSDAQ,112290,와이씨켐,기타 화학제품 제조업,반도체 및 디스플레이용 화학소재,12월,2025Q1,2025,1,18937121.0,-1283093.0,-1806411.0,5378758.0,127126286.0,50799998.0,79741121.0,50240239.0,47385165.0,-6819071.0,6655298.0,1396621.0,196448.0,117692.0,0.5991,1000.0,10110545.0,6057228.0,19430.0,10110545.0,OFS
KOSDAQ,112290,와이씨켐,기타 화학제품 제조업,반도체 및 디스플레이용 화학소재,12월,2025Q2,2025,2,18926991.0,-1074882.0,3302318.0,4953821.0,132930071.0,54067275.0,86919197.0,66476782.0,46010874.0,-3516754.0,8522643.0,185100.0,253775.0,152037.0,0.5991,1000.0,10110545.0,6057228.0,25100.0,10110545.0,OFS
KOSDAQ,112290,와이씨켐,기타 화학제품 제조업,반도체 및 디스플레이용 화학소재,12월,2025Q3,2025,3,20977782.0,-568535.0,-1028881.0,5075635.0,135008685.0,52664354.0,90013003.0,68089882.0,44995681.0,-4545635.0,4119847.0,919578.0,211310.0,126596.0,0.5991,1000.0,10110545.0,6057228.0,20900.0,10110545.0,OFS
KOSDAQ,112290,와이씨켐,기타 화학제품 제조업,반도체 및 디스플레이용 화학소재,12월,2025Q4,2025,4,24246663.0,1160978.0,4161465.0,5064984.0,173235678.0,78945964.0,124081716.0,98525249.0,49153962.0,-384170.0,8507382.0,-898629.0,204233.0,122356.0,0.5991,1000.0,10110545.0,6057228.0,20200.0,10110545.0,OFS
KOSDAQ,112290,와이씨켐,기타 화학제품 제조업,반도체 및 디스플레이용 화학소재,12월,2026Q1,2026,1,26028980.0,1596664.0,542328.0,5841352.0,161370795.0,65544856.0,111671578.0,84550068.0,49699217.0,158158.0,2911058.0,-3827969.0,217377.0,130231.0,0.5991,1000.0,10110545.0,6057228.0,21500.0,10110545.0,OFS
KOSDAQ,131290,티에스이,"측정, 시험, 항해, 제어 및 기타 정밀기기 제조업; 광학기기 제외","Probe Card, Test Interface Board, OLED Test Equipment, Test Socket",12월,2020Q1,2020,1,57250673.0,12274282.0,11526960.0,7955399.0,284784848.0,143408351.0,81859674.0,68866941.0,202925174.0,148631435.0,34719301.0,21018125.0,110614.0,40363.0,0.3649,2054.0,11061429.0,4036315.0,10000.0,22719663.0,CFS
KOSDAQ,131290,티에스이,"측정, 시험, 항해, 제어 및 기타 정밀기기 제조업; 광학기기 제외","Probe Card, Test Interface Board, OLED Test Equipment, Test Socket",12월,2020Q2,2020,2,70843015.0,17330533.0,13126959.0,7112214.0,305342393.0,162941097.0,82398371.0,68963146.0,222944022.0,160726734.0,26876819.0,-3894553.0,293128.0,128449.0,0.4382,2054.0,11061429.0,4847118.0,26500.0,22719663.0,CFS
KOSDAQ,131290,티에스이,"측정, 시험, 항해, 제어 및 기타 정밀기기 제조업; 광학기기 제외","Probe Card, Test Interface Board, OLED Test Equipment, Test Socket",12월,2020Q3,2020,3,94975075.0,12419311.0,9539148.0,12194853.0,307260599.0,156665524.0,75183471.0,59722131.0,232077128.0,168677445.0,44792013.0,38851503.0,377195.0,165287.0,0.4382,2054.0,11061429.0,4847118.0,34100.0,22719663.0,CFS
KOSDAQ,131290,티에스이,"측정, 시험, 항해, 제어 및 기타 정밀기기 제조업; 광학기기 제외","Probe Card, Test Interface Board, OLED Test Equipment, Test Socket",12월,2020Q4,2020,4,62439822.0,686167.0,-4768706.0,12206557.0,301073426.0,147353750.0,76155962.0,60377853.0,224917464.0,164992104.0,33605791.0,3983111.0,693552.0,304053.0,0.4384,2054.0,11061429.0,4849330.0,62700.0,22719663.0,CFS
KOSDAQ,131290,티에스이,"측정, 시험, 항해, 제어 및 기타 정밀기기 제조업; 광학기기 제외","Probe Card, Test Interface Board, OLED Test Equipment, Test Socket",12월,2021Q1,2021,1,61542704.0,11854819.0,10899898.0,9994328.0,314800373.0,150329330.0,80896405.0,62891087.0,233903967.0,173043276.0,27121620.0,-6672644.0,602848.0,264289.0,0.4384,2054.0,11061429.0,4849330.0,54500.0,22719663.0,CFS
KOSDAQ,131290,티에스이,"측정, 시험, 항해, 제어 및 기타 정밀기기 제조업; 광학기기 제외","Probe Card, Test Interface Board, OLED Test Equipment, Test Socket",12월,2021Q2,2021,2,85683806.0,20485870.0,16300628.0,9412447.0,337569073.0,164783527.0,87080897.0,61759104.0,250488176.0,189741260.0,45764326.0,25509772.0,648200.0,287671.0,0.4438,2054.0,11061429.0,4909062.0,58600.0,22719663.0,CFS
KOSDAQ,131290,티에스이,"측정, 시험, 항해, 제어 및 기타 정밀기기 제조업; 광학기기 제외","Probe Card, Test Interface Board, OLED Test Equipment, Test Socket",12월,2021Q3,2021,3,73104832.0,10891940.0,11981512.0,8839676.0,349138239.0,177470170.0,86963976.0,63936823.0,262174263.0,201629841.0,25013724.0,16333488.0,746646.0,331361.0,0.4438,2054.0,11061429.0,4909062.0,67500.0,22719663.0,CFS
KOSDAQ,131290,티에스이,"측정, 시험, 항해, 제어 및 기타 정밀기기 제조업; 광학기기 제외","Probe Card, Test Interface Board, OLED Test Equipment, Test Socket",12월,2021Q4,2021,4,87331913.0,11412090.0,4052980.0,14932723.0,371789336.0,192217152.0,101610636.0,75619756.0,270178700.0,207326528.0,29499929.0,11047195.0,815227.0,364896.0,0.4476,2054.0,11061429.0,4951096.0,73700.0,22719663.0,CFS
KOSDAQ,131290,티에스이,"측정, 시험, 항해, 제어 및 기타 정밀기기 제조업; 광학기기 제외","Probe Card, Test Interface Board, OLED Test Equipment, Test Socket",12월,2022Q1,2022,1,80943832.0,22228729.0,19338042.0,9630728.0,387206672.0,202621326.0,103965791.0,77999348.0,283240881.0,219988298.0,20821529.0,3775957.0,725630.0,324792.0,0.4476,2054.0,11061429.0,4951096.0,65600.0,22719663.0,CFS
KOSDAQ,131290,티에스이,"측정, 시험, 항해, 제어 및 기타 정밀기기 제조업; 광학기기 제외","Probe Card, Test Interface Board, OLED Test Equipment, Test Socket",12월,2022Q2,2022,2,87320895.0,22522489.0,22488079.0,10132894.0,419444049.0,229425985.0,96757026.0,70659927.0,322687023.0,240567442.0,32566554.0,10216440.0,673641.0,316140.0,0.4693,2054.0,11061429.0,5191129.0,60900.0,22719663.0,CFS
KOSDAQ,131290,티에스이,"측정, 시험, 항해, 제어 및 기타 정밀기기 제조업; 광학기기 제외","Probe Card, Test Interface Board, OLED Test Equipment, Test Socket",12월,2022Q3,2022,3,89406590.0,8734739.0,14632918.0,12259371.0,437689319.0,244919652.0,88635886.0,62634901.0,349053433.0,253647952.0,41213692.0,18743229.0,446882.0,209722.0,0.4693,2054.0,11061429.0,5191129.0,40400.0,22719663.0,CFS
KOSDAQ,131290,티에스이,"측정, 시험, 항해, 제어 및 기타 정밀기기 제조업; 광학기기 제외","Probe Card, Test Interface Board, OLED Test Equipment, Test Socket",12월,2022Q4,2022,4,81592852.0,3140216.0,-3093849.0,10747637.0,435835839.0,228247078.0,105060114.0,71583965.0,330775725.0,252170092.0,52403112.0,22085024.0,408720.0,192385.0,0.4707,2054.0,11061429.0,5206615.0,36950.0,22719663.0,CFS
KOSDAQ,131290,티에스이,"측정, 시험, 항해, 제어 및 기타 정밀기기 제조업; 광학기기 제외","Probe Card, Test Interface Board, OLED Test Equipment, Test Socket",12월,2023Q1,2023,1,44611608.0,-6556333.0,-4068479.0,9459749.0,426241617.0,206429565.0,111449404.0,75170349.0,314792213.0,243201561.0,29431679.0,-1300480.0,482278.0,227008.0,0.4707,2054.0,11061429.0,5206615.0,43600.0,22719663.0,CFS
KOSDAQ,131290,티에스이,"측정, 시험, 항해, 제어 및 기타 정밀기기 제조업; 광학기기 제외","Probe Card, Test Interface Board, OLED Test Equipment, Test Socket",12월,2023Q2,2023,2,57318323.0,-3506041.0,-3953135.0,9003886.0,413309745.0,183634407.0,102552950.0,61752557.0,310756794.0,239899938.0,23392825.0,-3044014.0,610591.0,277269.0,0.4541,2054.0,11061429.0,5022995.0,55200.0,22719663.0,CFS
KOSDAQ,131290,티에스이,"측정, 시험, 항해, 제어 및 기타 정밀기기 제조업; 광학기기 제외","Probe Card, Test Interface Board, OLED Test Equipment, Test Socket",12월,2023Q3,2023,3,76939713.0,6764183.0,7065480.0,8770481.0,428542715.0,194477740.0,107842991.0,67129147.0,320699724.0,246098290.0,23997053.0,3496754.0,472323.0,214482.0,0.4541,2054.0,11061429.0,5022995.0,42700.0,22719663.0,CFS
KOSDAQ,131290,티에스이,"측정, 시험, 항해, 제어 및 기타 정밀기기 제조업; 광학기기 제외","Probe Card, Test Interface Board, OLED Test Equipment, Test Socket",12월,2023Q4,2023,4,70278046.0,918068.0,-1139014.0,8736079.0,443121341.0,207346004.0,95297803.0,65333454.0,347823538.0,246486219.0,38626017.0,3447718.0,546988.0,248770.0,0.4548,2054.0,11061429.0,5030738.0,49450.0,22719663.0,CFS
KOSDAQ,131290,티에스이,"측정, 시험, 항해, 제어 및 기타 정밀기기 제조업; 광학기기 제외","Probe Card, Test Interface Board, OLED Test Equipment, Test Socket",12월,2024Q1,2024,1,58210846.0,-3066844.0,155231.0,10630672.0,446938678.0,220581787.0,96401238.0,63024370.0,350537440.0,245997857.0,25205802.0,-6466395.0,681384.0,309893.0,0.4548,2054.0,11061429.0,5030738.0,61600.0,22719663.0,CFS
KOSDAQ,131290,티에스이,"측정, 시험, 항해, 제어 및 기타 정밀기기 제조업; 광학기기 제외","Probe Card, Test Interface Board, OLED Test Equipment, Test Socket",12월,2024Q2,2024,2,76048824.0,8705671.0,8586572.0,9644796.0,468629447.0,230426907.0,104919458.0,71268464.0,363709989.0,253979927.0,37573547.0,6457074.0,664792.0,313449.0,0.4715,2054.0,11061429.0,5215464.0,60100.0,22719663.0,CFS
KOSDAQ,131290,티에스이,"측정, 시험, 항해, 제어 및 기타 정밀기기 제조업; 광학기기 제외","Probe Card, Test Interface Board, OLED Test Equipment, Test Socket",12월,2024Q3,2024,3,110675924.0,20588439.0,13505499.0,12470041.0,487725245.0,247960500.0,108965597.0,76211610.0,378759648.0,266840572.0,41136485.0,13457828.0,547541.0,258166.0,0.4715,2054.0,11061429.0,5215464.0,49500.0,22719663.0,CFS
KOSDAQ,131290,티에스이,"측정, 시험, 항해, 제어 및 기타 정밀기기 제조업; 광학기기 제외","Probe Card, Test Interface Board, OLED Test Equipment, Test Socket",12월,2024Q4,2024,4,103117615.0,13671587.0,22784356.0,14360239.0,519408350.0,268896710.0,119709052.0,94754519.0,399699299.0,296315291.0,45021519.0,16287605.0,456284.0,215275.0,0.4718,2054.0,11061429.0,5218782.0,41250.0,22719663.0,CFS
KOSDAQ,131290,티에스이,"측정, 시험, 항해, 제어 및 기타 정밀기기 제조업; 광학기기 제외","Probe Card, Test Interface Board, OLED Test Equipment, Test Socket",12월,2025Q1,2025,1,83031456.0,3117519.0,1791734.0,18793369.0,514933424.0,259580689.0,119512717.0,95505644.0,395420707.0,295103882.0,40582203.0,-12866020.0,529842.0,249979.0,0.4718,2054.0,11061429.0,5218782.0,47900.0,22719663.0,CFS
KOSDAQ,131290,티에스이,"측정, 시험, 항해, 제어 및 기타 정밀기기 제조업; 광학기기 제외","Probe Card, Test Interface Board, OLED Test Equipment, Test Socket",12월,2025Q2,2025,2,117613948.0,14802460.0,4559117.0,15864852.0,512437182.0,251004128.0,112879035.0,85134431.0,399558147.0,299352804.0,46208344.0,6556020.0,436926.0,206011.0,0.4715,2054.0,11061429.0,5215464.0,39500.0,22719663.0,CFS
KOSDAQ,131290,티에스이,"측정, 시험, 항해, 제어 및 기타 정밀기기 제조업; 광학기기 제외","Probe Card, Test Interface Board, OLED Test Equipment, Test Socket",12월,2025Q3,2025,3,104399326.0,11481526.0,11767759.0,18627465.0,539732566.0,264961794.0,127002937.0,99146675.0,412729629.0,310758829.0,62663366.0,32194811.0,589574.0,277984.0,0.4715,2054.0,11061429.0,5215464.0,53300.0,22719663.0,CFS
KOSDAQ,131290,티에스이,"측정, 시험, 항해, 제어 및 기타 정밀기기 제조업; 광학기기 제외","Probe Card, Test Interface Board, OLED Test Equipment, Test Socket",12월,2025Q4,2025,4,123856058.0,19770552.0,21925299.0,17640486.0,608025581.0,310646368.0,143461681.0,112269849.0,464563900.0,330549532.0,75817115.0,22684728.0,637138.0,316212.0,0.4963,2054.0,11061429.0,5489787.0,57600.0,22719663.0,CFS
KOSDAQ,131290,티에스이,"측정, 시험, 항해, 제어 및 기타 정밀기기 제조업; 광학기기 제외","Probe Card, Test Interface Board, OLED Test Equipment, Test Socket",12월,2026Q1,2026,1,150671280.0,41991772.0,40014929.0,15516719.0,677234205.0,373757830.0,160101136.0,127649523.0,517133070.0,362493213.0,58114682.0,-21324495.0,1169193.0,580270.0,0.4963,2054.0,11061429.0,5489787.0,105700.0,22719663.0,CFS
KOSDAQ,166090,하나머티리얼즈,반도체 제조업,"실리콘부품, 세라믹부품, 특수가스",12월,2020Q1,2020,1,44982800.0,10889184.0,8068353.0,4344548.0,295553023.0,56048538.0,148342980.0,66022628.0,147210043.0,107272871.0,11249662.0,11580359.0,271843.0,146387.0,0.5385,500.0,19627674.0,10569502.0,13850.0,9813837.0,OFS
KOSDAQ,166090,하나머티리얼즈,반도체 제조업,"실리콘부품, 세라믹부품, 특수가스",12월,2020Q2,2020,2,52438543.0,13276139.0,9643089.0,5040725.0,320613530.0,76061441.0,163083396.0,78332554.0,157530133.0,116897936.0,30063075.0,19113735.0,405311.0,218057.0,0.538,500.0,19627674.0,10559689.0,20650.0,9813837.0,OFS
KOSDAQ,166090,하나머티리얼즈,반도체 제조업,"실리콘부품, 세라믹부품, 특수가스",12월,2020Q3,2020,3,48891446.0,12455804.0,8770345.0,5799399.0,333927558.0,76892627.0,161417833.0,74461286.0,172509724.0,125697728.0,26174509.0,12986080.0,481859.0,259240.0,0.538,500.0,19627674.0,10559689.0,24550.0,9813837.0,OFS
KOSDAQ,166090,하나머티리얼즈,반도체 제조업,"실리콘부품, 세라믹부품, 특수가스",12월,2020Q4,2020,4,54372664.0,16478263.0,11567981.0,4903556.0,352535899.0,94204785.0,164471663.0,76214256.0,188064236.0,137156648.0,46183201.0,27244416.0,561351.0,302737.0,0.5393,500.0,19627674.0,10585205.0,28600.0,9813837.0,OFS
KOSDAQ,166090,하나머티리얼즈,반도체 제조업,"실리콘부품, 세라믹부품, 특수가스",12월,2021Q1,2021,1,55261300.0,15728386.0,13452094.0,5662055.0,363253270.0,110039507.0,166274332.0,82369625.0,196978938.0,144803496.0,57250735.0,15819388.0,762535.0,411235.0,0.5393,500.0,19627674.0,10585205.0,38850.0,9813837.0,OFS
KOSDAQ,166090,하나머티리얼즈,반도체 제조업,"실리콘부품, 세라믹부품, 특수가스",12월,2021Q2,2021,2,63762710.0,18844245.0,15756493.0,6728976.0,395543125.0,130989800.0,175588932.0,97739904.0,219954193.0,159915031.0,78729725.0,32434852.0,911557.0,489233.0,0.5367,500.0,19730674.0,10589453.0,46200.0,9865337.0,OFS
KOSDAQ,166090,하나머티리얼즈,반도체 제조업,"실리콘부품, 세라믹부품, 특수가스",12월,2021Q3,2021,3,72696921.0,22445583.0,17301764.0,5907557.0,407439871.0,138240221.0,174867777.0,98303569.0,232572094.0,171328682.0,77590095.0,21170667.0,964830.0,517824.0,0.5367,500.0,19730674.0,10589453.0,48900.0,9865337.0,OFS
KOSDAQ,166090,하나머티리얼즈,반도체 제조업,"실리콘부품, 세라믹부품, 특수가스",12월,2021Q4,2021,4,79379634.0,25252081.0,20161505.0,7744791.0,443678514.0,118238952.0,186703044.0,109592096.0,256975470.0,191369160.0,46373996.0,27154935.0,1239526.0,665873.0,0.5372,500.0,19737674.0,10603078.0,62800.0,9868837.0,OFS
KOSDAQ,166090,하나머티리얼즈,반도체 제조업,"실리콘부품, 세라믹부품, 특수가스",12월,2022Q1,2022,1,80376551.0,24418468.0,19784863.0,7077444.0,447188464.0,112824603.0,182222920.0,105688092.0,264965544.0,205182107.0,36026848.0,14345344.0,1100224.0,591040.0,0.5372,500.0,19752674.0,10611136.0,55700.0,9876337.0,OFS
KOSDAQ,166090,하나머티리얼즈,반도체 제조업,"실리콘부품, 세라믹부품, 특수가스",12월,2022Q2,2022,2,80806531.0,24759113.0,19443409.0,7475491.0,467737816.0,151618898.0,192431185.0,120584392.0,275306631.0,225135869.0,50259844.0,25655232.0,946153.0,507611.0,0.5365,500.0,19752674.0,10597310.0,47900.0,9876337.0,OFS
KOSDAQ,166090,하나머티리얼즈,반도체 제조업,"실리콘부품, 세라믹부품, 특수가스",12월,2022Q3,2022,3,70954876.0,21942865.0,19068593.0,5777189.0,484881834.0,172571420.0,211116201.0,140593467.0,273765633.0,238294602.0,58319677.0,14202890.0,567889.0,304672.0,0.5365,500.0,19752674.0,10597310.0,28750.0,9876337.0,OFS
KOSDAQ,166090,하나머티리얼즈,반도체 제조업,"실리콘부품, 세라믹부품, 특수가스",12월,2022Q4,2022,4,75186443.0,22618832.0,21838038.0,6899942.0,479626115.0,147840935.0,182053857.0,103016931.0,297572259.0,261378455.0,30833757.0,28379300.0,645912.0,346532.0,0.5365,500.0,19752674.0,10597310.0,32700.0,9876337.0,OFS
KOSDAQ,166090,하나머티리얼즈,반도체 제조업,"실리콘부품, 세라믹부품, 특수가스",12월,2023Q1,2023,1,68469789.0,15704881.0,13755062.0,6627012.0,561545564.0,162663908.0,229709194.0,135835885.0,331836370.0,269317840.0,46174676.0,5809519.0,835538.0,448266.0,0.5365,500.0,19752674.0,10597310.0,42300.0,9876337.0,CFS
KOSDAQ,166090,하나머티리얼즈,반도체 제조업,"실리콘부품, 세라믹부품, 특수가스",12월,2023Q2,2023,2,65178166.0,12909990.0,10521056.0,6105246.0,612321407.0,151725596.0,249638389.0,127543798.0,362683019.0,278733678.0,46940247.0,16759998.0,1038991.0,557523.0,0.5366,500.0,19752674.0,10599285.0,52600.0,9876337.0,CFS
KOSDAQ,166090,하나머티리얼즈,반도체 제조업,"실리콘부품, 세라믹부품, 특수가스",12월,2023Q3,2023,3,53053545.0,7628939.0,6360844.0,6732615.0,639949119.0,146141374.0,258861428.0,137017839.0,381087691.0,285034371.0,37142998.0,9659920.0,981708.0,526785.0,0.5366,500.0,19752674.0,10599285.0,49700.0,9876337.0,CFS
KOSDAQ,166090,하나머티리얼즈,반도체 제조업,"실리콘부품, 세라믹부품, 특수가스",12월,2023Q4,2023,4,46875217.0,5039000.0,3556828.0,5301220.0,672563501.0,140029525.0,272869288.0,135866225.0,399694213.0,289134228.0,31604972.0,11966202.0,991584.0,532084.0,0.5366,500.0,19752674.0,10599285.0,50200.0,9876337.0,CFS
KOSDAQ,166090,하나머티리얼즈,반도체 제조업,"실리콘부품, 세라믹부품, 특수가스",12월,2024Q1,2024,1,57747566.0,6551244.0,5454977.0,7446049.0,683507217.0,138440550.0,283638567.0,157036715.0,399868650.0,290735144.0,19825122.0,12718919.0,1084422.0,581901.0,0.5366,500.0,19752674.0,10599285.0,54900.0,9876337.0,CFS
KOSDAQ,166090,하나머티리얼즈,반도체 제조업,"실리콘부품, 세라믹부품, 특수가스",12월,2024Q2,2024,2,61312735.0,9572884.0,5624863.0,7815792.0,639661402.0,146340775.0,264492494.0,149567098.0,375168908.0,295027799.0,37710307.0,18137174.0,1293460.0,693941.0,0.5365,500.0,19777674.0,10610722.0,65400.0,9888837.0,CFS
KOSDAQ,166090,하나머티리얼즈,반도체 제조업,"실리콘부품, 세라믹부품, 특수가스",12월,2024Q3,2024,3,63408762.0,11994378.0,8179028.0,7818526.0,595500230.0,142652831.0,242215184.0,141753937.0,353285046.0,303185667.0,45324564.0,21144092.0,634863.0,340604.0,0.5365,500.0,19777674.0,10610722.0,32100.0,9888837.0,CFS
KOSDAQ,166090,하나머티리얼즈,반도체 제조업,"실리콘부품, 세라믹부품, 특수가스",12월,2024Q4,2024,4,69177128.0,15293230.0,12497727.0,7938529.0,573884328.0,137267889.0,220102425.0,121039754.0,353781903.0,315567411.0,36086470.0,23683718.0,453898.0,241973.0,0.5331,500.0,19777674.0,10543478.0,22950.0,9888837.0,CFS
KOSDAQ,166090,하나머티리얼즈,반도체 제조업,"실리콘부품, 세라믹부품, 특수가스",12월,2025Q1,2025,1,58634301.0,8716675.0,6135440.0,8761059.0,579300012.0,133208983.0,216173494.0,119943989.0,363126518.0,316826563.0,30142319.0,9299813.0,609152.0,324739.0,0.5331,500.0,19777674.0,10543478.0,30800.0,9888837.0,CFS
KOSDAQ,166090,하나머티리얼즈,반도체 제조업,"실리콘부품, 세라믹부품, 특수가스",12월,2025Q2,2025,2,64090379.0,8499384.0,5444334.0,8631094.0,565705291.0,121852306.0,199568214.0,107811861.0,366137077.0,321203986.0,23184372.0,8626947.0,507297.0,268563.0,0.5294,500.0,19777674.0,10470301.0,25650.0,9888837.0,CFS
KOSDAQ,166090,하나머티리얼즈,반도체 제조업,"실리콘부품, 세라믹부품, 특수가스",12월,2025Q3,2025,3,69836436.0,11998187.0,9207369.0,8533862.0,634360374.0,128097239.0,207702175.0,106841117.0,426658199.0,330464654.0,32048584.0,20756401.0,794074.0,420383.0,0.5294,500.0,19777674.0,10470301.0,40150.0,9888837.0,CFS
KOSDAQ,166090,하나머티리얼즈,반도체 제조업,"실리콘부품, 세라믹부품, 특수가스",12월,2025Q4,2025,4,80920854.0,20866810.0,17588499.0,9084756.0,685606173.0,140732999.0,221925887.0,118278584.0,463680286.0,351488974.0,39497059.0,29859891.0,852418.0,451270.0,0.5294,500.0,19777674.0,10470301.0,43100.0,9888837.0,CFS
KOSDAQ,166090,하나머티리얼즈,반도체 제조업,"실리콘부품, 세라믹부품, 특수가스",12월,2026Q1,2026,1,93400399.0,21297587.0,17647170.0,16247457.0,709537689.0,154570444.0,224236320.0,119397005.0,485301369.0,363497749.0,44879478.0,19734431.0,1204460.0,637641.0,0.5294,500.0,19777674.0,10470301.0,60900.0,9888837.0,CFS
KOSPI,195870,해성디에스,전자부품 제조업,반도체 패키지용 Substrate,12월,2020Q1,2020,1,107327198.0,10321998.0,9098934.0,7417002.0,356419563.0,153725963.0,144729085.0,116138897.0,211690478.0,104897908.0,16391652.0,5769669.0,234600.0,147047.0,0.6268,5000.0,17000000.0,10655600.0,13800.0,85000000.0,CFS
KOSPI,195870,해성디에스,전자부품 제조업,반도체 패키지용 Substrate,12월,2020Q2,2020,2,118972383.0,14666656.0,10252349.0,8028209.0,354112811.0,151278354.0,132171541.0,98652268.0,221941270.0,115150257.0,11518239.0,18010602.0,255000.0,162537.0,0.6374,5000.0,17000000.0,10835800.0,15000.0,85000000.0,CFS
KOSPI,195870,해성디에스,전자부품 제조업,반도체 패키지용 Substrate,12월,2020Q3,2020,3,118996497.0,12457410.0,8398407.0,8592054.0,373716653.0,165614954.0,143375691.0,110641635.0,230340961.0,123548665.0,26570441.0,31475893.0,336600.0,214549.0,0.6374,5000.0,17000000.0,10835800.0,19800.0,85000000.0,CFS
KOSPI,195870,해성디에스,전자부품 제조업,반도체 패키지용 Substrate,12월,2020Q4,2020,4,113450090.0,6073610.0,2240029.0,8202651.0,383211976.0,174031616.0,151373192.0,120027745.0,231838785.0,125049387.0,23393856.0,-10877262.0,414800.0,264394.0,0.6374,5000.0,17000000.0,10835800.0,24400.0,85000000.0,CFS
KOSPI,195870,해성디에스,전자부품 제조업,반도체 패키지용 Substrate,12월,2021Q1,2021,1,137478338.0,10164556.0,9312024.0,9507436.0,402318902.0,198456846.0,168814854.0,139446067.0,233504048.0,126711411.0,19758311.0,-8469242.0,566100.0,360832.0,0.6374,5000.0,17000000.0,10835800.0,33300.0,85000000.0,CFS
KOSPI,195870,해성디에스,전자부품 제조업,반도체 패키지용 Substrate,12월,2021Q2,2021,2,159426098.0,18243345.0,14685549.0,11474094.0,427341035.0,216711919.0,177290238.0,142347483.0,250050798.0,141396959.0,23584204.0,19010743.0,701250.0,446626.0,0.6369,5000.0,17000000.0,10827300.0,41250.0,85000000.0,CFS
KOSPI,195870,해성디에스,전자부품 제조업,반도체 패키지용 Substrate,12월,2021Q3,2021,3,170946402.0,28007133.0,22854394.0,12551576.0,463505712.0,253385683.0,190594935.0,157736655.0,272910777.0,164337981.0,30081590.0,10142844.0,701250.0,446626.0,0.6369,5000.0,17000000.0,10827300.0,41250.0,85000000.0,CFS
KOSPI,195870,해성디에스,전자부품 제조업,반도체 패키지용 Substrate,12월,2021Q4,2021,4,187522175.0,29914919.0,24199678.0,15791903.0,474947833.0,255955422.0,180632905.0,154841512.0,294314929.0,187515949.0,29263310.0,36428280.0,830450.0,529910.0,0.6381,5000.0,17000000.0,10847700.0,48850.0,85000000.0,CFS
KOSPI,195870,해성디에스,전자부품 제조업,반도체 패키지용 Substrate,12월,2022Q1,2022,1,199624483.0,48338091.0,39765400.0,13613781.0,517922287.0,295014862.0,194049079.0,171947468.0,323873208.0,217081349.0,50964977.0,28726900.0,885700.0,565165.0,0.6381,5000.0,17000000.0,10847700.0,52100.0,85000000.0,CFS
KOSPI,195870,해성디에스,전자부품 제조업,반도체 패키지용 Substrate,12월,2022Q2,2022,2,216236390.0,54076781.0,45810977.0,15072786.0,597433019.0,361642668.0,227746787.0,207366775.0,369686231.0,262892326.0,85066400.0,41151911.0,1052300.0,671473.0,0.6381,5000.0,17000000.0,10847700.0,61900.0,85000000.0,CFS
KOSPI,195870,해성디에스,전자부품 제조업,반도체 패키지용 Substrate,12월,2022Q3,2022,3,224318565.0,57400621.0,51456116.0,14950474.0,639205998.0,393533072.0,218028548.0,199077641.0,421177449.0,314378273.0,98338165.0,60187187.0,709750.0,452891.0,0.6381,5000.0,17000000.0,10847700.0,41750.0,85000000.0,CFS
KOSPI,195870,해성디에스,전자부품 제조업,반도체 패키지용 Substrate,12월,2022Q4,2022,4,199178536.0,44600567.0,22367012.0,17178811.0,659613822.0,371321313.0,212318528.0,196470095.0,447295294.0,340510401.0,76297796.0,66788234.0,609450.0,388890.0,0.6381,5000.0,17000000.0,10847700.0,35850.0,85000000.0,CFS
KOSPI,195870,해성디에스,전자부품 제조업,반도체 패키지용 Substrate,12월,2023Q1,2023,1,192397438.0,31097770.0,27270478.0,15437866.0,671563336.0,376501506.0,212289916.0,187544068.0,459273420.0,352511830.0,85783701.0,14148824.0,897600.0,572759.0,0.6381,5000.0,17000000.0,10847700.0,52800.0,85000000.0,CFS
KOSPI,195870,해성디에스,전자부품 제조업,반도체 패키지용 Substrate,12월,2023Q2,2023,2,179219582.0,35721344.0,29403864.0,14097153.0,664534253.0,357062612.0,175442085.0,152555112.0,489092168.0,381916162.0,78840389.0,39176640.0,1030200.0,656134.0,0.6369,5000.0,17000000.0,10827300.0,60600.0,85000000.0,CFS
KOSPI,195870,해성디에스,전자부품 제조업,반도체 패키지용 Substrate,12월,2023Q3,2023,3,155486875.0,19355817.0,17165939.0,15280240.0,681773364.0,360721686.0,175308890.0,152404579.0,506464474.0,399082232.0,108993996.0,55945315.0,955400.0,608494.0,0.6369,5000.0,17000000.0,10827300.0,56200.0,85000000.0,CFS
KOSPI,195870,해성디에스,전자부품 제조업,반도체 패키지용 Substrate,12월,2023Q4,2023,4,145141383.0,16337007.0,10586146.0,13394425.0,688727320.0,343852745.0,173676951.0,131719091.0,515050369.0,407983661.0,139794120.0,33836501.0,941800.0,599832.0,0.6369,5000.0,17000000.0,10827300.0,55400.0,85000000.0,CFS
KOSPI,195870,해성디에스,전자부품 제조업,반도체 패키지용 Substrate,12월,2024Q1,2024,1,154904426.0,20883124.0,19500279.0,12680421.0,714980510.0,356005401.0,195466594.0,156432720.0,519513916.0,412183940.0,135446020.0,13275190.0,890800.0,567351.0,0.6369,5000.0,17000000.0,10827300.0,52400.0,85000000.0,CFS
KOSPI,195870,해성디에스,전자부품 제조업,반도체 패키지용 Substrate,12월,2024Q2,2024,2,153470183.0,18009548.0,20987897.0,14794884.0,723339881.0,345963959.0,182689702.0,144138068.0,540650179.0,433171837.0,116185856.0,15533963.0,776050.0,494266.0,0.6369,5000.0,17000000.0,10827300.0,45650.0,85000000.0,CFS
KOSPI,195870,해성디에스,전자부품 제조업,반도체 패키지용 Substrate,12월,2024Q3,2024,3,149422700.0,11709777.0,5959218.0,13190670.0,720139965.0,308478658.0,173677918.0,127582876.0,546462047.0,439131054.0,87743296.0,20592860.0,499800.0,318323.0,0.6369,5000.0,17000000.0,10827300.0,29400.0,85000000.0,CFS
KOSPI,195870,해성디에스,전자부품 제조업,반도체 패키지용 Substrate,12월,2024Q4,2024,4,145196295.0,6267365.0,12249756.0,13900867.0,794194184.0,321749299.0,237917617.0,201425547.0,556276567.0,448972583.0,84126978.0,11220296.0,397800.0,253359.0,0.6369,5000.0,17000000.0,10827300.0,23400.0,85000000.0,CFS
KOSPI,195870,해성디에스,전자부품 제조업,반도체 패키지용 Substrate,12월,2025Q1,2025,1,137478274.0,354675.0,580609.0,13290461.0,781691760.0,291188401.0,238443039.0,156192194.0,543248721.0,435953192.0,64116716.0,21870109.0,444550.0,283134.0,0.6369,5000.0,17000000.0,10827300.0,26150.0,85000000.0,CFS
KOSPI,195870,해성디에스,전자부품 제조업,반도체 패키지용 Substrate,12월,2025Q2,2025,2,157382615.0,8228055.0,-438248.0,13617980.0,781537079.0,293988632.0,238508255.0,123423811.0,543028824.0,435514944.0,36544065.0,3417696.0,477700.0,304247.0,0.6369,5000.0,17000000.0,10827300.0,28100.0,85000000.0,CFS
KOSPI,195870,해성디에스,전자부품 제조업,반도체 패키지용 Substrate,12월,2025Q3,2025,3,178588545.0,16112703.0,14073174.0,10846995.0,884498856.0,382985212.0,327523908.0,216410046.0,556974948.0,449588118.0,100067868.0,27504025.0,523600.0,333481.0,0.6369,5000.0,17000000.0,10827300.0,30800.0,85000000.0,CFS
KOSPI,195870,해성디에스,전자부품 제조업,반도체 패키지용 Substrate,12월,2025Q4,2025,4,179947449.0,21795660.0,9605269.0,13556958.0,880631376.0,386155537.0,316261663.0,179564090.0,564369713.0,457227031.0,108305297.0,14170945.0,946900.0,603081.0,0.6369,5000.0,17000000.0,10827300.0,55700.0,85000000.0,CFS
KOSPI,195870,해성디에스,전자부품 제조업,반도체 패키지용 Substrate,12월,2026Q1,2026,1,188652144.0,10978262.0,10826100.0,12345541.0,897721817.0,414993970.0,338634529.0,198638553.0,559087289.0,452753131.0,109528113.0,333828.0,794750.0,506176.0,0.6369,5000.0,17000000.0,10827300.0,46750.0,85000000.0,CFS
KOSDAQ,222080,SFA넥셀,특수 목적용 기계 제조업,"이차전지 전극공정 장비, 증착·검사·측정 장비",12월,2020Q1,2020,1,27463264.0,4093701.0,-1570967.0,1510291.0,179792495.0,150222979.0,119298704.0,117115907.0,60493791.0,23398646.0,35951296.0,16463526.0,161390.0,121591.0,0.7534,100.0,56331586.0,42440217.0,2865.0,5633159.0,OFS
KOSDAQ,222080,SFA넥셀,특수 목적용 기계 제조업,"이차전지 전극공정 장비, 증착·검사·측정 장비",12월,2020Q2,2020,2,6311678.0,-1294848.0,-1001736.0,1487874.0,203360038.0,173683741.0,143823391.0,141804102.0,59536647.0,22443416.0,41325466.0,6010246.0,280813.0,230463.0,0.8207,100.0,56331586.0,46231333.0,4985.0,5633159.0,OFS
KOSDAQ,222080,SFA넥셀,특수 목적용 기계 제조업,"이차전지 전극공정 장비, 증착·검사·측정 장비",12월,2020Q3,2020,3,20280389.0,4130979.0,-718497.0,1823189.0,202260995.0,160906046.0,136583202.0,134334169.0,65677792.0,21795281.0,15979560.0,-9759052.0,414515.0,340192.0,0.8207,100.0,57491676.0,47183418.0,7210.0,5749168.0,OFS
KOSDAQ,222080,SFA넥셀,특수 목적용 기계 제조업,"이차전지 전극공정 장비, 증착·검사·측정 장비",12월,2020Q4,2020,4,64002017.0,6980946.0,-1119456.0,2069207.0,233885479.0,189745626.0,169411779.0,129676621.0,64473700.0,20612809.0,74379429.0,27994542.0,542147.0,408291.0,0.7531,100.0,57491676.0,43296981.0,9430.0,5749168.0,OFS
KOSDAQ,222080,SFA넥셀,특수 목적용 기계 제조업,"이차전지 전극공정 장비, 증착·검사·측정 장비",12월,2021Q1,2021,1,2241629.0,-1125643.0,-392228.0,1922548.0,254329038.0,209313567.0,190151131.0,149535581.0,64177907.0,20174440.0,66463619.0,-6671338.0,827880.0,623476.0,0.7531,100.0,57491676.0,43296981.0,14400.0,5749168.0,OFS
KOSDAQ,222080,SFA넥셀,특수 목적용 기계 제조업,"이차전지 전극공정 장비, 증착·검사·측정 장비",12월,2021Q2,2021,2,70988887.0,11833384.0,4353104.0,3082831.0,226142369.0,175818131.0,157639888.0,110617505.0,68502481.0,24060444.0,42709778.0,-18065517.0,649656.0,489256.0,0.7531,100.0,57491676.0,43296981.0,11300.0,5749168.0,CFS
KOSDAQ,222080,SFA넥셀,특수 목적용 기계 제조업,"이차전지 전극공정 장비, 증착·검사·측정 장비",12월,2021Q3,2021,3,8624744.0,-2357631.0,-2011644.0,3981795.0,280488679.0,226119292.0,211870609.0,118338379.0,68618070.0,22144743.0,69063431.0,-15251136.0,1230322.0,926555.0,0.7531,100.0,57491676.0,43296981.0,21400.0,5749168.0,CFS
KOSDAQ,222080,SFA넥셀,특수 목적용 기계 제조업,"이차전지 전극공정 장비, 증착·검사·측정 장비",12월,2021Q4,2021,4,50882691.0,8002944.0,-26556929.0,5094424.0,319224579.0,236115840.0,202953067.0,121545387.0,116271512.0,-4411437.0,62836391.0,9204001.0,884700.0,623625.0,0.7049,100.0,61437486.0,43307284.0,14400.0,6143749.0,CFS
KOSDAQ,222080,SFA넥셀,특수 목적용 기계 제조업,"이차전지 전극공정 장비, 증착·검사·측정 장비",12월,2022Q1,2022,1,23230381.0,1535335.0,1155233.0,6996124.0,343289814.0,257385417.0,221658784.0,139655843.0,121631030.0,-3262834.0,36598540.0,-22118214.0,900059.0,634452.0,0.7049,100.0,61437486.0,43307284.0,14650.0,6143749.0,CFS
KOSDAQ,222080,SFA넥셀,특수 목적용 기계 제조업,"이차전지 전극공정 장비, 증착·검사·측정 장비",12월,2022Q2,2022,2,32834443.0,7381601.0,8634896.0,4350540.0,365353224.0,267180678.0,234307752.0,149495004.0,131045472.0,5623733.0,28145823.0,-3944715.0,973784.0,686420.0,0.7049,100.0,61437486.0,43307284.0,15850.0,6143749.0,CFS
KOSDAQ,222080,SFA넥셀,특수 목적용 기계 제조업,"이차전지 전극공정 장비, 증착·검사·측정 장비",12월,2022Q3,2022,3,23370511.0,-1638480.0,327666.0,5078487.0,425032387.0,330689890.0,288031781.0,261230343.0,137000605.0,6035405.0,50471906.0,23119699.0,676462.0,476838.0,0.7049,100.0,61777397.0,43546887.0,10950.0,6177740.0,CFS
KOSDAQ,222080,SFA넥셀,특수 목적용 기계 제조업,"이차전지 전극공정 장비, 증착·검사·측정 장비",12월,2022Q4,2022,4,79927067.0,533088.0,1418406.0,11228807.0,443995111.0,346206530.0,303962069.0,278449869.0,140033042.0,7660324.0,103671332.0,58149814.0,556621.0,393420.0,0.7068,100.0,61846812.0,43713327.0,9000.0,6184681.0,CFS
KOSDAQ,222080,SFA넥셀,특수 목적용 기계 제조업,"이차전지 전극공정 장비, 증착·검사·측정 장비",12월,2023Q1,2023,1,25851422.0,-2365320.0,-2047079.0,5974827.0,464658997.0,361923405.0,321411466.0,298728915.0,143247530.0,6114375.0,80508705.0,-24838544.0,887502.0,627286.0,0.7068,100.0,61846812.0,43713327.0,14350.0,6216926.0,CFS
KOSDAQ,222080,SFA넥셀,특수 목적용 기계 제조업,"이차전지 전극공정 장비, 증착·검사·측정 장비",12월,2023Q2,2023,2,27050466.0,4509822.0,-1706367.0,3523475.0,551284865.0,442076647.0,350734283.0,327433120.0,200550582.0,4284802.0,101530546.0,-25918999.0,922368.0,629332.0,0.6823,100.0,67081284.0,45769560.0,13750.0,6708128.0,CFS
KOSDAQ,222080,SFA넥셀,특수 목적용 기계 제조업,"이차전지 전극공정 장비, 증착·검사·측정 장비",12월,2023Q3,2023,3,35900992.0,6529077.0,9041289.0,2911189.0,642143009.0,526486237.0,400254949.0,375628303.0,241888060.0,13579475.0,118173935.0,-8421556.0,701884.0,478895.0,0.6823,100.0,70188384.0,47889534.0,10000.0,7018838.0,CFS
KOSDAQ,222080,SFA넥셀,특수 목적용 기계 제조업,"이차전지 전극공정 장비, 증착·검사·측정 장비",12월,2023Q4,2023,4,221360645.0,30269164.0,23335795.0,7280215.0,597029327.0,481347760.0,331406985.0,327204717.0,265622342.0,36623265.0,80008395.0,-12413685.0,772834.0,505202.0,0.6537,100.0,70257612.0,45927401.0,11000.0,7025761.0,CFS
KOSDAQ,222080,SFA넥셀,특수 목적용 기계 제조업,"이차전지 전극공정 장비, 증착·검사·측정 장비",12월,2024Q1,2024,1,94619618.0,18350251.0,13221081.0,3061016.0,619469953.0,506743697.0,331703440.0,327851346.0,287766514.0,49923399.0,51265840.0,5952443.0,918730.0,600574.0,0.6537,100.0,71440876.0,46700901.0,12860.0,7144088.0,CFS
KOSDAQ,222080,SFA넥셀,특수 목적용 기계 제조업,"이차전지 전극공정 장비, 증착·검사·측정 장비",12월,2024Q2,2024,2,134317051.0,24956319.0,22026922.0,4119402.0,627474533.0,512007108.0,314882355.0,309780421.0,312592179.0,71217325.0,73312947.0,-12287112.0,778263.0,514276.0,0.6608,100.0,71729327.0,47398739.0,10850.0,7172933.0,CFS
KOSDAQ,222080,SFA넥셀,특수 목적용 기계 제조업,"이차전지 전극공정 장비, 증착·검사·측정 장비",12월,2024Q3,2024,3,149060425.0,-8046988.0,-7795871.0,37945937.0,567321598.0,409661630.0,262761369.0,213661222.0,304560229.0,63197277.0,19330222.0,7886359.0,706534.0,466878.0,0.6608,100.0,71729327.0,47398739.0,9850.0,7172933.0,CFS
KOSDAQ,222080,SFA넥셀,특수 목적용 기계 제조업,"이차전지 전극공정 장비, 증착·검사·측정 장비",12월,2024Q4,2024,4,130543669.0,24085998.0,28725469.0,6080200.0,733820122.0,525125193.0,255080519.0,211941899.0,478739603.0,91835687.0,131205336.0,27885243.0,572552.0,379659.0,0.6631,100.0,77371839.0,51305266.0,7400.0,7737184.0,CFS
KOSDAQ,222080,SFA넥셀,특수 목적용 기계 제조업,"이차전지 전극공정 장비, 증착·검사·측정 장비",12월,2025Q1,2025,1,107822279.0,17005961.0,14665172.0,6349636.0,743160841.0,534417231.0,249844816.0,212152929.0,493316025.0,106399209.0,154947436.0,30133859.0,559398.0,370937.0,0.6631,100.0,77371839.0,51305266.0,7230.0,7737184.0,CFS
KOSDAQ,222080,SFA넥셀,특수 목적용 기계 제조업,"이차전지 전극공정 장비, 증착·검사·측정 장비",12월,2025Q2,2025,2,129612547.0,1368147.0,-8721478.0,6697681.0,669849222.0,465147713.0,185038534.0,147307293.0,484810687.0,97880383.0,131028672.0,-1654507.0,536961.0,356059.0,0.6631,100.0,77371839.0,51305266.0,6940.0,7737184.0,CFS
KOSDAQ,222080,SFA넥셀,특수 목적용 기계 제조업,"이차전지 전극공정 장비, 증착·검사·측정 장비",12월,2025Q3,2025,3,87653287.0,7548649.0,11885151.0,7645162.0,694375858.0,494203821.0,197827926.0,159160054.0,496547932.0,109614124.0,175314227.0,38395343.0,501370.0,332458.0,0.6631,100.0,77371839.0,51305266.0,6480.0,7737184.0,CFS
KOSDAQ,222080,SFA넥셀,특수 목적용 기계 제조업,"이차전지 전극공정 장비, 증착·검사·측정 장비",12월,2025Q4,2025,4,82093061.0,7587644.0,10902760.0,5623446.0,660203409.0,459868385.0,152513727.0,115996016.0,507689682.0,120748969.0,209198215.0,34522995.0,514523.0,341180.0,0.6631,100.0,77371839.0,51305266.0,6650.0,7737184.0,CFS
KOSDAQ,222080,SFA넥셀,특수 목적용 기계 제조업,"이차전지 전극공정 장비, 증착·검사·측정 장비",12월,2026Q1,2026,1,53414910.0,2163067.0,5906057.0,6637551.0,680774855.0,481086147.0,160624345.0,124064273.0,520150510.0,127873642.0,242217994.0,33974353.0,902250.0,598282.0,0.6631,100.0,77780144.0,51576013.0,11600.0,7778014.0,CFS
KOSDAQ,253590,네오셈,특수 목적용 기계 제조업,반도체 검사장비,12월,2020Q1,2020,1,10554892.0,2588037.0,2874392.0,3779946.0,69153309.0,43133970.0,28705141.0,15826484.0,40448168.0,24607999.0,19471919.0,2658866.0,45044.0,15581.0,0.3459,100.0,37536388.0,12983837.0,1200.0,3753639.0,CFS
KOSDAQ,253590,네오셈,특수 목적용 기계 제조업,반도체 검사장비,12월,2020Q2,2020,2,13635761.0,3709707.0,2763097.0,4112528.0,65757588.0,40225521.0,23828611.0,16047615.0,41928977.0,27371825.0,18545203.0,231771.0,89712.0,28537.0,0.3181,100.0,37536388.0,11940325.0,2390.0,3753639.0,CFS
KOSDAQ,253590,네오셈,특수 목적용 기계 제조업,반도체 검사장비,12월,2020Q3,2020,3,12799537.0,4486919.0,3104164.0,3965545.0,66415419.0,41545931.0,21685879.0,13974216.0,44729540.0,30472304.0,11688706.0,4729582.0,126685.0,40298.0,0.3181,100.0,37536388.0,11940325.0,3375.0,3753639.0,CFS
KOSDAQ,253590,네오셈,특수 목적용 기계 제조업,반도체 검사장비,12월,2020Q4,2020,4,11648294.0,1224627.0,-666074.0,4181854.0,64005716.0,40528114.0,20775922.0,12782623.0,43229795.0,29592383.0,28586827.0,6224410.0,135836.0,43046.0,0.3169,100.0,37575588.0,11907704.0,3615.0,3757559.0,CFS
KOSDAQ,253590,네오셈,특수 목적용 기계 제조업,반도체 검사장비,12월,2021Q1,2021,1,4684716.0,-2102864.0,-827790.0,3934117.0,85907230.0,61370640.0,41843207.0,13358515.0,44064023.0,28034641.0,22958735.0,2418864.0,132454.0,41975.0,0.3169,100.0,37575588.0,11907704.0,3525.0,3757559.0,CFS
KOSDAQ,253590,네오셈,특수 목적용 기계 제조업,반도체 검사장비,12월,2021Q2,2021,2,6110759.0,-985613.0,-826842.0,4495990.0,83240530.0,56006249.0,40465252.0,12015672.0,42775277.0,27202205.0,9236641.0,-3902624.0,124187.0,39417.0,0.3174,100.0,37575588.0,11926492.0,3305.0,3757559.0,CFS
KOSDAQ,253590,네오셈,특수 목적용 기계 제조업,반도체 검사장비,12월,2021Q3,2021,3,6043316.0,-324570.0,60409.0,3935272.0,86126603.0,56975223.0,42783384.0,14346790.0,43343219.0,27283161.0,6933467.0,-3738700.0,108661.0,34489.0,0.3174,100.0,37599088.0,11933951.0,2890.0,3762259.0,CFS
KOSDAQ,253590,네오셈,특수 목적용 기계 제조업,반도체 검사장비,12월,2021Q4,2021,4,20337656.0,8262032.0,7238427.0,3277923.0,88840717.0,59561101.0,37916288.0,9875197.0,50924429.0,34663562.0,23692681.0,648327.0,136393.0,43537.0,0.3192,100.0,37677501.0,12026658.0,3620.0,3767750.0,CFS
KOSDAQ,253590,네오셈,특수 목적용 기계 제조업,반도체 검사장비,12월,2022Q1,2022,1,9866180.0,1313853.0,1561763.0,4579426.0,90984121.0,60285800.0,38793288.0,31793226.0,52190832.0,35670228.0,19852718.0,5507925.0,139407.0,44499.0,0.3192,100.0,37677501.0,12026658.0,3700.0,3767750.0,CFS
KOSDAQ,253590,네오셈,특수 목적용 기계 제조업,반도체 검사장비,12월,2022Q2,2022,2,7732065.0,-1163138.0,352621.0,4720084.0,97336712.0,68654750.0,41370076.0,34600548.0,55966636.0,36016275.0,23542596.0,2338946.0,129015.0,42859.0,0.3322,100.0,38454626.0,12774627.0,3355.0,3845463.0,CFS
KOSDAQ,253590,네오셈,특수 목적용 기계 제조업,반도체 검사장비,12월,2022Q3,2022,3,24553732.0,2743458.0,5052960.0,5348328.0,141281362.0,110065786.0,81141542.0,74402500.0,60139821.0,41065136.0,10865223.0,3426262.0,121901.0,40496.0,0.3322,100.0,38454626.0,12774627.0,3170.0,3845463.0,CFS
KOSDAQ,253590,네오셈,특수 목적용 기계 제조업,반도체 검사장비,12월,2022Q4,2022,4,32521231.0,5470440.0,3031394.0,5118782.0,130813451.0,100361631.0,68533207.0,65005793.0,62280244.0,42729725.0,29522131.0,2002605.0,129400.0,37785.0,0.292,100.0,38454626.0,11228751.0,3365.0,3845463.0,CFS
KOSDAQ,253590,네오셈,특수 목적용 기계 제조업,반도체 검사장비,12월,2023Q1,2023,1,21593327.0,400890.0,854509.0,4990852.0,119642059.0,87648647.0,58218933.0,54826899.0,61423126.0,42297322.0,24359688.0,-7628685.0,136898.0,39974.0,0.292,100.0,38454626.0,11228751.0,3560.0,3845463.0,CFS
KOSDAQ,253590,네오셈,특수 목적용 기계 제조업,반도체 검사장비,12월,2023Q2,2023,2,34047823.0,5069865.0,5098736.0,5605126.0,121111177.0,89240349.0,54243915.0,50959065.0,66867262.0,47383246.0,33305874.0,14263116.0,130938.0,38234.0,0.292,100.0,38454626.0,11228751.0,3405.0,3845463.0,CFS
KOSDAQ,253590,네오셈,특수 목적용 기계 제조업,반도체 검사장비,12월,2023Q3,2023,3,20422495.0,506637.0,1387490.0,5427168.0,102938918.0,68252462.0,22654421.0,19375320.0,80284497.0,48759494.0,24912890.0,-4759804.0,162266.0,47382.0,0.292,100.0,41500303.0,12118088.0,3910.0,4150030.0,CFS
KOSDAQ,253590,네오셈,특수 목적용 기계 제조업,반도체 검사장비,12월,2023Q4,2023,4,24867582.0,2109286.0,941128.0,6399671.0,106442403.0,71123779.0,19633623.0,16537151.0,86808780.0,49519209.0,29923245.0,8700907.0,332419.0,124092.0,0.3733,100.0,42346326.0,15807883.0,7850.0,4344616.0,CFS
KOSDAQ,253590,네오셈,특수 목적용 기계 제조업,반도체 검사장비,12월,2024Q1,2024,1,28454272.0,2596634.0,3554504.0,5014014.0,117154188.0,80392349.0,16882805.0,13035340.0,100271383.0,51827372.0,42980051.0,4996277.0,598535.0,223433.0,0.3733,100.0,43784562.0,16344777.0,13670.0,4382686.0,CFS
KOSDAQ,253590,네오셈,특수 목적용 기계 제조업,반도체 검사장비,12월,2024Q2,2024,2,9948873.0,-1557105.0,-316319.0,5935364.0,118966848.0,79529418.0,19925729.0,16177360.0,99041119.0,51504510.0,15548345.0,3888760.0,573370.0,237261.0,0.4138,100.0,43869164.0,18153060.0,13070.0,4386916.0,CFS
KOSDAQ,253590,네오셈,특수 목적용 기계 제조업,반도체 검사장비,12월,2024Q3,2024,3,33200710.0,10462619.0,8232946.0,5648946.0,135165782.0,96484203.0,28527898.0,25149215.0,106637884.0,59857188.0,6339706.0,-2804212.0,506689.0,209668.0,0.4138,100.0,43869164.0,18153060.0,11550.0,4386916.0,CFS
KOSDAQ,253590,네오셈,특수 목적용 기계 제조업,반도체 검사장비,12월,2024Q4,2024,4,33633233.0,4964570.0,7744057.0,6258051.0,141904875.0,99134189.0,26009827.0,22315073.0,115895048.0,67366041.0,52357928.0,13212560.0,383416.0,158658.0,0.4138,100.0,43869164.0,18153060.0,8740.0,4386916.0,CFS
KOSDAQ,253590,네오셈,특수 목적용 기계 제조업,반도체 검사장비,12월,2025Q1,2025,1,14875063.0,1523601.0,1760338.0,5771721.0,135946118.0,92984480.0,20884707.0,17873796.0,115061412.0,66571000.0,21699715.0,5108766.0,399648.0,165374.0,0.4138,100.0,43869164.0,18153060.0,9110.0,4386916.0,CFS
KOSDAQ,253590,네오셈,특수 목적용 기계 제조업,반도체 검사장비,12월,2025Q2,2025,2,16326682.0,494518.0,-1572372.0,7439730.0,127871428.0,84196888.0,15680357.0,12803665.0,112191070.0,64991694.0,15135753.0,-2365143.0,407545.0,168642.0,0.4138,100.0,43869164.0,18153060.0,9290.0,4386916.0,CFS
KOSDAQ,253590,네오셈,특수 목적용 기계 제조업,반도체 검사장비,12월,2025Q3,2025,3,10174599.0,-481381.0,719974.0,6026740.0,125383398.0,67696288.0,11928491.0,8960694.0,113454908.0,65703657.0,13955967.0,284195.0,454046.0,187884.0,0.4138,100.0,43869164.0,18153060.0,10350.0,4386916.0,CFS
KOSDAQ,253590,네오셈,특수 목적용 기계 제조업,반도체 검사장비,12월,2025Q4,2025,4,22560408.0,2518650.0,4434254.0,6511053.0,155056271.0,97040723.0,35852716.0,14831715.0,119203555.0,70161219.0,20350779.0,713055.0,480806.0,198958.0,0.4138,100.0,43869164.0,18153060.0,10960.0,4386916.0,CFS
KOSDAQ,253590,네오셈,특수 목적용 기계 제조업,반도체 검사장비,12월,2026Q1,2026,1,14516809.0,598198.0,2309644.0,6686702.0,160797596.0,101148681.0,35303786.0,21560680.0,125493811.0,68169122.0,16292841.0,1752026.0,641367.0,265398.0,0.4138,100.0,43869164.0,18153060.0,14620.0,4386916.0,CFS
KOSPI,281820,케이씨텍,"측정, 시험, 항해, 제어 및 기타 정밀기기 제조업; 광학기기 제외","반도체, 디스플레이 제조 장비",12월,2020Q1,2020,1,69105751.0,9685883.0,8805482.0,13639170.0,351872912.0,243037671.0,58552931.0,56156139.0,293319981.0,99531575.0,30354824.0,9305819.0,329333.0,160385.0,0.487,500.0,19839340.0,9661759.0,16600.0,9919670.0,OFS
KOSPI,281820,케이씨텍,"측정, 시험, 항해, 제어 및 기타 정밀기기 제조업; 광학기기 제외","반도체, 디스플레이 제조 장비",12월,2020Q2,2020,2,80703222.0,16008773.0,12072098.0,11891697.0,358819081.0,250820118.0,53427003.0,51024108.0,305392079.0,111603673.0,41977555.0,40287938.0,442417.0,221297.0,0.5002,500.0,19839340.0,9923638.0,22300.0,9919670.0,OFS
KOSPI,281820,케이씨텍,"측정, 시험, 항해, 제어 및 기타 정밀기기 제조업; 광학기기 제외","반도체, 디스플레이 제조 장비",12월,2020Q3,2020,3,58168514.0,7328601.0,5179820.0,10365276.0,360308993.0,250932266.0,49737094.0,47286400.0,310571899.0,116783493.0,29207394.0,9069735.0,452337.0,226259.0,0.5002,500.0,19839340.0,9923638.0,22800.0,9919670.0,OFS
KOSPI,281820,케이씨텍,"측정, 시험, 항해, 제어 및 기타 정밀기기 제조업; 광학기기 제외","반도체, 디스플레이 제조 장비",12월,2020Q4,2020,4,111917218.0,23115217.0,16533099.0,10353339.0,407295413.0,297679429.0,59490143.0,56495734.0,347805270.0,133316592.0,23224666.0,13492493.0,641493.0,338837.0,0.5282,500.0,20861556.0,11019074.0,30750.0,10430778.0,OFS
KOSPI,281820,케이씨텍,"측정, 시험, 항해, 제어 및 기타 정밀기기 제조업; 광학기기 제외","반도체, 디스플레이 제조 장비",12월,2021Q1,2021,1,83703776.0,9682034.0,9354942.0,12986681.0,407291394.0,291783787.0,54719672.0,51982869.0,352571721.0,138083043.0,22937461.0,11545005.0,548659.0,289802.0,0.5282,500.0,20861556.0,11019074.0,26300.0,10430778.0,OFS
KOSPI,281820,케이씨텍,"측정, 시험, 항해, 제어 및 기타 정밀기기 제조업; 광학기기 제외","반도체, 디스플레이 제조 장비",12월,2021Q2,2021,2,76047838.0,9270791.0,6788205.0,12803408.0,409434198.0,283249191.0,50074272.0,46551121.0,359359926.0,144871248.0,24304282.0,12577380.0,612287.0,309389.0,0.5053,500.0,20861556.0,10541344.0,29350.0,10430778.0,OFS
KOSPI,281820,케이씨텍,"측정, 시험, 항해, 제어 및 기타 정밀기기 제조업; 광학기기 제외","반도체, 디스플레이 제조 장비",12월,2021Q3,2021,3,71344718.0,11625032.0,10832915.0,13794902.0,421024244.0,290461200.0,50831402.0,46846073.0,370192842.0,155704164.0,47806059.0,2986536.0,505893.0,255628.0,0.5053,500.0,20861556.0,10541344.0,24250.0,10430778.0,OFS
KOSPI,281820,케이씨텍,"측정, 시험, 항해, 제어 및 기타 정밀기기 제조업; 광학기기 제외","반도체, 디스플레이 제조 장비",12월,2021Q4,2021,4,113449907.0,21523915.0,14970531.0,15006173.0,453025638.0,321746875.0,67862265.0,64036203.0,385163372.0,170674694.0,45611235.0,13975492.0,501720.0,248652.0,0.4956,500.0,20861556.0,10338987.0,24050.0,10430778.0,OFS
KOSPI,281820,케이씨텍,"측정, 시험, 항해, 제어 및 기타 정밀기기 제조업; 광학기기 제외","반도체, 디스플레이 제조 장비",12월,2022Q1,2022,1,90367307.0,15617843.0,13795287.0,17137959.0,458071527.0,323215205.0,63701358.0,58535305.0,394370168.0,179881490.0,46681566.0,13286913.0,454782.0,225390.0,0.4956,500.0,20861556.0,10338987.0,21800.0,10430778.0,OFS
KOSPI,281820,케이씨텍,"측정, 시험, 항해, 제어 및 기타 정밀기기 제조업; 광학기기 제외","반도체, 디스플레이 제조 장비",12월,2022Q2,2022,2,93294697.0,17527734.0,16030460.0,18482251.0,470494781.0,333840595.0,64251156.0,59187164.0,406243625.0,195911951.0,14277772.0,2970010.0,376551.0,178222.0,0.4733,500.0,20861556.0,9873774.0,18050.0,10430778.0,OFS
KOSPI,281820,케이씨텍,"측정, 시험, 항해, 제어 및 기타 정밀기기 제조업; 광학기기 제외","반도체, 디스플레이 제조 장비",12월,2022Q3,2022,3,95016486.0,15166880.0,18239152.0,21030645.0,479346156.0,339880128.0,60681829.0,55728438.0,418664327.0,214151102.0,20690746.0,18519041.0,284760.0,134777.0,0.4733,500.0,20861556.0,9873774.0,13650.0,10430778.0,OFS
KOSPI,281820,케이씨텍,"측정, 시험, 항해, 제어 및 기타 정밀기기 제조업; 광학기기 제외","반도체, 디스플레이 제조 장비",12월,2022Q4,2022,4,99514460.0,12024103.0,7321039.0,14109179.0,483313332.0,352610757.0,57327965.0,52326466.0,425985367.0,221472142.0,16056659.0,20687885.0,308751.0,141254.0,0.4575,500.0,20861556.0,9544162.0,14800.0,10430778.0,OFS
KOSPI,281820,케이씨텍,"측정, 시험, 항해, 제어 및 기타 정밀기기 제조업; 광학기기 제외","반도체, 디스플레이 제조 장비",12월,2023Q1,2023,1,62543657.0,324325.0,3131514.0,17551646.0,481209679.0,352560975.0,57165314.0,51796815.0,424044365.0,219531140.0,43271201.0,25957824.0,431834.0,197564.0,0.4575,500.0,20861556.0,9544162.0,20700.0,10430778.0,OFS
KOSPI,281820,케이씨텍,"측정, 시험, 항해, 제어 및 기타 정밀기기 제조업; 광학기기 제외","반도체, 디스플레이 제조 장비",12월,2023Q2,2023,2,68792444.0,8408670.0,9805300.0,15498609.0,482420736.0,354630447.0,48571071.0,43313648.0,433849665.0,229336440.0,55986494.0,4016733.0,443308.0,202813.0,0.4575,500.0,20861556.0,9544162.0,21250.0,10430778.0,OFS
KOSPI,281820,케이씨텍,"측정, 시험, 항해, 제어 및 기타 정밀기기 제조업; 광학기기 제외","반도체, 디스플레이 제조 장비",12월,2023Q3,2023,3,84220038.0,13108458.0,12333237.0,16605456.0,493247922.0,366890540.0,47065019.0,41557765.0,446182902.0,241669677.0,53902219.0,-1391757.0,453739.0,207586.0,0.4575,500.0,20861556.0,9544162.0,21750.0,10430778.0,OFS
KOSPI,281820,케이씨텍,"측정, 시험, 항해, 제어 및 기타 정밀기기 제조업; 광학기기 제외","반도체, 디스플레이 제조 장비",12월,2023Q4,2023,4,71353564.0,10862317.0,6430538.0,16009020.0,499951266.0,372677828.0,47337825.0,42090154.0,452613441.0,248100216.0,54244853.0,-1996337.0,559090.0,255784.0,0.4575,500.0,20861556.0,9544162.0,26800.0,10430778.0,OFS
KOSPI,281820,케이씨텍,"측정, 시험, 항해, 제어 및 기타 정밀기기 제조업; 광학기기 제외","반도체, 디스플레이 제조 장비",12월,2024Q1,2024,1,91601965.0,10015848.0,11729278.0,18176256.0,516463017.0,390702961.0,55772509.0,50804594.0,460690508.0,256177283.0,93878904.0,33432824.0,946072.0,432828.0,0.4575,500.0,20861556.0,9544162.0,45350.0,10430778.0,OFS
KOSPI,281820,케이씨텍,"측정, 시험, 항해, 제어 및 기타 정밀기기 제조업; 광학기기 제외","반도체, 디스플레이 제조 장비",12월,2024Q2,2024,2,71986533.0,5330443.0,7442493.0,21354579.0,512281887.0,382680507.0,44084935.0,39477995.0,468196951.0,263619776.0,96744188.0,12583634.0,946072.0,447114.0,0.4726,500.0,20861556.0,9859171.0,45350.0,10430778.0,OFS
KOSPI,281820,케이씨텍,"측정, 시험, 항해, 제어 및 기타 정밀기기 제조업; 광학기기 제외","반도체, 디스플레이 제조 장비",12월,2024Q3,2024,3,76916191.0,9023965.0,7117372.0,18222975.0,514450044.0,386368046.0,49100564.0,44697516.0,465349480.0,270737148.0,104886473.0,9044417.0,743714.0,351479.0,0.4726,500.0,20861556.0,9859171.0,35650.0,10430778.0,OFS
KOSPI,281820,케이씨텍,"측정, 시험, 항해, 제어 및 기타 정밀기기 제조업; 광학기기 제외","반도체, 디스플레이 제조 장비",12월,2024Q4,2024,4,144929282.0,25413237.0,26396757.0,16254408.0,549141199.0,419989369.0,67292471.0,61889881.0,481848728.0,297133905.0,82237959.0,44853323.0,543444.0,243137.0,0.4474,500.0,20861556.0,9333460.0,26050.0,10430778.0,OFS
KOSPI,281820,케이씨텍,"측정, 시험, 항해, 제어 및 기타 정밀기기 제조업; 광학기기 제외","반도체, 디스플레이 제조 장비",12월,2025Q1,2025,1,77662728.0,7835489.0,7828216.0,19260348.0,545602999.0,420536245.0,61195277.0,55863657.0,484407721.0,295111236.0,30162388.0,4262414.0,674505.0,301774.0,0.4474,500.0,20690323.0,9256851.0,32600.0,10430778.0,OFS
KOSPI,281820,케이씨텍,"측정, 시험, 항해, 제어 및 기타 정밀기기 제조업; 광학기기 제외","반도체, 디스플레이 제조 장비",12월,2025Q2,2025,2,97529633.0,15557554.0,11007622.0,21458215.0,548904651.0,427545239.0,53514604.0,49823772.0,495390047.0,306118857.0,87704666.0,9436940.0,547259.0,223336.0,0.4081,500.0,20690323.0,8443721.0,26450.0,10430778.0,CFS
KOSPI,281820,케이씨텍,"측정, 시험, 항해, 제어 및 기타 정밀기기 제조업; 광학기기 제외","반도체, 디스플레이 제조 장비",12월,2025Q3,2025,3,95963916.0,14868440.0,14998593.0,20977632.0,570965982.0,448566593.0,60413361.0,56735606.0,510552621.0,321117451.0,39289632.0,31972488.0,802785.0,327617.0,0.4081,500.0,20690323.0,8443721.0,38800.0,10430778.0,CFS
KOSPI,281820,케이씨텍,"측정, 시험, 항해, 제어 및 기타 정밀기기 제조업; 광학기기 제외","반도체, 디스플레이 제조 장비",12월,2025Q4,2025,4,111700297.0,21704056.0,19557718.0,20834094.0,600479162.0,468440204.0,70239710.0,65578141.0,530239452.0,340675168.0,29178985.0,14485546.0,820371.0,334793.0,0.4081,500.0,20690323.0,8443721.0,39650.0,10430778.0,CFS
KOSPI,281820,케이씨텍,"측정, 시험, 항해, 제어 및 기타 정밀기기 제조업; 광학기기 제외","반도체, 디스플레이 제조 장비",12월,2026Q1,2026,1,156114880.0,34810833.0,31610488.0,24291571.0,642217116.0,506164460.0,89027429.0,84381174.0,553189688.0,363407759.0,62140301.0,-4465099.0,908305.0,370679.0,0.4081,500.0,20690323.0,8443721.0,43900.0,10430778.0,CFS
KOSDAQ,322310,오로스테크놀로지,특수 목적용 기계 제조업,반도체 Overlay 계측 장비,12월,2020Q4,2020,4,,,,,28751579.0,19101000.0,8576889.0,6382703.0,20174690.0,16164368.0,3082626.0,,,,0.2645,500.0,,,,3680962.0,OFS
KOSDAQ,322310,오로스테크놀로지,특수 목적용 기계 제조업,반도체 Overlay 계측 장비,12월,2021Q1,2021,1,22641841.0,8459151.0,6407758.0,6688883.0,82200639.0,66870977.0,15927480.0,13375777.0,66273159.0,22572127.0,38351679.0,11553856.0,418929.0,110807.0,0.2645,500.0,9309542.0,2462374.0,45000.0,4654771.0,OFS
KOSDAQ,322310,오로스테크놀로지,특수 목적용 기계 제조업,반도체 Overlay 계측 장비,12월,2021Q2,2021,2,7622371.0,1080033.0,814563.0,3625806.0,81991273.0,59243963.0,14568306.0,12231646.0,67422966.0,23116912.0,34058133.0,2599133.0,316059.0,132524.0,0.4193,500.0,9309542.0,3903491.0,33950.0,4654771.0,OFS
KOSDAQ,322310,오로스테크놀로지,특수 목적용 기계 제조업,반도체 Overlay 계측 장비,12월,2021Q3,2021,3,3808054.0,-3078087.0,-2341422.0,4588721.0,79955035.0,55941936.0,13051610.0,10666651.0,66903425.0,20775490.0,29855950.0,-2119283.0,256012.0,107346.0,0.4193,500.0,9309542.0,3903491.0,27500.0,4683271.0,CFS
KOSDAQ,322310,오로스테크놀로지,특수 목적용 기계 제조업,반도체 Overlay 계측 장비,12월,2021Q4,2021,4,5458090.0,-4523802.0,-3083597.0,6952780.0,74725161.0,49918273.0,10266292.0,8089347.0,64458869.0,17718138.0,21613502.0,-2594008.0,294109.0,140055.0,0.4762,500.0,9366542.0,4460347.0,31400.0,4683271.0,CFS
KOSDAQ,322310,오로스테크놀로지,특수 목적용 기계 제조업,반도체 Overlay 계측 장비,12월,2022Q1,2022,1,9937292.0,-1644277.0,-1343311.0,7666037.0,69469615.0,44828224.0,7729894.0,5358700.0,61739720.0,16374827.0,26116128.0,-1627170.0,216835.0,103257.0,0.4762,500.0,9366542.0,4460347.0,23150.0,4683271.0,CFS
KOSDAQ,322310,오로스테크놀로지,특수 목적용 기계 제조업,반도체 Overlay 계측 장비,12월,2022Q2,2022,2,5180999.0,-3734610.0,-3369417.0,6623466.0,66835289.0,41969889.0,7819463.0,5509602.0,59015826.0,13005410.0,24116704.0,-4769097.0,135815.0,61755.0,0.4547,500.0,9366542.0,4258967.0,14500.0,4683271.0,CFS
KOSDAQ,322310,오로스테크놀로지,특수 목적용 기계 제조업,반도체 Overlay 계측 장비,12월,2022Q3,2022,3,6854601.0,-1035642.0,-359514.0,5012595.0,70082331.0,45502138.0,10709317.0,8301880.0,59373014.0,12645896.0,24579597.0,442612.0,86547.0,39353.0,0.4547,500.0,9366542.0,4258967.0,9240.0,4683271.0,CFS
KOSDAQ,322310,오로스테크놀로지,특수 목적용 기계 제조업,반도체 Overlay 계측 장비,12월,2022Q4,2022,4,13425311.0,3122461.0,2094240.0,6315330.0,69701932.0,41820543.0,8629171.0,5473248.0,61072761.0,13935203.0,19437989.0,-3253587.0,124107.0,56431.0,0.4547,500.0,9366542.0,4258967.0,13250.0,4683271.0,CFS
KOSDAQ,322310,오로스테크놀로지,특수 목적용 기계 제조업,반도체 Overlay 계측 장비,12월,2023Q1,2023,1,6931831.0,-2091130.0,-1863158.0,6692297.0,69817383.0,38319157.0,9940927.0,5991897.0,59876456.0,12072044.0,12632165.0,-3917740.0,179276.0,81517.0,0.4547,500.0,9366542.0,4258967.0,19140.0,4683271.0,CFS
KOSDAQ,322310,오로스테크놀로지,특수 목적용 기계 제조업,반도체 Overlay 계측 장비,12월,2023Q2,2023,2,7057598.0,-2843970.0,-2214349.0,6726900.0,77519633.0,41298767.0,19985155.0,16098046.0,57534477.0,9857695.0,16053786.0,9859732.0,236037.0,110135.0,0.4666,500.0,9366542.0,4370428.0,25200.0,4683271.0,CFS
KOSDAQ,322310,오로스테크놀로지,특수 목적용 기계 제조업,반도체 Overlay 계측 장비,12월,2023Q3,2023,3,12729496.0,2756933.0,3315736.0,6719603.0,75202882.0,38899580.0,16294312.0,12134597.0,58908570.0,13173431.0,13950972.0,-399890.0,167567.0,78187.0,0.4666,500.0,9366542.0,4370428.0,17890.0,4683271.0,CFS
KOSDAQ,322310,오로스테크놀로지,특수 목적용 기계 제조업,반도체 Overlay 계측 장비,12월,2023Q4,2023,4,18810573.0,4547841.0,4140359.0,7883939.0,74212053.0,38148166.0,11845146.0,6836841.0,62366907.0,16700628.0,14947232.0,1868786.0,273971.0,123068.0,0.4492,500.0,9366542.0,4207451.0,29250.0,4683271.0,CFS
KOSDAQ,322310,오로스테크놀로지,특수 목적용 기계 제조업,반도체 Overlay 계측 장비,12월,2024Q1,2024,1,3813081.0,-5986864.0,-5346404.0,7529794.0,76010094.0,40049741.0,18857343.0,13108260.0,57152751.0,11354224.0,8952835.0,-6396631.0,330171.0,148313.0,0.4492,500.0,9366542.0,4207451.0,35250.0,4683271.0,CFS
KOSDAQ,322310,오로스테크놀로지,특수 목적용 기계 제조업,반도체 Overlay 계측 장비,12월,2024Q2,2024,2,12026112.0,-522558.0,-339615.0,6627951.0,80922633.0,43709227.0,23897994.0,17735123.0,57024640.0,11014609.0,2676462.0,-6228137.0,214962.0,96539.0,0.4491,500.0,9366542.0,4206514.0,22950.0,4683271.0,CFS
KOSDAQ,322310,오로스테크놀로지,특수 목적용 기계 제조업,반도체 Overlay 계측 장비,12월,2024Q3,2024,3,16645330.0,2459965.0,2833538.0,7773352.0,90832507.0,53033986.0,31890161.0,25386061.0,58942346.0,13848147.0,11250225.0,3169393.0,164757.0,73992.0,0.4491,500.0,9366542.0,4206514.0,17590.0,4683271.0,CFS
KOSDAQ,322310,오로스테크놀로지,특수 목적용 기계 제조업,반도체 Overlay 계측 장비,12월,2024Q4,2024,4,28927651.0,10132691.0,8759130.0,8196869.0,94406434.0,52670058.0,26228935.0,20494443.0,68177499.0,22723209.0,14108946.0,4175916.0,150708.0,65844.0,0.4369,500.0,9366542.0,4092242.0,16090.0,4683271.0,CFS
KOSDAQ,322310,오로스테크놀로지,특수 목적용 기계 제조업,반도체 Overlay 계측 장비,12월,2025Q1,2025,1,16878231.0,-303616.0,-368996.0,8713538.0,95743431.0,51713351.0,27349045.0,21245371.0,68394386.0,22354213.0,12952552.0,2412208.0,196697.0,85937.0,0.4369,500.0,9366542.0,4092242.0,21000.0,4683271.0,CFS
KOSDAQ,322310,오로스테크놀로지,특수 목적용 기계 제조업,반도체 Overlay 계측 장비,12월,2025Q2,2025,2,13867760.0,-662364.0,-1000653.0,8066440.0,89998585.0,45937069.0,22686731.0,16109041.0,67311854.0,21353560.0,4285119.0,-4565451.0,188267.0,83158.0,0.4417,500.0,9366542.0,4137202.0,20100.0,4683271.0,CFS
KOSDAQ,322310,오로스테크놀로지,특수 목적용 기계 제조업,반도체 Overlay 계측 장비,12월,2025Q3,2025,3,7566670.0,-5810556.0,-5420769.0,8994671.0,91862179.0,43708497.0,29710107.0,20590334.0,62152073.0,15932790.0,2323667.0,-1134278.0,250555.0,110670.0,0.4417,500.0,9366542.0,4137202.0,26750.0,4683271.0,CFS
KOSDAQ,322310,오로스테크놀로지,특수 목적용 기계 제조업,반도체 Overlay 계측 장비,12월,2025Q4,2025,4,13823856.0,-1594814.0,369316.0,7919169.0,92165561.0,46064649.0,28700301.0,21237886.0,63465259.0,17000466.0,10647253.0,4958154.0,237910.0,105132.0,0.4419,500.0,9366542.0,4139075.0,25400.0,4683271.0,CFS
KOSDAQ,322310,오로스테크놀로지,특수 목적용 기계 제조업,반도체 Overlay 계측 장비,12월,2026Q1,2026,1,6812686.0,-6822635.0,-5107079.0,9895908.0,116813952.0,46140878.0,58114402.0,31974468.0,58699550.0,11893387.0,2816082.0,-9099547.0,278655.0,123138.0,0.4419,500.0,9366542.0,4139075.0,29750.0,4683271.0,CFS
KOSDAQ,348210,넥스틴,특수 목적용 기계 제조업,반도체 전공정용 패턴결함 검사장비(AEGIS 등),12월,2020Q3,2020,3,,,,,51675119.0,44737165.0,12689542.0,9950144.0,38985577.0,-5161455.0,29766981.0,,,,,,,,,1567080.0,CFS
KOSDAQ,348210,넥스틴,특수 목적용 기계 제조업,반도체 전공정용 패턴결함 검사장비(AEGIS 등),12월,2020Q4,2020,4,14743663.0,5666103.0,6031881.0,3445851.0,54259283.0,45335988.0,8371607.0,7637756.0,45887676.0,972720.0,14863276.0,-2909694.0,534638.0,348210.0,0.6513,500.0,3159800.0,2057978.0,169200.0,1579900.0,CFS
KOSDAQ,348210,넥스틴,특수 목적용 기계 제조업,반도체 전공정용 패턴결함 검사장비(AEGIS 등),12월,2021Q1,2021,1,10161517.0,2586230.0,3205350.0,2079299.0,56110866.0,44174793.0,6463619.0,5720180.0,49647247.0,14186480.0,17067916.0,3084290.0,710561.0,462788.0,0.6513,500.0,9563400.0,6228642.0,74300.0,4781700.0,CFS
KOSDAQ,348210,넥스틴,특수 목적용 기계 제조업,반도체 전공정용 패턴결함 검사장비(AEGIS 등),12월,2021Q2,2021,2,18263187.0,7305846.0,4668271.0,3746017.0,66387675.0,53839421.0,11209252.0,10369493.0,55178423.0,18846342.0,16199065.0,-350816.0,644573.0,421744.0,0.6543,500.0,9563400.0,6257333.0,67400.0,4781700.0,CFS
KOSDAQ,348210,넥스틴,특수 목적용 기계 제조업,반도체 전공정용 패턴결함 검사장비(AEGIS 등),12월,2021Q3,2021,3,15094839.0,7090982.0,6031659.0,3042868.0,72065430.0,57206953.0,10901079.0,9838966.0,61164351.0,24878001.0,18648383.0,5571323.0,516424.0,337896.0,0.6543,500.0,9563400.0,6257333.0,54000.0,4781700.0,CFS
KOSDAQ,348210,넥스틴,특수 목적용 기계 제조업,반도체 전공정용 패턴결함 검사장비(AEGIS 등),12월,2021Q4,2021,4,13589209.0,5081257.0,4169513.0,4061922.0,75979579.0,59559552.0,10352003.0,9528615.0,65627576.0,28633713.0,15286106.0,2101063.0,582879.0,418391.0,0.7178,500.0,9682380.0,6950012.0,60200.0,4841190.0,CFS
KOSDAQ,348210,넥스틴,특수 목적용 기계 제조업,반도체 전공정용 패턴결함 검사장비(AEGIS 등),12월,2022Q1,2022,1,16271881.0,6372484.0,5432526.0,2754940.0,82006387.0,66960741.0,15638470.0,14744045.0,66367917.0,29225049.0,28002961.0,12429199.0,663243.0,476076.0,0.7178,500.0,9682380.0,6950012.0,68500.0,4841190.0,CFS
KOSDAQ,348210,넥스틴,특수 목적용 기계 제조업,반도체 전공정용 패턴결함 검사장비(AEGIS 등),12월,2022Q2,2022,2,35589413.0,18737874.0,14532815.0,5963281.0,101121857.0,82776927.0,20346551.0,19179648.0,80775307.0,43757864.0,13082139.0,-326389.0,536404.0,391253.0,0.7294,500.0,9682380.0,7062328.0,55400.0,4841190.0,CFS
KOSDAQ,348210,넥스틴,특수 목적용 기계 제조업,반도체 전공정용 패턴결함 검사장비(AEGIS 등),12월,2022Q3,2022,3,42378347.0,23452735.0,20545768.0,6502541.0,124911180.0,102998251.0,27861119.0,26521530.0,97050062.0,64303632.0,27703442.0,21895450.0,436600.0,318456.0,0.7294,500.0,9956674.0,7262398.0,43850.0,4978337.0,CFS
KOSDAQ,348210,넥스틴,특수 목적용 기계 제조업,반도체 전공정용 패턴결함 검사장비(AEGIS 등),12월,2022Q4,2022,4,20703233.0,7940427.0,2898641.0,6398297.0,121191636.0,99713358.0,21553973.0,20210449.0,99637662.0,67171057.0,49813041.0,17114269.0,496340.0,354238.0,0.7137,500.0,9956674.0,7106078.0,49850.0,4978337.0,CFS
KOSDAQ,348210,넥스틴,특수 목적용 기계 제조업,반도체 전공정용 패턴결함 검사장비(AEGIS 등),12월,2023Q1,2023,1,18530774.0,8366220.0,7379522.0,5038309.0,132081373.0,107858143.0,29922689.0,28570768.0,102158684.0,69760554.0,51560527.0,10932388.0,662119.0,472554.0,0.7137,500.0,9956674.0,7106078.0,66500.0,4978337.0,CFS
KOSDAQ,348210,넥스틴,특수 목적용 기계 제조업,반도체 전공정용 패턴결함 검사장비(AEGIS 등),12월,2023Q2,2023,2,36028867.0,16620005.0,13476240.0,8735516.0,145153340.0,113867145.0,27597951.0,26352023.0,117555389.0,83381537.0,41830560.0,1504932.0,777002.0,556722.0,0.7165,500.0,10196878.0,7306063.0,76200.0,5098439.0,CFS
KOSDAQ,348210,넥스틴,특수 목적용 기계 제조업,반도체 전공정용 패턴결함 검사장비(AEGIS 등),12월,2023Q3,2023,3,14411403.0,5263497.0,4756454.0,4674405.0,147664100.0,88856721.0,24830113.0,22513692.0,122833987.0,88707661.0,12157968.0,-12142368.0,638325.0,457360.0,0.7165,500.0,10196878.0,7306063.0,62600.0,5098439.0,CFS
KOSDAQ,348210,넥스틴,특수 목적용 기계 제조업,반도체 전공정용 패턴결함 검사장비(AEGIS 등),12월,2023Q4,2023,4,18959527.0,5915815.0,5321384.0,7707652.0,142961731.0,78769918.0,15952636.0,14485303.0,127009095.0,92616546.0,7680169.0,101987.0,713316.0,512874.0,0.719,500.0,10278332.0,7390121.0,69400.0,5139166.0,CFS
KOSDAQ,348210,넥스틴,특수 목적용 기계 제조업,반도체 전공정용 패턴결함 검사장비(AEGIS 등),12월,2024Q1,2024,1,34186770.0,18923683.0,14707655.0,6611361.0,170379447.0,107532337.0,33490164.0,31520686.0,136889282.0,102516626.0,16230035.0,464988.0,734901.0,528394.0,0.719,500.0,10278332.0,7390121.0,71500.0,5139166.0,CFS
KOSDAQ,348210,넥스틴,특수 목적용 기계 제조업,반도체 전공정용 패턴결함 검사장비(AEGIS 등),12월,2024Q2,2024,2,14121520.0,-128610.0,1366290.0,9582480.0,166871520.0,97969702.0,28273941.0,24815787.0,138597579.0,103595750.0,21829979.0,17045146.0,719837.0,551899.0,0.7667,500.0,10357360.0,7940988.0,69500.0,5178680.0,CFS
KOSDAQ,348210,넥스틴,특수 목적용 기계 제조업,반도체 전공정용 패턴결함 검사장비(AEGIS 등),12월,2024Q3,2024,3,34708652.0,14587004.0,9271018.0,9324825.0,178677126.0,108284849.0,30766431.0,27026005.0,147910694.0,112866768.0,29531453.0,11526428.0,547956.0,420118.0,0.7667,500.0,10437250.0,8002240.0,52500.0,5218625.0,CFS
KOSDAQ,348210,넥스틴,특수 목적용 기계 제조업,반도체 전공정용 패턴결함 검사장비(AEGIS 등),12월,2024Q4,2024,4,30702934.0,13592650.0,13082678.0,7027657.0,189816881.0,110621215.0,32176812.0,19313651.0,157640068.0,125352823.0,31907295.0,13721609.0,533343.0,380220.0,0.7129,500.0,10437250.0,7440716.0,51100.0,5228625.0,CFS
KOSDAQ,348210,넥스틴,특수 목적용 기계 제조업,반도체 전공정용 패턴결함 검사장비(AEGIS 등),12월,2025Q1,2025,1,17083999.0,3412170.0,2873319.0,7309641.0,193365253.0,108217823.0,37011370.0,32457739.0,156353883.0,123081443.0,21445494.0,-6154242.0,599285.0,427230.0,0.7129,500.0,10477005.0,7469057.0,57200.0,5238502.0,CFS
KOSDAQ,348210,넥스틴,특수 목적용 기계 제조업,반도체 전공정용 패턴결함 검사장비(AEGIS 등),12월,2025Q2,2025,2,23159313.0,2578412.0,-1018738.0,6896848.0,196360097.0,103600532.0,41610190.0,38304649.0,154749908.0,122068585.0,19634590.0,-272209.0,531184.0,377194.0,0.7101,500.0,10477005.0,7439721.0,50700.0,5238502.0,CFS
KOSDAQ,348210,넥스틴,특수 목적용 기계 제조업,반도체 전공정용 패턴결함 검사장비(AEGIS 등),12월,2025Q3,2025,3,10739628.0,-3670830.0,-2372334.0,8559808.0,204266186.0,97933946.0,53162323.0,39764013.0,151103863.0,119838564.0,17514713.0,3072561.0,518612.0,368266.0,0.7101,500.0,10477005.0,7439721.0,49500.0,5238502.0,CFS
KOSDAQ,348210,넥스틴,특수 목적용 기계 제조업,반도체 전공정용 패턴결함 검사장비(AEGIS 등),12월,2025Q4,2025,4,15931388.0,-3480555.0,-2127992.0,10950252.0,222879250.0,95748220.0,72740127.0,49620130.0,150139124.0,116956892.0,14641053.0,-7754753.0,753297.0,529568.0,0.703,500.0,10477005.0,7365335.0,71900.0,5238502.0,CFS
KOSDAQ,348210,넥스틴,특수 목적용 기계 제조업,반도체 전공정용 패턴결함 검사장비(AEGIS 등),12월,2026Q1,2026,1,7929284.0,-5543994.0,-2477182.0,9072080.0,243514734.0,101992847.0,99029180.0,56403227.0,144485554.0,109647677.0,16152594.0,-4480821.0,654813.0,460334.0,0.703,500.0,10477005.0,7365335.0,62500.0,5238502.0,CFS
KOSPI,353200,대덕전자,전자부품 제조업,"PCB(Printed Circuit Board, 인쇄회로기판)의 제조 및 판매",12월,2020Q2,2020,2,,,,,792621276.0,294403942.0,141828774.0,130394088.0,650792502.0,-133218.0,30840889.0,,383475.0,257580.0,0.6717,500.0,49416925.0,33193349.0,7760.0,25756222.0,CFS
KOSPI,353200,대덕전자,전자부품 제조업,"PCB(Printed Circuit Board, 인쇄회로기판)의 제조 및 판매",12월,2020Q3,2020,3,248986051.0,7705271.0,3368785.0,10483663.0,798841999.0,288353340.0,145390940.0,134558615.0,653451059.0,3292433.0,22729986.0,19682532.0,526290.0,353509.0,0.6717,500.0,49416925.0,33193349.0,10650.0,25756222.0,CFS
KOSPI,353200,대덕전자,전자부품 제조업,"PCB(Printed Circuit Board, 인쇄회로기판)의 제조 및 판매",12월,2020Q4,2020,4,222988333.0,-7806925.0,-12048714.0,13448074.0,809177121.0,263898991.0,171396181.0,157632172.0,637780940.0,70083239.0,22624703.0,59186966.0,622653.0,418111.0,0.6715,500.0,49416925.0,33183465.0,12600.0,25756222.0,CFS
KOSPI,353200,대덕전자,전자부품 제조업,"PCB(Printed Circuit Board, 인쇄회로기판)의 제조 및 판매",12월,2021Q1,2021,1,234241662.0,5457683.0,12530751.0,10473649.0,837300769.0,284509657.0,201092971.0,185139950.0,636207798.0,65386167.0,15071692.0,-24550758.0,691837.0,464569.0,0.6715,500.0,49416925.0,33183465.0,14000.0,25756222.0,CFS
KOSPI,353200,대덕전자,전자부품 제조업,"PCB(Printed Circuit Board, 인쇄회로기판)의 제조 및 판매",12월,2021Q2,2021,2,230059246.0,14530445.0,9052741.0,8650697.0,812261437.0,262085120.0,169329738.0,153795744.0,642931700.0,71652220.0,5834689.0,74512642.0,803025.0,539151.0,0.6714,500.0,49416925.0,33178523.0,16250.0,25756222.0,CFS
KOSPI,353200,대덕전자,전자부품 제조업,"PCB(Printed Circuit Board, 인쇄회로기판)의 제조 및 판매",12월,2021Q3,2021,3,255679135.0,25672585.0,22749523.0,10280544.0,840883807.0,285234632.0,173707102.0,155575420.0,667176705.0,94391392.0,1755536.0,26929124.0,827733.0,555740.0,0.6714,500.0,49416925.0,33178523.0,16750.0,25756222.0,CFS
KOSPI,353200,대덕전자,전자부품 제조업,"PCB(Printed Circuit Board, 인쇄회로기판)의 제조 및 판매",12월,2021Q4,2021,4,280951475.0,26806414.0,18694273.0,15777505.0,941014399.0,372780446.0,259131515.0,182382542.0,681882884.0,109077909.0,76665885.0,126917768.0,1230481.0,826145.0,0.6714,500.0,49416925.0,33178523.0,24900.0,25756222.0,CFS
KOSPI,353200,대덕전자,전자부품 제조업,"PCB(Printed Circuit Board, 인쇄회로기판)의 제조 및 판매",12월,2022Q1,2022,1,305351616.0,44772598.0,36397659.0,12398765.0,1002578588.0,414550979.0,299384105.0,207385640.0,703194483.0,33390161.0,83840882.0,56075447.0,1403441.0,942270.0,0.6714,500.0,49416925.0,33178523.0,28400.0,25756222.0,CFS
KOSPI,353200,대덕전자,전자부품 제조업,"PCB(Printed Circuit Board, 인쇄회로기판)의 제조 및 판매",12월,2022Q2,2022,2,342959560.0,61885661.0,54826655.0,16711353.0,1121348381.0,514188710.0,362259328.0,250085214.0,759089053.0,88021127.0,114344463.0,91374981.0,1292253.0,867877.0,0.6716,500.0,49416925.0,33188407.0,26150.0,25756222.0,CFS
KOSPI,353200,대덕전자,전자부품 제조업,"PCB(Printed Circuit Board, 인쇄회로기판)의 제조 및 판매",12월,2022Q3,2022,3,371400871.0,77532239.0,70494894.0,18563524.0,1215152495.0,556871997.0,383391551.0,277633830.0,831760944.0,158426999.0,131631058.0,89584483.0,1050110.0,705254.0,0.6716,500.0,49416925.0,33188407.0,21250.0,25756222.0,CFS
KOSPI,353200,대덕전자,전자부품 제조업,"PCB(Printed Circuit Board, 인쇄회로기판)의 제조 및 판매",12월,2022Q4,2022,4,296451373.0,48332521.0,22205935.0,16654855.0,1191756988.0,498103204.0,336767846.0,265030183.0,854989142.0,184818615.0,122363724.0,56584088.0,933980.0,627354.0,0.6717,500.0,49416925.0,33193349.0,18900.0,25756222.0,CFS
KOSPI,353200,대덕전자,전자부품 제조업,"PCB(Printed Circuit Board, 인쇄회로기판)의 제조 및 판매",12월,2023Q1,2023,1,217653391.0,10273275.0,11220246.0,12685418.0,1156681034.0,456523459.0,310255255.0,225732487.0,846425779.0,14296130.0,123020015.0,46448748.0,1171181.0,786682.0,0.6717,500.0,49416925.0,33193349.0,23700.0,25756222.0,CFS
KOSPI,353200,대덕전자,전자부품 제조업,"PCB(Printed Circuit Board, 인쇄회로기판)의 제조 및 판매",12월,2023Q2,2023,2,219859008.0,5611809.0,4299723.0,13132884.0,1113426384.0,416554712.0,262825370.0,185831944.0,850601014.0,18382631.0,141734749.0,35291928.0,1593696.0,1070804.0,0.6719,500.0,49416925.0,33203232.0,32250.0,25756222.0,CFS
KOSPI,353200,대덕전자,전자부품 제조업,"PCB(Printed Circuit Board, 인쇄회로기판)의 제조 및 판매",12월,2023Q3,2023,3,237787428.0,1416237.0,3765618.0,12252912.0,1108912347.0,428012843.0,254850211.0,180405373.0,854062136.0,22131174.0,73332123.0,48293546.0,1294723.0,869924.0,0.6719,500.0,49416925.0,33203232.0,26200.0,25756222.0,CFS
KOSPI,353200,대덕전자,전자부품 제조업,"PCB(Printed Circuit Board, 인쇄회로기판)의 제조 및 판매",12월,2023Q4,2023,4,234351659.0,6430723.0,6092234.0,13332177.0,1127535530.0,433050451.0,259199450.0,176728998.0,868336080.0,37368066.0,76565618.0,50714893.0,1336728.0,898014.0,0.6718,500.0,49416925.0,33198290.0,27050.0,25756222.0,CFS
KOSPI,353200,대덕전자,전자부품 제조업,"PCB(Printed Circuit Board, 인쇄회로기판)의 제조 및 판매",12월,2024Q1,2024,1,214765965.0,-2885886.0,1970835.0,11685896.0,1128638347.0,443275660.0,273144662.0,201122124.0,855493685.0,6414747.0,63665040.0,42190350.0,1213186.0,815018.0,0.6718,500.0,49416925.0,33198290.0,24550.0,25756222.0,CFS
KOSPI,353200,대덕전자,전자부품 제조업,"PCB(Printed Circuit Board, 인쇄회로기판)의 제조 및 판매",12월,2024Q2,2024,2,238238517.0,10903642.0,12231292.0,13012468.0,1110766696.0,445032214.0,243018059.0,180221496.0,867748637.0,18510296.0,28109548.0,17803921.0,1069876.0,719385.0,0.6724,500.0,49416925.0,33227940.0,21650.0,25756222.0,CFS
KOSPI,353200,대덕전자,전자부품 제조업,"PCB(Printed Circuit Board, 인쇄회로기판)의 제조 및 판매",12월,2024Q3,2024,3,232654030.0,9218191.0,5176583.0,12345395.0,1096686469.0,451435175.0,224134951.0,167798467.0,872551518.0,23831328.0,42166489.0,29277446.0,929532.0,625017.0,0.6724,500.0,49416925.0,33227940.0,18810.0,25756222.0,CFS
KOSPI,353200,대덕전자,전자부품 제조업,"PCB(Printed Circuit Board, 인쇄회로기판)의 제조 및 판매",12월,2024Q4,2024,4,206477392.0,-5976458.0,4384017.0,13243754.0,1088723751.0,465866346.0,213209812.0,159688138.0,875513939.0,24674718.0,38156614.0,8550730.0,765962.0,515033.0,0.6724,500.0,49416925.0,33227940.0,15500.0,25756222.0,CFS
KOSPI,353200,대덕전자,전자부품 제조업,"PCB(Printed Circuit Board, 인쇄회로기판)의 제조 및 판매",12월,2025Q1,2025,1,215375771.0,-6201502.0,-5700600.0,11847356.0,1106261773.0,505172897.0,257062876.0,214063338.0,849198897.0,26494495.0,58901939.0,11874080.0,775846.0,521679.0,0.6724,500.0,49416925.0,33227940.0,15700.0,25756222.0,CFS
KOSPI,353200,대덕전자,전자부품 제조업,"PCB(Printed Circuit Board, 인쇄회로기판)의 제조 및 판매",12월,2025Q2,2025,2,245857720.0,1866095.0,4408900.0,15142861.0,1093051498.0,497256467.0,242222618.0,203284913.0,850828879.0,30883657.0,26836876.0,10997711.0,855901.0,575508.0,0.6724,500.0,49416925.0,33227940.0,17320.0,25756222.0,CFS
KOSPI,353200,대덕전자,전자부품 제조업,"PCB(Printed Circuit Board, 인쇄회로기판)의 제조 및 판매",12월,2025Q3,2025,3,286173331.0,24447837.0,23278951.0,15132017.0,1135732421.0,539591523.0,260785099.0,233873999.0,874947322.0,54431618.0,36468296.0,33221863.0,1396028.0,938689.0,0.6724,500.0,49416925.0,33227940.0,28250.0,25756222.0,CFS
KOSPI,353200,대덕전자,전자부품 제조업,"PCB(Printed Circuit Board, 인쇄회로기판)의 제조 및 판매",12월,2025Q4,2025,4,317887737.0,28949053.0,25618078.0,17106226.0,1178006544.0,588417855.0,280701384.0,248098651.0,897305160.0,75993062.0,33867888.0,15458066.0,2327537.0,1565036.0,0.6724,500.0,49416925.0,33227940.0,47100.0,25756222.0,CFS
KOSPI,353200,대덕전자,전자부품 제조업,"PCB(Printed Circuit Board, 인쇄회로기판)의 제조 및 판매",12월,2026Q1,2026,1,346314164.0,51298109.0,45502474.0,21102938.0,1195142177.0,596672836.0,276491647.0,246364245.0,918650529.0,93236674.0,75653442.0,55598917.0,3790278.0,2548583.0,0.6724,500.0,49416925.0,33227940.0,76700.0,25756222.0,CFS
KOSDAQ,357780,솔브레인,기타 화학제품 제조업,반도체 및 디스플레이 관련 화학재료 제조ㆍ판매 등,12월,2020Q3,2020,3,,,,,679923147.0,328459431.0,196672307.0,194204296.0,483250840.0,36992647.0,135160509.0,,1685615.0,,,500.0,7778566.0,,216700.0,3889283.0,CFS
KOSDAQ,357780,솔브레인,기타 화학제품 제조업,반도체 및 디스플레이 관련 화학재료 제조ㆍ판매 등,12월,2020Q4,2020,4,239556805.0,49696533.0,26794169.0,13699315.0,717745271.0,368191640.0,209294557.0,205818227.0,508450714.0,63266820.0,184120569.0,81066875.0,2118104.0,1133186.0,0.535,500.0,7778566.0,4161533.0,272300.0,3889283.0,CFS
KOSDAQ,357780,솔브레인,기타 화학제품 제조업,반도체 및 디스플레이 관련 화학재료 제조ㆍ판매 등,12월,2021Q1,2021,1,239178113.0,50515307.0,42101943.0,15709795.0,730395080.0,384938124.0,193223655.0,189772132.0,537171425.0,89494210.0,182279115.0,24922077.0,2253451.0,1205596.0,0.535,500.0,7778566.0,4161533.0,289700.0,3889283.0,CFS
KOSDAQ,357780,솔브레인,기타 화학제품 제조업,반도체 및 디스플레이 관련 화학재료 제조ㆍ판매 등,12월,2021Q2,2021,2,243491495.0,43139020.0,30972540.0,15370064.0,702862103.0,352686402.0,133890979.0,130131021.0,568971124.0,119640319.0,124342112.0,27720288.0,2556815.0,1368152.0,0.5351,500.0,7778566.0,4162311.0,328700.0,3889283.0,CFS
KOSDAQ,357780,솔브레인,기타 화학제품 제조업,반도체 및 디스플레이 관련 화학재료 제조ㆍ판매 등,12월,2021Q3,2021,3,275900398.0,50562874.0,42314283.0,17726575.0,741218074.0,386953441.0,127114105.0,123358301.0,614103969.0,160993590.0,137098727.0,16310354.0,2125104.0,1137143.0,0.5351,500.0,7778566.0,4162311.0,273200.0,3889283.0,CFS
KOSDAQ,357780,솔브레인,기타 화학제품 제조업,반도체 및 디스플레이 관련 화학재료 제조ㆍ판매 등,12월,2021Q4,2021,4,265343364.0,44623417.0,36832026.0,17727818.0,829946537.0,438576237.0,177761363.0,173146367.0,652185174.0,196640108.0,168689084.0,62948585.0,2166331.0,1167003.0,0.5387,500.0,7778566.0,4190314.0,278500.0,3889283.0,CFS
KOSDAQ,357780,솔브레인,기타 화학제품 제조업,반도체 및 디스플레이 관련 화학재료 제조ㆍ판매 등,12월,2022Q1,2022,1,281590931.0,57635151.0,48746273.0,21143756.0,837711210.0,401905227.0,151764326.0,146459398.0,685946884.0,228638196.0,134853572.0,-25981051.0,1904193.0,1025789.0,0.5387,500.0,7778566.0,4190314.0,244800.0,3889283.0,CFS
KOSDAQ,357780,솔브레인,기타 화학제품 제조업,반도체 및 디스플레이 관련 화학재료 제조ㆍ판매 등,12월,2022Q2,2022,2,272792984.0,55315117.0,49833692.0,20053244.0,853079510.0,401299776.0,116060839.0,110871401.0,737018670.0,277534068.0,162741911.0,72655377.0,1778180.0,957906.0,0.5387,500.0,7778566.0,4190314.0,228600.0,3889283.0,CFS
KOSDAQ,357780,솔브레인,기타 화학제품 제조업,반도체 및 디스플레이 관련 화학재료 제조ㆍ판매 등,12월,2022Q3,2022,3,276182156.0,50075703.0,48871523.0,25096662.0,905089894.0,430315985.0,116283216.0,110865391.0,788806678.0,324828361.0,165396928.0,79735013.0,1383807.0,745457.0,0.5387,500.0,7778566.0,4190314.0,177900.0,3889283.0,CFS
KOSDAQ,357780,솔브레인,기타 화학제품 제조업,반도체 및 디스플레이 관련 화학재료 제조ㆍ판매 등,12월,2022Q4,2022,4,260301376.0,44024696.0,20221445.0,24461959.0,934907218.0,458877301.0,135667906.0,127596016.0,799239312.0,344289660.0,167741412.0,64405851.0,1694950.0,910527.0,0.5372,500.0,7778566.0,4178646.0,217900.0,3889283.0,CFS
KOSDAQ,357780,솔브레인,기타 화학제품 제조업,반도체 및 디스플레이 관련 화학재료 제조ㆍ판매 등,12월,2023Q1,2023,1,242991383.0,49054266.0,45586530.0,16957214.0,956323408.0,495230824.0,129692852.0,121263275.0,826630556.0,374059011.0,189480201.0,35463355.0,1827963.0,981982.0,0.5372,500.0,7778566.0,4178646.0,235000.0,3889283.0,CFS
KOSDAQ,357780,솔브레인,기타 화학제품 제조업,반도체 및 디스플레이 관련 화학재료 제조ㆍ판매 등,12월,2023Q2,2023,2,218683521.0,33053030.0,33147986.0,17136327.0,964532154.0,476467897.0,97670860.0,89075242.0,866861294.0,406737515.0,183436110.0,58164678.0,1952420.0,1045911.0,0.5357,500.0,7778566.0,4166978.0,251000.0,3889283.0,CFS
KOSDAQ,357780,솔브레인,기타 화학제품 제조업,반도체 및 디스플레이 관련 화학재료 제조ㆍ판매 등,12월,2023Q3,2023,3,187371537.0,28561678.0,28495850.0,-83132750.0,984467186.0,497494022.0,87770268.0,78974167.0,896696918.0,435417314.0,209921281.0,50947441.0,1785181.0,956321.0,0.5357,500.0,7778566.0,4166978.0,229500.0,3889283.0,CFS
KOSDAQ,357780,솔브레인,기타 화학제품 제조업,반도체 및 디스플레이 관련 화학재료 제조ㆍ판매 등,12월,2023Q4,2023,4,194982682.0,22819403.0,23725018.0,108630120.0,995442871.0,345056036.0,76620709.0,71113528.0,918822162.0,459143442.0,160827491.0,76470386.0,2364684.0,1286388.0,0.544,500.0,7778566.0,4231540.0,304000.0,3889283.0,CFS
KOSDAQ,357780,솔브레인,기타 화학제품 제조업,반도체 및 디스플레이 관련 화학재료 제조ㆍ판매 등,12월,2024Q1,2024,1,210709761.0,46046287.0,46171532.0,-17700789.0,1075026275.0,420870963.0,121570044.0,115860118.0,953456231.0,489511466.0,224973016.0,75717537.0,2430802.0,1322356.0,0.544,500.0,7778566.0,4231540.0,312500.0,3889283.0,CFS
KOSDAQ,357780,솔브레인,기타 화학제품 제조업,반도체 및 디스플레이 관련 화학재료 제조ㆍ판매 등,12월,2024Q2,2024,2,216280347.0,45762570.0,44068953.0,-19095798.0,1098836663.0,433216795.0,97826484.0,92133684.0,1001010179.0,533501746.0,212346366.0,47166947.0,2259673.0,1229488.0,0.5441,500.0,7778566.0,4232318.0,290500.0,3889283.0,CFS
KOSDAQ,357780,솔브레인,기타 화학제품 제조업,반도체 및 디스플레이 관련 화학재료 제조ㆍ판매 등,12월,2024Q3,2024,3,219902842.0,39719603.0,29798789.0,-20596133.0,1133115234.0,474400573.0,105318721.0,99211061.0,1027796513.0,563114530.0,234592529.0,78857429.0,1726842.0,939575.0,0.5441,500.0,7778566.0,4232318.0,222000.0,3889283.0,CFS
KOSDAQ,357780,솔브레인,기타 화학제품 제조업,반도체 및 디스플레이 관련 화학재료 제조ㆍ판매 등,12월,2024Q4,2024,4,216463207.0,36420297.0,-427395.0,135833179.0,1168214134.0,521491176.0,130878285.0,123720341.0,1037335849.0,562094529.0,241614508.0,60603446.0,1286575.0,702727.0,0.5462,500.0,7778566.0,4248653.0,165400.0,3889283.0,CFS
KOSDAQ,357780,솔브레인,기타 화학제품 제조업,반도체 및 디스플레이 관련 화학재료 제조ㆍ판매 등,12월,2025Q1,2025,1,209470159.0,36048750.0,32991581.0,21898559.0,1312904012.0,577155747.0,236400908.0,137402346.0,1076503104.0,575292184.0,279931751.0,25257175.0,1467038.0,801296.0,0.5462,500.0,7778566.0,4248653.0,188600.0,3889283.0,CFS
KOSDAQ,357780,솔브레인,기타 화학제품 제조업,반도체 및 디스플레이 관련 화학재료 제조ㆍ판매 등,12월,2025Q2,2025,2,228825971.0,20169987.0,12599262.0,26737132.0,1341621537.0,492353210.0,275545412.0,122937690.0,1066076125.0,586653992.0,180509006.0,15072896.0,1400142.0,749496.0,0.5353,500.0,7778566.0,4163866.0,180000.0,3889283.0,CFS
KOSDAQ,357780,솔브레인,기타 화학제품 제조업,반도체 및 디스플레이 관련 화학재료 제조ㆍ판매 등,12월,2025Q3,2025,3,241101104.0,34385648.0,27756588.0,24431248.0,1397346518.0,534703308.0,298954432.0,139844309.0,1098392086.0,612651377.0,210154868.0,51165011.0,2244116.0,1201275.0,0.5353,500.0,7778566.0,4163866.0,288500.0,3889283.0,CFS
KOSDAQ,357780,솔브레인,기타 화학제품 제조업,반도체 및 디스플레이 관련 화학재료 제조ㆍ판매 등,12월,2025Q4,2025,4,243984733.0,43038020.0,10641785.0,25958765.0,1446750283.0,579615845.0,335174469.0,146438890.0,1111575813.0,623343218.0,247656559.0,55426813.0,2037984.0,1090933.0,0.5353,500.0,7778566.0,4163866.0,262000.0,3889283.0,CFS
KOSDAQ,357780,솔브레인,기타 화학제품 제조업,반도체 및 디스플레이 관련 화학재료 제조ㆍ판매 등,12월,2026Q1,2026,1,263804790.0,44700376.0,37926851.0,27699218.0,1492188320.0,611771855.0,339735317.0,209237291.0,1152453003.0,641458265.0,281445095.0,34497687.0,2831398.0,1515647.0,0.5353,500.0,7778566.0,4163866.0,364000.0,3889283.0,CFS
KOSDAQ,394280,오픈엣지테크놀로지,소프트웨어 개발 및 공급업,시스템 반도체 IP,12월,2022Q3,2022,3,,,,,58632095.0,48137380.0,12960469.0,8491019.0,45671625.0,-55515631.0,36940753.0,,220184.0,,,100.0,20870474.0,,10550.0,2087047.0,CFS
KOSDAQ,394280,오픈엣지테크놀로지,소프트웨어 개발 및 공급업,시스템 반도체 IP,12월,2022Q4,2022,4,1426380.0,-12917672.0,-12745421.0,,53855198.0,44303667.0,21605851.0,18318003.0,32249347.0,-68269049.0,4581373.0,-11584346.0,154836.0,111188.0,0.7181,100.0,20895524.0,15005076.0,7410.0,2116061.0,CFS
KOSDAQ,394280,오픈엣지테크놀로지,소프트웨어 개발 및 공급업,시스템 반도체 IP,12월,2023Q1,2023,1,1059051.0,-7741587.0,-7630710.0,,45659899.0,34483839.0,20576742.0,17126432.0,25083157.0,-75899759.0,13867139.0,-5748540.0,413934.0,297246.0,0.7181,100.0,21162274.0,15196629.0,19560.0,2116227.0,CFS
KOSDAQ,394280,오픈엣지테크놀로지,소프트웨어 개발 및 공급업,시스템 반도체 IP,12월,2023Q2,2023,2,2841698.0,-5580547.0,-5556963.0,,39860077.0,27125138.0,18311170.0,14880630.0,21548906.0,-81456722.0,8505159.0,-5110849.0,410144.0,302645.0,0.7379,100.0,21372810.0,15770996.0,19190.0,2137281.0,CFS
KOSDAQ,394280,오픈엣지테크놀로지,소프트웨어 개발 및 공급업,시스템 반도체 IP,12월,2023Q3,2023,3,1885046.0,-7426310.0,-7310323.0,,42875745.0,30473377.0,27979139.0,24507143.0,14896606.0,-88767045.0,10496754.0,-1478036.0,389281.0,287250.0,0.7379,100.0,21424360.0,15809035.0,18170.0,2142436.0,CFS
KOSDAQ,394280,오픈엣지테크놀로지,소프트웨어 개발 및 공급업,시스템 반도체 IP,12월,2023Q4,2023,4,13808768.0,4884584.0,5641969.0,,44692020.0,29842671.0,24120855.0,19749846.0,20571165.0,-83411530.0,4240476.0,-7551117.0,550444.0,413549.0,0.7513,100.0,21459810.0,16122755.0,25650.0,2145981.0,CFS
KOSDAQ,394280,오픈엣지테크놀로지,소프트웨어 개발 및 공급업,시스템 반도체 IP,12월,2024Q1,2024,1,2483566.0,-7105867.0,-7105745.0,,37304520.0,25086139.0,23041268.0,18938616.0,14263252.0,-90517274.0,8604321.0,-68488.0,621347.0,466818.0,0.7513,100.0,21725410.0,16322301.0,28600.0,2172541.0,CFS
KOSDAQ,394280,오픈엣지테크놀로지,소프트웨어 개발 및 공급업,시스템 반도체 IP,12월,2024Q2,2024,2,4050461.0,-5733469.0,-5761844.0,,33664209.0,22448692.0,23633665.0,18662016.0,10030543.0,-96279118.0,5737481.0,-5768140.0,454329.0,339974.0,0.7483,100.0,21842757.0,16344935.0,20800.0,2184276.0,CFS
KOSDAQ,394280,오픈엣지테크놀로지,소프트웨어 개발 및 공급업,시스템 반도체 IP,12월,2024Q3,2024,3,6623948.0,-2476982.0,-2739396.0,,90391713.0,79950528.0,23077881.0,18300578.0,67313832.0,-99018515.0,5919504.0,-3758294.0,289305.0,216487.0,0.7483,113.0,21850827.0,16350974.0,13240.0,2480053.0,CFS
KOSDAQ,394280,오픈엣지테크놀로지,소프트웨어 개발 및 공급업,시스템 반도체 IP,12월,2024Q4,2024,4,2170499.0,-9295939.0,-11680211.0,,86678234.0,73965063.0,25961008.0,21526476.0,60717226.0,-110710904.0,14007844.0,-731128.0,304701.0,229257.0,0.7524,113.0,21873757.0,16457815.0,13930.0,2482346.0,CFS
KOSDAQ,394280,오픈엣지테크놀로지,소프트웨어 개발 및 공급업,시스템 반도체 IP,12월,2025Q1,2025,1,4801112.0,-6609860.0,-6366667.0,,78041405.0,65630411.0,26631459.0,22280644.0,51409946.0,-117077572.0,10390912.0,-8516991.0,268780.0,202230.0,0.7524,113.0,21887607.0,16468236.0,12280.0,2483731.0,CFS
KOSDAQ,394280,오픈엣지테크놀로지,소프트웨어 개발 및 공급업,시스템 반도체 IP,12월,2025Q2,2025,2,2597055.0,-8758274.0,-8888534.0,,69981074.0,57641042.0,26901046.0,22399230.0,43080028.0,-126067889.0,17581245.0,-4442800.0,314650.0,235453.0,0.7483,113.0,22003494.0,16465215.0,14300.0,2495320.0,CFS
KOSDAQ,394280,오픈엣지테크놀로지,소프트웨어 개발 및 공급업,시스템 반도체 IP,12월,2025Q3,2025,3,5256270.0,-5974709.0,-5637377.0,,62785878.0,51545295.0,24665023.0,20478524.0,38120854.0,-131739453.0,11730135.0,-7922258.0,261085.0,195370.0,0.7483,113.0,22032469.0,16486897.0,11850.0,2498218.0,CFS
KOSDAQ,394280,오픈엣지테크놀로지,소프트웨어 개발 및 공급업,시스템 반도체 IP,12월,2025Q4,2025,4,3404373.0,-7564455.0,-9240113.0,,47545450.0,30138401.0,30476113.0,24850912.0,17069337.0,-152773920.0,12041647.0,2244824.0,316555.0,238619.0,0.7538,113.0,22059579.0,16628511.0,14350.0,2500928.0,CFS
KOSDAQ,394280,오픈엣지테크놀로지,소프트웨어 개발 및 공급업,시스템 반도체 IP,12월,2026Q1,2026,1,2673764.0,-9017562.0,-9135008.0,,39706139.0,20795485.0,30043790.0,23759099.0,9662350.0,-161908928.0,4859329.0,-11290041.0,379960.0,286414.0,0.7538,100.0,26276655.0,19807343.0,14460.0,2627666.0,CFS
KOSDAQ,403870,HPSP,특수 목적용 기계 제조업,고압 수소 어닐링 장비,12월,2022Q3,2022,3,,,,,258125383.0,244353974.0,72106742.0,69496220.0,186018641.0,87819404.0,184647359.0,,1101218.0,,,500.0,19949595.0,,55200.0,9974798.0,OFS
KOSDAQ,403870,HPSP,특수 목적용 기계 제조업,고압 수소 어닐링 장비,12월,2022Q4,2022,4,43851980.0,18869530.0,7920093.0,10707402.0,260926477.0,245046978.0,65554608.0,63423915.0,195371869.0,96020413.0,130015123.0,18373160.0,1085502.0,617976.0,0.5693,500.0,20289750.0,11550955.0,53500.0,10144875.0,OFS
KOSDAQ,403870,HPSP,특수 목적용 기계 제조업,고압 수소 어닐링 장비,12월,2023Q1,2023,1,58757858.0,34915964.0,31109372.0,5580519.0,289975202.0,269182019.0,65168143.0,63194071.0,224807059.0,125316323.0,42746075.0,18908150.0,508258.0,289351.0,0.5693,2000.0,20289750.0,11550955.0,25050.0,40579500.0,OFS
KOSDAQ,403870,HPSP,특수 목적용 기계 제조업,고압 수소 어닐링 장비,12월,2023Q2,2023,2,47903682.0,26592499.0,22401807.0,5329693.0,309251621.0,285240026.0,61174178.0,59389189.0,248077444.0,147718129.0,71897372.0,22842598.0,2313032.0,1332306.0,0.576,500.0,81159000.0,46747584.0,28500.0,40579500.0,OFS
KOSDAQ,403870,HPSP,특수 목적용 기계 제조업,고압 수소 어닐링 장비,12월,2023Q3,2023,3,41948944.0,21586187.0,20496494.0,5252017.0,309633009.0,280098892.0,43624362.0,42011924.0,266008646.0,168214623.0,46506145.0,17320189.0,2446944.0,1409440.0,0.576,500.0,81159000.0,46747584.0,30150.0,40579500.0,OFS
KOSDAQ,403870,HPSP,특수 목적용 기계 제조업,고압 수소 어닐링 장비,12월,2023Q4,2023,4,30476177.0,12111424.0,6424730.0,7220611.0,320687607.0,275836047.0,43607318.0,41554583.0,277080289.0,174755294.0,43324483.0,7306133.0,3632721.0,2121146.0,0.5839,500.0,82844274.0,48372772.0,43850.0,41422137.0,OFS
KOSDAQ,403870,HPSP,특수 목적용 기계 제조업,고압 수소 어닐링 장비,12월,2024Q1,2024,1,37753002.0,19975064.0,21338463.0,6444753.0,353204941.0,304373327.0,60151810.0,59013247.0,293053131.0,188606616.0,58061419.0,38550547.0,4403803.0,2571381.0,0.5839,500.0,82934144.0,48425247.0,53100.0,41467072.0,OFS
KOSDAQ,403870,HPSP,특수 목적용 기계 제조업,고압 수소 어닐링 장비,12월,2024Q2,2024,2,27309098.0,12051394.0,14410042.0,6728330.0,327757883.0,278890611.0,39146892.0,38028093.0,288610991.0,203016658.0,29740414.0,-30805650.0,3246872.0,1902342.0,0.5859,500.0,82934144.0,48591115.0,39150.0,41467072.0,OFS
KOSDAQ,403870,HPSP,특수 목적용 기계 제조업,고압 수소 어닐링 장비,12월,2024Q3,2024,3,49721353.0,26164140.0,17054629.0,9427464.0,289774516.0,238989002.0,48010903.0,47251617.0,241763613.0,220071287.0,73386624.0,30867980.0,2579252.0,1511184.0,0.5859,500.0,82934144.0,48591115.0,31100.0,41467072.0,OFS
KOSDAQ,403870,HPSP,특수 목적용 기계 제조업,고압 수소 어닐링 장비,12월,2024Q4,2024,4,66618154.0,35755096.0,33477097.0,13065405.0,319896334.0,237711760.0,41985505.0,40960057.0,277910828.0,253432828.0,61287399.0,45216395.0,2167750.0,1216758.0,0.5613,500.0,83214976.0,46708566.0,26050.0,41607488.0,OFS
KOSDAQ,403870,HPSP,특수 목적용 기계 제조업,고압 수소 어닐링 장비,12월,2025Q1,2025,1,36895112.0,18707372.0,15201346.0,8303375.0,345171907.0,263617526.0,98470981.0,97583932.0,246700926.0,220414971.0,95996858.0,34499090.0,2183488.0,1225592.0,0.5613,500.0,83498568.0,46867746.0,26150.0,41749284.0,OFS
KOSDAQ,403870,HPSP,특수 목적용 기계 제조업,고압 수소 어닐링 장비,12월,2025Q2,2025,2,51346985.0,28643684.0,20703227.0,9217715.0,299060037.0,217023270.0,30065105.0,29262727.0,268994932.0,241118198.0,66116593.0,-2313770.0,2317085.0,1302897.0,0.5623,500.0,83498568.0,46951245.0,27750.0,41749284.0,OFS
KOSDAQ,403870,HPSP,특수 목적용 기계 제조업,고압 수소 어닐링 장비,12월,2025Q3,2025,3,32046764.0,15107237.0,13486775.0,7497142.0,339702246.0,258212819.0,55825868.0,55021497.0,283876378.0,254604973.0,123050192.0,51394509.0,2818077.0,1584605.0,0.5623,500.0,83498568.0,46951245.0,33750.0,41749284.0,OFS
KOSDAQ,403870,HPSP,특수 목적용 기계 제조업,고압 수소 어닐링 장비,12월,2025Q4,2025,4,52675711.0,27444049.0,23270877.0,11369744.0,369707189.0,289037617.0,61476437.0,60742547.0,308230752.0,277921014.0,93941091.0,16625310.0,2800954.0,1610549.0,0.575,500.0,83610568.0,48076077.0,33500.0,41805284.0,OFS
KOSDAQ,403870,HPSP,특수 목적용 기계 제조업,고압 수소 어닐링 장비,12월,2026Q1,2026,1,31940241.0,16135740.0,24861850.0,8779427.0,392677121.0,296863903.0,99804983.0,97834555.0,292872138.0,209008157.0,93940315.0,13013610.0,3366070.0,1935490.0,0.575,500.0,82300000.0,47322500.0,40900.0,41999560.0,OFS
KOSDAQ,425040,티이엠씨,기초 화학물질 제조업,반도체용 특수가스,12월,2022Q4,2022,4,,,,,202963300.0,142631726.0,102149922.0,91092063.0,100813378.0,59100927.0,37170834.0,,,,0.6068,500.0,,,,4411557.0,CFS
KOSDAQ,425040,티이엠씨,기초 화학물질 제조업,반도체용 특수가스,12월,2023Q1,2023,1,84743779.0,12594651.0,10337675.0,9216954.0,250014470.0,193195965.0,89423913.0,78613136.0,160590557.0,69305593.0,118665347.0,52021611.0,430767.0,261389.0,0.6068,500.0,10623114.0,6446106.0,40550.0,5311557.0,CFS
KOSDAQ,425040,티이엠씨,기초 화학물질 제조업,반도체용 특수가스,12월,2023Q2,2023,2,35778052.0,6345927.0,6609350.0,3674344.0,243844640.0,174983330.0,80584869.0,71271154.0,163259771.0,71508942.0,93415596.0,8842041.0,620565.0,418323.0,0.6741,500.0,10626114.0,7163063.0,58400.0,5313057.0,CFS
KOSDAQ,425040,티이엠씨,기초 화학물질 제조업,반도체용 특수가스,12월,2023Q3,2023,3,24184802.0,3685606.0,4575588.0,3170681.0,239400274.0,172139031.0,71281833.0,62199174.0,168118441.0,75906111.0,105884763.0,-1639439.0,417075.0,281150.0,0.6741,500.0,10626114.0,7163063.0,39250.0,5313057.0,CFS
KOSDAQ,425040,티이엠씨,기초 화학물질 제조업,반도체용 특수가스,12월,2023Q4,2023,4,56076339.0,-1506543.0,1254952.0,1804796.0,432474270.0,231807575.0,165917682.0,120591665.0,266556588.0,77551074.0,72027182.0,3727766.0,548307.0,369614.0,0.6741,500.0,10626114.0,7163063.0,51600.0,5313057.0,CFS
KOSDAQ,425040,티이엠씨,기초 화학물질 제조업,반도체용 특수가스,12월,2024Q1,2024,1,108629741.0,8673303.0,9523519.0,9746419.0,407941848.0,205893696.0,136576932.0,91860114.0,271364916.0,80690482.0,65440545.0,-9657518.0,442046.0,297983.0,0.6741,500.0,21252222.0,14326123.0,20800.0,10626111.0,CFS
KOSDAQ,425040,티이엠씨,기초 화학물질 제조업,반도체용 특수가스,12월,2024Q2,2024,2,65451370.0,2931240.0,2055342.0,10717278.0,400171161.0,192925764.0,126900007.0,82403807.0,273271154.0,83935268.0,73026396.0,23232055.0,345251.0,230282.0,0.667,500.0,21298662.0,14206208.0,16210.0,10649331.0,CFS
KOSDAQ,425040,티이엠씨,기초 화학물질 제조업,반도체용 특수가스,12월,2024Q3,2024,3,50387035.0,5871169.0,1492608.0,8009760.0,417131976.0,204426502.0,141712812.0,97802357.0,275419163.0,85352725.0,90181297.0,14666838.0,211882.0,141325.0,0.667,500.0,21316062.0,14217813.0,9940.0,10658031.0,CFS
KOSDAQ,425040,티이엠씨,기초 화학물질 제조업,반도체용 특수가스,12월,2024Q4,2024,4,85766544.0,2225740.0,4001600.0,8129128.0,421782823.0,207220194.0,142093578.0,126089550.0,279689245.0,87241810.0,91568301.0,11699112.0,166905.0,111075.0,0.6655,500.0,21316062.0,14185839.0,7830.0,10658031.0,CFS
KOSDAQ,425040,티이엠씨,기초 화학물질 제조업,반도체용 특수가스,12월,2025Q1,2025,1,63026952.0,6746408.0,4432995.0,9344121.0,433675644.0,220816237.0,152565060.0,137487564.0,281110585.0,88714746.0,82525631.0,-3910074.0,146441.0,97456.0,0.6655,500.0,21316062.0,14185839.0,6870.0,10658031.0,CFS
KOSDAQ,425040,티이엠씨,기초 화학물질 제조업,반도체용 특수가스,12월,2025Q2,2025,2,76331747.0,6898540.0,1757634.0,7956254.0,439685943.0,222593246.0,156750295.0,142199594.0,282935648.0,90570047.0,105244964.0,14917294.0,154636.0,102833.0,0.665,500.0,21329082.0,14183840.0,7250.0,10664541.0,CFS
KOSDAQ,425040,티이엠씨,기초 화학물질 제조업,반도체용 특수가스,12월,2025Q3,2025,3,57961730.0,4989508.0,4377792.0,8252620.0,450938924.0,232795461.0,166602906.0,157169159.0,284336018.0,94387026.0,112966569.0,22318804.0,197507.0,131342.0,0.665,500.0,21329082.0,14183840.0,9260.0,10664541.0,CFS
KOSDAQ,425040,티이엠씨,기초 화학물질 제조업,반도체용 특수가스,12월,2025Q4,2025,4,82387981.0,6203181.0,7131540.0,8490049.0,421830890.0,195322311.0,131131710.0,122203880.0,290699180.0,101080604.0,60317743.0,-11741827.0,163167.0,106483.0,0.6526,500.0,21329082.0,13919359.0,7650.0,10664541.0,CFS
KOSDAQ,425040,티이엠씨,기초 화학물질 제조업,반도체용 특수가스,12월,2026Q1,2026,1,49514289.0,141706.0,2101990.0,8312745.0,443797878.0,216495640.0,153915819.0,144637819.0,289882059.0,100359697.0,62430393.0,9300093.0,281544.0,183736.0,0.6526,500.0,21329082.0,13919359.0,13200.0,10664541.0,CFS
